<?xml version="1.0" encoding="UTF-8"?>
<gpx xmlns="http://www.topografix.com/GPX/1/1" xmlns:xsi="http://www.w3.org/2001/XMLSchema-instance" xsi:schemaLocation="http://www.topografix.com/GPX/1/1 http://www.topografix.com/GPX/1/1/gpx.xsd" version="1.1" creator="Avenza Maps - https://www.avenzamaps.com/maps/how-it-works.html">
  <trk>
    <name>121.2 Jalan Muara Kibul - Ngaol</name>
    <desc>Description:</desc>
    <trkseg>
      <trkpt lat="-1.92917321666667" lon="102.006901066667">
        <ele>150.086</ele>
        <time>2024-08-05T13:22:38+07:00</time>
      </trkpt>
      <trkpt lat="-1.92917595" lon="102.006868483333">
        <ele>149.964</ele>
        <time>2024-08-05T13:22:40+07:00</time>
      </trkpt>
      <trkpt lat="-1.92919158333333" lon="102.0067723">
        <ele>153.384</ele>
        <time>2024-08-05T13:22:42+07:00</time>
      </trkpt>
      <trkpt lat="-1.92921833333333" lon="102.006638633333">
        <ele>154.822</ele>
        <time>2024-08-05T13:22:44+07:00</time>
      </trkpt>
      <trkpt lat="-1.92924285" lon="102.0064801">
        <ele>155.33</ele>
        <time>2024-08-05T13:22:46+07:00</time>
      </trkpt>
      <trkpt lat="-1.92928091666667" lon="102.006338833333">
        <ele>155.401</ele>
        <time>2024-08-05T13:22:48+07:00</time>
      </trkpt>
      <trkpt lat="-1.92931868333333" lon="102.0062393">
        <ele>156.343</ele>
        <time>2024-08-05T13:22:50+07:00</time>
      </trkpt>
      <trkpt lat="-1.92941823333333" lon="102.00617035">
        <ele>159.569</ele>
        <time>2024-08-05T13:22:52+07:00</time>
      </trkpt>
      <trkpt lat="-1.92950551666667" lon="102.00609695">
        <ele>160.438</ele>
        <time>2024-08-05T13:22:54+07:00</time>
      </trkpt>
      <trkpt lat="-1.92955221666667" lon="102.005975483333">
        <ele>161.195</ele>
        <time>2024-08-05T13:22:56+07:00</time>
      </trkpt>
      <trkpt lat="-1.92956533333333" lon="102.005853666667">
        <ele>160.574</ele>
        <time>2024-08-05T13:22:58+07:00</time>
      </trkpt>
      <trkpt lat="-1.9295704" lon="102.005736116667">
        <ele>159.64</ele>
        <time>2024-08-05T13:23:00+07:00</time>
      </trkpt>
      <trkpt lat="-1.9295763" lon="102.00558925">
        <ele>158.457</ele>
        <time>2024-08-05T13:23:02+07:00</time>
      </trkpt>
      <trkpt lat="-1.92956898333333" lon="102.00544965">
        <ele>156.552</ele>
        <time>2024-08-05T13:23:04+07:00</time>
      </trkpt>
      <trkpt lat="-1.92958936666667" lon="102.0053117">
        <ele>154.015</ele>
        <time>2024-08-05T13:23:06+07:00</time>
      </trkpt>
      <trkpt lat="-1.92963698333333" lon="102.0051747">
        <ele>153.328</ele>
        <time>2024-08-05T13:23:08+07:00</time>
      </trkpt>
      <trkpt lat="-1.929654" lon="102.005001633333">
        <ele>151.41</ele>
        <time>2024-08-05T13:23:10+07:00</time>
      </trkpt>
      <trkpt lat="-1.92966765" lon="102.004793066667">
        <ele>146.927</ele>
        <time>2024-08-05T13:23:12+07:00</time>
      </trkpt>
      <trkpt lat="-1.92966251666667" lon="102.0046307">
        <ele>150.464</ele>
        <time>2024-08-05T13:23:14+07:00</time>
      </trkpt>
      <trkpt lat="-1.92963316666667" lon="102.004485016667">
        <ele>152.715</ele>
        <time>2024-08-05T13:23:16+07:00</time>
      </trkpt>
      <trkpt lat="-1.92963756666667" lon="102.0043453">
        <ele>151.125</ele>
        <time>2024-08-05T13:23:18+07:00</time>
      </trkpt>
      <trkpt lat="-1.92964928333333" lon="102.004217666667">
        <ele>152.273</ele>
        <time>2024-08-05T13:23:20+07:00</time>
      </trkpt>
      <trkpt lat="-1.92973371666667" lon="102.004130666667">
        <ele>155.155</ele>
        <time>2024-08-05T13:23:22+07:00</time>
      </trkpt>
      <trkpt lat="-1.92986096666667" lon="102.0040609">
        <ele>156.771</ele>
        <time>2024-08-05T13:23:24+07:00</time>
      </trkpt>
      <trkpt lat="-1.92995858333333" lon="102.003960016667">
        <ele>155.568</ele>
        <time>2024-08-05T13:23:26+07:00</time>
      </trkpt>
      <trkpt lat="-1.93003976666667" lon="102.003838866667">
        <ele>156.283</ele>
        <time>2024-08-05T13:23:28+07:00</time>
      </trkpt>
      <trkpt lat="-1.93004106666667" lon="102.00371635">
        <ele>155.677</ele>
        <time>2024-08-05T13:23:30+07:00</time>
      </trkpt>
      <trkpt lat="-1.93002515" lon="102.003570366667">
        <ele>153.574</ele>
        <time>2024-08-05T13:23:32+07:00</time>
      </trkpt>
      <trkpt lat="-1.93000578333333" lon="102.003393166667">
        <ele>154.727</ele>
        <time>2024-08-05T13:23:34+07:00</time>
      </trkpt>
      <trkpt lat="-1.92997091666667" lon="102.003273416667">
        <ele>157.015</ele>
        <time>2024-08-05T13:23:36+07:00</time>
      </trkpt>
      <trkpt lat="-1.9299225" lon="102.00315525">
        <ele>158.139</ele>
        <time>2024-08-05T13:23:38+07:00</time>
      </trkpt>
      <trkpt lat="-1.92986351666667" lon="102.003067633333">
        <ele>156.45</ele>
        <time>2024-08-05T13:23:40+07:00</time>
      </trkpt>
      <trkpt lat="-1.92982303333333" lon="102.003006566667">
        <ele>159.439</ele>
        <time>2024-08-05T13:23:42+07:00</time>
      </trkpt>
      <trkpt lat="-1.92974998333333" lon="102.002925566667">
        <ele>162.4</ele>
        <time>2024-08-05T13:23:44+07:00</time>
      </trkpt>
      <trkpt lat="-1.92965088333333" lon="102.0028722">
        <ele>166.625</ele>
        <time>2024-08-05T13:23:46+07:00</time>
      </trkpt>
      <trkpt lat="-1.92954663333333" lon="102.0028422">
        <ele>170.531</ele>
        <time>2024-08-05T13:23:48+07:00</time>
      </trkpt>
      <trkpt lat="-1.92941888333333" lon="102.002825683333">
        <ele>170.862</ele>
        <time>2024-08-05T13:23:50+07:00</time>
      </trkpt>
      <trkpt lat="-1.9293141" lon="102.0027726">
        <ele>170.934</ele>
        <time>2024-08-05T13:23:52+07:00</time>
      </trkpt>
      <trkpt lat="-1.9292366" lon="102.0026699">
        <ele>169.736</ele>
        <time>2024-08-05T13:23:54+07:00</time>
      </trkpt>
      <trkpt lat="-1.92916705" lon="102.002529833333">
        <ele>167.226</ele>
        <time>2024-08-05T13:23:56+07:00</time>
      </trkpt>
      <trkpt lat="-1.92911695" lon="102.002394883333">
        <ele>163.52</ele>
        <time>2024-08-05T13:23:58+07:00</time>
      </trkpt>
      <trkpt lat="-1.9290968" lon="102.002298633333">
        <ele>159.432</ele>
        <time>2024-08-05T13:24:00+07:00</time>
      </trkpt>
      <trkpt lat="-1.92905878333333" lon="102.00223705">
        <ele>158.985</ele>
        <time>2024-08-05T13:24:02+07:00</time>
      </trkpt>
      <trkpt lat="-1.92904205" lon="102.002188883333">
        <ele>164.791</ele>
        <time>2024-08-05T13:24:04+07:00</time>
      </trkpt>
      <trkpt lat="-1.92898373333333" lon="102.002069066667">
        <ele>163.084</ele>
        <time>2024-08-05T13:24:06+07:00</time>
      </trkpt>
      <trkpt lat="-1.92898568333333" lon="102.0019195">
        <ele>160.057</ele>
        <time>2024-08-05T13:24:08+07:00</time>
      </trkpt>
      <trkpt lat="-1.92904085" lon="102.0017606">
        <ele>162.298</ele>
        <time>2024-08-05T13:24:10+07:00</time>
      </trkpt>
      <trkpt lat="-1.9290941" lon="102.001590083333">
        <ele>163.997</ele>
        <time>2024-08-05T13:24:12+07:00</time>
      </trkpt>
      <trkpt lat="-1.92911958333333" lon="102.001435116667">
        <ele>164.021</ele>
        <time>2024-08-05T13:24:14+07:00</time>
      </trkpt>
      <trkpt lat="-1.9291504" lon="102.001299">
        <ele>165.713</ele>
        <time>2024-08-05T13:24:16+07:00</time>
      </trkpt>
      <trkpt lat="-1.92915255" lon="102.001215183333">
        <ele>169.36</ele>
        <time>2024-08-05T13:24:18+07:00</time>
      </trkpt>
      <trkpt lat="-1.9290998" lon="102.001123416667">
        <ele>172.176</ele>
        <time>2024-08-05T13:24:20+07:00</time>
      </trkpt>
      <trkpt lat="-1.92899746666667" lon="102.001040283333">
        <ele>172.907</ele>
        <time>2024-08-05T13:24:22+07:00</time>
      </trkpt>
      <trkpt lat="-1.92889548333333" lon="102.000969116667">
        <ele>175.219</ele>
        <time>2024-08-05T13:24:24+07:00</time>
      </trkpt>
      <trkpt lat="-1.92880958333333" lon="102.000865633333">
        <ele>174.881</ele>
        <time>2024-08-05T13:24:26+07:00</time>
      </trkpt>
      <trkpt lat="-1.92872883333333" lon="102.0007242">
        <ele>175.293</ele>
        <time>2024-08-05T13:24:28+07:00</time>
      </trkpt>
      <trkpt lat="-1.92866475" lon="102.0005461">
        <ele>176.036</ele>
        <time>2024-08-05T13:24:30+07:00</time>
      </trkpt>
      <trkpt lat="-1.9286043" lon="102.0003789">
        <ele>176.868</ele>
        <time>2024-08-05T13:24:32+07:00</time>
      </trkpt>
      <trkpt lat="-1.92855943333333" lon="102.000223816667">
        <ele>178.775</ele>
        <time>2024-08-05T13:24:34+07:00</time>
      </trkpt>
      <trkpt lat="-1.92853835" lon="102.000096166667">
        <ele>179.362</ele>
        <time>2024-08-05T13:24:36+07:00</time>
      </trkpt>
      <trkpt lat="-1.92855146666667" lon="101.999985783333">
        <ele>180.701</ele>
        <time>2024-08-05T13:24:38+07:00</time>
      </trkpt>
      <trkpt lat="-1.92855016666667" lon="101.999881483333">
        <ele>179.299</ele>
        <time>2024-08-05T13:24:40+07:00</time>
      </trkpt>
      <trkpt lat="-1.92853786666667" lon="101.999748733333">
        <ele>178.23</ele>
        <time>2024-08-05T13:24:42+07:00</time>
      </trkpt>
      <trkpt lat="-1.92849655" lon="101.999607216667">
        <ele>177.453</ele>
        <time>2024-08-05T13:24:44+07:00</time>
      </trkpt>
      <trkpt lat="-1.92844885" lon="101.999467833333">
        <ele>177.805</ele>
        <time>2024-08-05T13:24:46+07:00</time>
      </trkpt>
      <trkpt lat="-1.92842575" lon="101.999319333333">
        <ele>179.615</ele>
        <time>2024-08-05T13:24:48+07:00</time>
      </trkpt>
      <trkpt lat="-1.92844126666667" lon="101.99918235">
        <ele>181.33</ele>
        <time>2024-08-05T13:24:50+07:00</time>
      </trkpt>
      <trkpt lat="-1.92850095" lon="101.999069583333">
        <ele>176.673</ele>
        <time>2024-08-05T13:24:52+07:00</time>
      </trkpt>
      <trkpt lat="-1.92856376666667" lon="101.998956233333">
        <ele>170.523</ele>
        <time>2024-08-05T13:24:54+07:00</time>
      </trkpt>
      <trkpt lat="-1.92864306666667" lon="101.998863533333">
        <ele>170.487</ele>
        <time>2024-08-05T13:24:56+07:00</time>
      </trkpt>
      <trkpt lat="-1.92869631666667" lon="101.998767733333">
        <ele>170.77</ele>
        <time>2024-08-05T13:24:58+07:00</time>
      </trkpt>
      <trkpt lat="-1.928715" lon="101.998652516667">
        <ele>169.969</ele>
        <time>2024-08-05T13:25:00+07:00</time>
      </trkpt>
      <trkpt lat="-1.92873778333333" lon="101.998530666667">
        <ele>168.52</ele>
        <time>2024-08-05T13:25:02+07:00</time>
      </trkpt>
      <trkpt lat="-1.92877671666667" lon="101.998400183333">
        <ele>169.459</ele>
        <time>2024-08-05T13:25:04+07:00</time>
      </trkpt>
      <trkpt lat="-1.9288157" lon="101.998227583333">
        <ele>170.229</ele>
        <time>2024-08-05T13:25:06+07:00</time>
      </trkpt>
      <trkpt lat="-1.92886838333333" lon="101.998040716667">
        <ele>170.374</ele>
        <time>2024-08-05T13:25:08+07:00</time>
      </trkpt>
      <trkpt lat="-1.92891721666667" lon="101.997824916667">
        <ele>170.682</ele>
        <time>2024-08-05T13:25:10+07:00</time>
      </trkpt>
      <trkpt lat="-1.92895875" lon="101.997593266667">
        <ele>170.401</ele>
        <time>2024-08-05T13:25:12+07:00</time>
      </trkpt>
      <trkpt lat="-1.92898541666667" lon="101.997387283333">
        <ele>168.066</ele>
        <time>2024-08-05T13:25:14+07:00</time>
      </trkpt>
      <trkpt lat="-1.92901475" lon="101.997230966667">
        <ele>166.263</ele>
        <time>2024-08-05T13:25:16+07:00</time>
      </trkpt>
      <trkpt lat="-1.92902791666667" lon="101.997139133333">
        <ele>163.522</ele>
        <time>2024-08-05T13:25:18+07:00</time>
      </trkpt>
      <trkpt lat="-1.92903403333333" lon="101.997087883333">
        <ele>163.432</ele>
        <time>2024-08-05T13:25:20+07:00</time>
      </trkpt>
      <trkpt lat="-1.92903333333333" lon="101.997035066667">
        <ele>163.787</ele>
        <time>2024-08-05T13:25:22+07:00</time>
      </trkpt>
      <trkpt lat="-1.92904468333333" lon="101.99695675">
        <ele>163.957</ele>
        <time>2024-08-05T13:25:24+07:00</time>
      </trkpt>
      <trkpt lat="-1.92907958333333" lon="101.99686415">
        <ele>162.825</ele>
        <time>2024-08-05T13:25:26+07:00</time>
      </trkpt>
      <trkpt lat="-1.92911368333333" lon="101.9967583">
        <ele>161.338</ele>
        <time>2024-08-05T13:25:28+07:00</time>
      </trkpt>
      <trkpt lat="-1.92908296666667" lon="101.996633616667">
        <ele>153.226</ele>
        <time>2024-08-05T13:25:30+07:00</time>
      </trkpt>
      <trkpt lat="-1.92901858333333" lon="101.99649215">
        <ele>150.966</ele>
        <time>2024-08-05T13:25:32+07:00</time>
      </trkpt>
      <trkpt lat="-1.92896575" lon="101.996334616667">
        <ele>148.63</ele>
        <time>2024-08-05T13:25:34+07:00</time>
      </trkpt>
      <trkpt lat="-1.92891956666667" lon="101.99615945">
        <ele>147.042</ele>
        <time>2024-08-05T13:25:36+07:00</time>
      </trkpt>
      <trkpt lat="-1.92887755" lon="101.996011083333">
        <ele>148.776</ele>
        <time>2024-08-05T13:25:38+07:00</time>
      </trkpt>
      <trkpt lat="-1.92883156666667" lon="101.995881683333">
        <ele>152.077</ele>
        <time>2024-08-05T13:25:40+07:00</time>
      </trkpt>
      <trkpt lat="-1.92879871666667" lon="101.995759866667">
        <ele>153.288</ele>
        <time>2024-08-05T13:25:42+07:00</time>
      </trkpt>
      <trkpt lat="-1.92878428333333" lon="101.995622333333">
        <ele>154.776</ele>
        <time>2024-08-05T13:25:44+07:00</time>
      </trkpt>
      <trkpt lat="-1.92874353333333" lon="101.995481333333">
        <ele>154.377</ele>
        <time>2024-08-05T13:25:46+07:00</time>
      </trkpt>
      <trkpt lat="-1.92869366666667" lon="101.99532495">
        <ele>153.442</ele>
        <time>2024-08-05T13:25:48+07:00</time>
      </trkpt>
      <trkpt lat="-1.92866715" lon="101.9951609">
        <ele>153.585</ele>
        <time>2024-08-05T13:25:50+07:00</time>
      </trkpt>
      <trkpt lat="-1.92861976666667" lon="101.994994166667">
        <ele>149.716</ele>
        <time>2024-08-05T13:25:52+07:00</time>
      </trkpt>
      <trkpt lat="-1.9285752" lon="101.9948402">
        <ele>152.337</ele>
        <time>2024-08-05T13:25:54+07:00</time>
      </trkpt>
      <trkpt lat="-1.92853815" lon="101.994670466667">
        <ele>156.86</ele>
        <time>2024-08-05T13:25:56+07:00</time>
      </trkpt>
      <trkpt lat="-1.92848886666667" lon="101.994512933333">
        <ele>157.86</ele>
        <time>2024-08-05T13:25:58+07:00</time>
      </trkpt>
      <trkpt lat="-1.92843546666667" lon="101.9943604">
        <ele>155.069</ele>
        <time>2024-08-05T13:26:00+07:00</time>
      </trkpt>
      <trkpt lat="-1.92835916666667" lon="101.994195783333">
        <ele>157.69</ele>
        <time>2024-08-05T13:26:02+07:00</time>
      </trkpt>
      <trkpt lat="-1.9282771" lon="101.994048166667">
        <ele>158.858</ele>
        <time>2024-08-05T13:26:04+07:00</time>
      </trkpt>
      <trkpt lat="-1.92819041666667" lon="101.993889233333">
        <ele>158.217</ele>
        <time>2024-08-05T13:26:06+07:00</time>
      </trkpt>
      <trkpt lat="-1.92811421666667" lon="101.99374255">
        <ele>157.145</ele>
        <time>2024-08-05T13:26:08+07:00</time>
      </trkpt>
      <trkpt lat="-1.92808201666667" lon="101.99362565">
        <ele>159.726</ele>
        <time>2024-08-05T13:26:10+07:00</time>
      </trkpt>
      <trkpt lat="-1.92804443333333" lon="101.993499133333">
        <ele>161.234</ele>
        <time>2024-08-05T13:26:12+07:00</time>
      </trkpt>
      <trkpt lat="-1.928038" lon="101.993358483333">
        <ele>161.709</ele>
        <time>2024-08-05T13:26:14+07:00</time>
      </trkpt>
      <trkpt lat="-1.92807726666667" lon="101.99319105">
        <ele>163.233</ele>
        <time>2024-08-05T13:26:16+07:00</time>
      </trkpt>
      <trkpt lat="-1.92811188333333" lon="101.993020016667">
        <ele>164.707</ele>
        <time>2024-08-05T13:26:18+07:00</time>
      </trkpt>
      <trkpt lat="-1.92815851666667" lon="101.9928169">
        <ele>166.944</ele>
        <time>2024-08-05T13:26:20+07:00</time>
      </trkpt>
      <trkpt lat="-1.92815125" lon="101.99262">
        <ele>165.464</ele>
        <time>2024-08-05T13:26:22+07:00</time>
      </trkpt>
      <trkpt lat="-1.92810605" lon="101.99242275">
        <ele>164.092</ele>
        <time>2024-08-05T13:26:24+07:00</time>
      </trkpt>
      <trkpt lat="-1.92805381666667" lon="101.99223705">
        <ele>162.948</ele>
        <time>2024-08-05T13:26:26+07:00</time>
      </trkpt>
      <trkpt lat="-1.92800856666667" lon="101.992079066667">
        <ele>161.811</ele>
        <time>2024-08-05T13:26:28+07:00</time>
      </trkpt>
      <trkpt lat="-1.92798896666667" lon="101.9919159">
        <ele>161.663</ele>
        <time>2024-08-05T13:26:30+07:00</time>
      </trkpt>
      <trkpt lat="-1.92798518333333" lon="101.99173765">
        <ele>160.652</ele>
        <time>2024-08-05T13:26:32+07:00</time>
      </trkpt>
      <trkpt lat="-1.92795726666667" lon="101.991569283333">
        <ele>162.8</ele>
        <time>2024-08-05T13:26:34+07:00</time>
      </trkpt>
      <trkpt lat="-1.92793325" lon="101.991382033333">
        <ele>164.922</ele>
        <time>2024-08-05T13:26:36+07:00</time>
      </trkpt>
      <trkpt lat="-1.92794193333333" lon="101.9911999">
        <ele>168.425</ele>
        <time>2024-08-05T13:26:38+07:00</time>
      </trkpt>
      <trkpt lat="-1.92794243333333" lon="101.990990216667">
        <ele>171.976</ele>
        <time>2024-08-05T13:26:40+07:00</time>
      </trkpt>
      <trkpt lat="-1.92794038333333" lon="101.990775233333">
        <ele>172.493</ele>
        <time>2024-08-05T13:26:42+07:00</time>
      </trkpt>
      <trkpt lat="-1.92793375" lon="101.990556183333">
        <ele>171.526</ele>
        <time>2024-08-05T13:26:44+07:00</time>
      </trkpt>
      <trkpt lat="-1.92793345" lon="101.990362016667">
        <ele>172.883</ele>
        <time>2024-08-05T13:26:46+07:00</time>
      </trkpt>
      <trkpt lat="-1.92791013333333" lon="101.99018555">
        <ele>171.556</ele>
        <time>2024-08-05T13:26:48+07:00</time>
      </trkpt>
      <trkpt lat="-1.92789631666667" lon="101.9900098">
        <ele>171.256</ele>
        <time>2024-08-05T13:26:50+07:00</time>
      </trkpt>
      <trkpt lat="-1.92788496666667" lon="101.9898296">
        <ele>170.169</ele>
        <time>2024-08-05T13:26:52+07:00</time>
      </trkpt>
      <trkpt lat="-1.92785826666667" lon="101.989658983333">
        <ele>168.355</ele>
        <time>2024-08-05T13:26:54+07:00</time>
      </trkpt>
      <trkpt lat="-1.92782085" lon="101.989487866667">
        <ele>166.293</ele>
        <time>2024-08-05T13:26:56+07:00</time>
      </trkpt>
      <trkpt lat="-1.9277962" lon="101.989314266667">
        <ele>166.469</ele>
        <time>2024-08-05T13:26:58+07:00</time>
      </trkpt>
      <trkpt lat="-1.9277461" lon="101.989143">
        <ele>165.519</ele>
        <time>2024-08-05T13:27:00+07:00</time>
      </trkpt>
      <trkpt lat="-1.92770816666667" lon="101.98897495">
        <ele>165.65</ele>
        <time>2024-08-05T13:27:02+07:00</time>
      </trkpt>
      <trkpt lat="-1.9276645" lon="101.988825816667">
        <ele>168.16</ele>
        <time>2024-08-05T13:27:04+07:00</time>
      </trkpt>
      <trkpt lat="-1.92761086666667" lon="101.988713666667">
        <ele>167.072</ele>
        <time>2024-08-05T13:27:06+07:00</time>
      </trkpt>
      <trkpt lat="-1.92757023333333" lon="101.98860145">
        <ele>167.115</ele>
        <time>2024-08-05T13:27:08+07:00</time>
      </trkpt>
      <trkpt lat="-1.92752741666667" lon="101.988478583333">
        <ele>168.228</ele>
        <time>2024-08-05T13:27:10+07:00</time>
      </trkpt>
      <trkpt lat="-1.9274953" lon="101.988344816667">
        <ele>167.584</ele>
        <time>2024-08-05T13:27:12+07:00</time>
      </trkpt>
      <trkpt lat="-1.92747871666667" lon="101.988205233333">
        <ele>165.472</ele>
        <time>2024-08-05T13:27:14+07:00</time>
      </trkpt>
      <trkpt lat="-1.92747811666667" lon="101.9880464">
        <ele>163.398</ele>
        <time>2024-08-05T13:27:16+07:00</time>
      </trkpt>
      <trkpt lat="-1.92749476666667" lon="101.987878116667">
        <ele>164.82</ele>
        <time>2024-08-05T13:27:18+07:00</time>
      </trkpt>
      <trkpt lat="-1.92749411666667" lon="101.987702383333">
        <ele>166.483</ele>
        <time>2024-08-05T13:27:20+07:00</time>
      </trkpt>
      <trkpt lat="-1.92746716666667" lon="101.9875384">
        <ele>166.809</ele>
        <time>2024-08-05T13:27:22+07:00</time>
      </trkpt>
      <trkpt lat="-1.92744995" lon="101.987361333333">
        <ele>169.453</ele>
        <time>2024-08-05T13:27:24+07:00</time>
      </trkpt>
      <trkpt lat="-1.92743245" lon="101.987168416667">
        <ele>171.942</ele>
        <time>2024-08-05T13:27:26+07:00</time>
      </trkpt>
      <trkpt lat="-1.92742583333333" lon="101.986978766667">
        <ele>174.532</ele>
        <time>2024-08-05T13:27:28+07:00</time>
      </trkpt>
      <trkpt lat="-1.92739353333333" lon="101.9868196">
        <ele>177.146</ele>
        <time>2024-08-05T13:27:30+07:00</time>
      </trkpt>
      <trkpt lat="-1.92734415" lon="101.9866577">
        <ele>179.517</ele>
        <time>2024-08-05T13:27:32+07:00</time>
      </trkpt>
      <trkpt lat="-1.92728276666667" lon="101.986508866667">
        <ele>179.097</ele>
        <time>2024-08-05T13:27:34+07:00</time>
      </trkpt>
      <trkpt lat="-1.92725178333333" lon="101.9863877">
        <ele>180.861</ele>
        <time>2024-08-05T13:27:36+07:00</time>
      </trkpt>
      <trkpt lat="-1.92724973333333" lon="101.986280733333">
        <ele>184.58</ele>
        <time>2024-08-05T13:27:38+07:00</time>
      </trkpt>
      <trkpt lat="-1.9272282" lon="101.9861743">
        <ele>184.515</ele>
        <time>2024-08-05T13:27:40+07:00</time>
      </trkpt>
      <trkpt lat="-1.92719911666667" lon="101.9860594">
        <ele>183.545</ele>
        <time>2024-08-05T13:27:42+07:00</time>
      </trkpt>
      <trkpt lat="-1.92716038333333" lon="101.985934983333">
        <ele>186.079</ele>
        <time>2024-08-05T13:27:44+07:00</time>
      </trkpt>
      <trkpt lat="-1.92708798333333" lon="101.985772033333">
        <ele>185.302</ele>
        <time>2024-08-05T13:27:46+07:00</time>
      </trkpt>
      <trkpt lat="-1.9270127" lon="101.985600033333">
        <ele>185.437</ele>
        <time>2024-08-05T13:27:48+07:00</time>
      </trkpt>
      <trkpt lat="-1.92695215" lon="101.985445966667">
        <ele>184.1</ele>
        <time>2024-08-05T13:27:50+07:00</time>
      </trkpt>
      <trkpt lat="-1.92691231666667" lon="101.985306633333">
        <ele>187.662</ele>
        <time>2024-08-05T13:27:52+07:00</time>
      </trkpt>
      <trkpt lat="-1.92684236666667" lon="101.9851926">
        <ele>190.572</ele>
        <time>2024-08-05T13:27:54+07:00</time>
      </trkpt>
      <trkpt lat="-1.92674663333333" lon="101.98510235">
        <ele>191.612</ele>
        <time>2024-08-05T13:27:56+07:00</time>
      </trkpt>
      <trkpt lat="-1.9266609" lon="101.98498615">
        <ele>192.472</ele>
        <time>2024-08-05T13:27:58+07:00</time>
      </trkpt>
      <trkpt lat="-1.92658826666667" lon="101.984831816667">
        <ele>189.551</ele>
        <time>2024-08-05T13:28:00+07:00</time>
      </trkpt>
      <trkpt lat="-1.92653158333333" lon="101.984693533333">
        <ele>187.429</ele>
        <time>2024-08-05T13:28:02+07:00</time>
      </trkpt>
      <trkpt lat="-1.92648195" lon="101.984565633333">
        <ele>182.627</ele>
        <time>2024-08-05T13:28:04+07:00</time>
      </trkpt>
      <trkpt lat="-1.92642621666667" lon="101.984454316667">
        <ele>176.454</ele>
        <time>2024-08-05T13:28:06+07:00</time>
      </trkpt>
      <trkpt lat="-1.9263852" lon="101.9843512">
        <ele>174.018</ele>
        <time>2024-08-05T13:28:08+07:00</time>
      </trkpt>
      <trkpt lat="-1.9263805" lon="101.984231416667">
        <ele>174.116</ele>
        <time>2024-08-05T13:28:10+07:00</time>
      </trkpt>
      <trkpt lat="-1.92638788333333" lon="101.984076483333">
        <ele>173.118</ele>
        <time>2024-08-05T13:28:12+07:00</time>
      </trkpt>
      <trkpt lat="-1.92642393333333" lon="101.9839442">
        <ele>176.97</ele>
        <time>2024-08-05T13:28:14+07:00</time>
      </trkpt>
      <trkpt lat="-1.92645531666667" lon="101.983805666667">
        <ele>181.334</ele>
        <time>2024-08-05T13:28:16+07:00</time>
      </trkpt>
      <trkpt lat="-1.9264847" lon="101.983678633333">
        <ele>187.261</ele>
        <time>2024-08-05T13:28:18+07:00</time>
      </trkpt>
      <trkpt lat="-1.92648955" lon="101.98354375">
        <ele>190.924</ele>
        <time>2024-08-05T13:28:20+07:00</time>
      </trkpt>
      <trkpt lat="-1.9265009" lon="101.983386416667">
        <ele>193.32</ele>
        <time>2024-08-05T13:28:22+07:00</time>
      </trkpt>
      <trkpt lat="-1.92650283333333" lon="101.983232433333">
        <ele>195.996</ele>
        <time>2024-08-05T13:28:24+07:00</time>
      </trkpt>
      <trkpt lat="-1.9264952" lon="101.983111566667">
        <ele>200.82</ele>
        <time>2024-08-05T13:28:26+07:00</time>
      </trkpt>
      <trkpt lat="-1.9265422" lon="101.983003533333">
        <ele>204.078</ele>
        <time>2024-08-05T13:28:28+07:00</time>
      </trkpt>
      <trkpt lat="-1.92660335" lon="101.982873383333">
        <ele>208.238</ele>
        <time>2024-08-05T13:28:30+07:00</time>
      </trkpt>
      <trkpt lat="-1.92664478333333" lon="101.982757">
        <ele>209.152</ele>
        <time>2024-08-05T13:28:32+07:00</time>
      </trkpt>
      <trkpt lat="-1.92668036666667" lon="101.982624066667">
        <ele>209.718</ele>
        <time>2024-08-05T13:28:34+07:00</time>
      </trkpt>
      <trkpt lat="-1.92674208333333" lon="101.982479783333">
        <ele>213.712</ele>
        <time>2024-08-05T13:28:36+07:00</time>
      </trkpt>
      <trkpt lat="-1.92682433333333" lon="101.982367016667">
        <ele>211.9</ele>
        <time>2024-08-05T13:28:38+07:00</time>
      </trkpt>
      <trkpt lat="-1.92692505" lon="101.982256583333">
        <ele>212.235</ele>
        <time>2024-08-05T13:28:40+07:00</time>
      </trkpt>
      <trkpt lat="-1.92702246666667" lon="101.982162966667">
        <ele>214.293</ele>
        <time>2024-08-05T13:28:42+07:00</time>
      </trkpt>
      <trkpt lat="-1.92708525" lon="101.982091433333">
        <ele>212.726</ele>
        <time>2024-08-05T13:28:44+07:00</time>
      </trkpt>
      <trkpt lat="-1.92712518333333" lon="101.982017016667">
        <ele>208.828</ele>
        <time>2024-08-05T13:28:46+07:00</time>
      </trkpt>
      <trkpt lat="-1.92718615" lon="101.981954416667">
        <ele>206.168</ele>
        <time>2024-08-05T13:28:48+07:00</time>
      </trkpt>
      <trkpt lat="-1.92725951666667" lon="101.981900466667">
        <ele>203.709</ele>
        <time>2024-08-05T13:28:50+07:00</time>
      </trkpt>
      <trkpt lat="-1.92734326666667" lon="101.981817266667">
        <ele>202.665</ele>
        <time>2024-08-05T13:28:52+07:00</time>
      </trkpt>
      <trkpt lat="-1.92740953333333" lon="101.981702483333">
        <ele>200.352</ele>
        <time>2024-08-05T13:28:54+07:00</time>
      </trkpt>
      <trkpt lat="-1.927466" lon="101.981556716667">
        <ele>196.867</ele>
        <time>2024-08-05T13:28:56+07:00</time>
      </trkpt>
      <trkpt lat="-1.92752461666667" lon="101.98144625">
        <ele>195.226</ele>
        <time>2024-08-05T13:28:58+07:00</time>
      </trkpt>
      <trkpt lat="-1.92757931666667" lon="101.98137405">
        <ele>193.812</ele>
        <time>2024-08-05T13:29:00+07:00</time>
      </trkpt>
      <trkpt lat="-1.9276388" lon="101.98131215">
        <ele>190.976</ele>
        <time>2024-08-05T13:29:02+07:00</time>
      </trkpt>
      <trkpt lat="-1.9276998" lon="101.9812002">
        <ele>189.194</ele>
        <time>2024-08-05T13:29:04+07:00</time>
      </trkpt>
      <trkpt lat="-1.92773821666667" lon="101.9810784">
        <ele>188.486</ele>
        <time>2024-08-05T13:29:06+07:00</time>
      </trkpt>
      <trkpt lat="-1.92775805" lon="101.98098745">
        <ele>189.435</ele>
        <time>2024-08-05T13:29:08+07:00</time>
      </trkpt>
      <trkpt lat="-1.92775833333333" lon="101.980879566667">
        <ele>189.385</ele>
        <time>2024-08-05T13:29:10+07:00</time>
      </trkpt>
      <trkpt lat="-1.9277516" lon="101.980763683333">
        <ele>188.609</ele>
        <time>2024-08-05T13:29:12+07:00</time>
      </trkpt>
      <trkpt lat="-1.9277571" lon="101.98064275">
        <ele>190.716</ele>
        <time>2024-08-05T13:29:14+07:00</time>
      </trkpt>
      <trkpt lat="-1.9277478" lon="101.9805086">
        <ele>192.416</ele>
        <time>2024-08-05T13:29:16+07:00</time>
      </trkpt>
      <trkpt lat="-1.92769503333333" lon="101.980380433333">
        <ele>192.146</ele>
        <time>2024-08-05T13:29:18+07:00</time>
      </trkpt>
      <trkpt lat="-1.9276371" lon="101.980275516667">
        <ele>191.545</ele>
        <time>2024-08-05T13:29:20+07:00</time>
      </trkpt>
      <trkpt lat="-1.92758168333333" lon="101.9801616">
        <ele>190.197</ele>
        <time>2024-08-05T13:29:22+07:00</time>
      </trkpt>
      <trkpt lat="-1.92754403333333" lon="101.9800284">
        <ele>192.779</ele>
        <time>2024-08-05T13:29:24+07:00</time>
      </trkpt>
      <trkpt lat="-1.9275003" lon="101.979881366667">
        <ele>196.286</ele>
        <time>2024-08-05T13:29:26+07:00</time>
      </trkpt>
      <trkpt lat="-1.92744485" lon="101.979740716667">
        <ele>194.73</ele>
        <time>2024-08-05T13:29:28+07:00</time>
      </trkpt>
      <trkpt lat="-1.9274119" lon="101.979613083333">
        <ele>197.932</ele>
        <time>2024-08-05T13:29:30+07:00</time>
      </trkpt>
      <trkpt lat="-1.92737791666667" lon="101.97949145">
        <ele>198.505</ele>
        <time>2024-08-05T13:29:32+07:00</time>
      </trkpt>
      <trkpt lat="-1.92734821666667" lon="101.9793657">
        <ele>197.729</ele>
        <time>2024-08-05T13:29:34+07:00</time>
      </trkpt>
      <trkpt lat="-1.9273687" lon="101.9792519">
        <ele>199.089</ele>
        <time>2024-08-05T13:29:36+07:00</time>
      </trkpt>
      <trkpt lat="-1.92744978333333" lon="101.979169383333">
        <ele>200.673</ele>
        <time>2024-08-05T13:29:38+07:00</time>
      </trkpt>
      <trkpt lat="-1.92752513333333" lon="101.979066683333">
        <ele>202.731</ele>
        <time>2024-08-05T13:29:40+07:00</time>
      </trkpt>
      <trkpt lat="-1.92757676666667" lon="101.97894095">
        <ele>204.413</ele>
        <time>2024-08-05T13:29:42+07:00</time>
      </trkpt>
      <trkpt lat="-1.92758856666667" lon="101.97878975">
        <ele>202.542</ele>
        <time>2024-08-05T13:29:44+07:00</time>
      </trkpt>
      <trkpt lat="-1.92758068333333" lon="101.978647316667">
        <ele>198.408</ele>
        <time>2024-08-05T13:29:46+07:00</time>
      </trkpt>
      <trkpt lat="-1.92760431666667" lon="101.978519266667">
        <ele>199.651</ele>
        <time>2024-08-05T13:29:48+07:00</time>
      </trkpt>
      <trkpt lat="-1.92763" lon="101.978422416667">
        <ele>199.545</ele>
        <time>2024-08-05T13:29:50+07:00</time>
      </trkpt>
      <trkpt lat="-1.92763885" lon="101.978330583333">
        <ele>198.366</ele>
        <time>2024-08-05T13:29:52+07:00</time>
      </trkpt>
      <trkpt lat="-1.9276609" lon="101.978215066667">
        <ele>195.901</ele>
        <time>2024-08-05T13:29:54+07:00</time>
      </trkpt>
      <trkpt lat="-1.92766375" lon="101.978079383333">
        <ele>191.144</ele>
        <time>2024-08-05T13:29:56+07:00</time>
      </trkpt>
      <trkpt lat="-1.9276633" lon="101.97792185">
        <ele>189.111</ele>
        <time>2024-08-05T13:29:58+07:00</time>
      </trkpt>
      <trkpt lat="-1.92766546666667" lon="101.977766666667">
        <ele>189.258</ele>
        <time>2024-08-05T13:30:00+07:00</time>
      </trkpt>
      <trkpt lat="-1.92765813333333" lon="101.977605466667">
        <ele>190.496</ele>
        <time>2024-08-05T13:30:02+07:00</time>
      </trkpt>
      <trkpt lat="-1.92765773333333" lon="101.977454683333">
        <ele>194.582</ele>
        <time>2024-08-05T13:30:04+07:00</time>
      </trkpt>
      <trkpt lat="-1.92763873333333" lon="101.977321633333">
        <ele>198.679</ele>
        <time>2024-08-05T13:30:06+07:00</time>
      </trkpt>
      <trkpt lat="-1.9276023" lon="101.977230983333">
        <ele>199.469</ele>
        <time>2024-08-05T13:30:08+07:00</time>
      </trkpt>
      <trkpt lat="-1.92760388333333" lon="101.977166716667">
        <ele>201.837</ele>
        <time>2024-08-05T13:30:10+07:00</time>
      </trkpt>
      <trkpt lat="-1.92759475" lon="101.977104933333">
        <ele>200.591</ele>
        <time>2024-08-05T13:30:12+07:00</time>
      </trkpt>
      <trkpt lat="-1.92759021666667" lon="101.97704625">
        <ele>200.139</ele>
        <time>2024-08-05T13:30:14+07:00</time>
      </trkpt>
      <trkpt lat="-1.92756571666667" lon="101.976970766667">
        <ele>198.103</ele>
        <time>2024-08-05T13:30:16+07:00</time>
      </trkpt>
      <trkpt lat="-1.92755593333333" lon="101.9768918">
        <ele>198.528</ele>
        <time>2024-08-05T13:30:18+07:00</time>
      </trkpt>
      <trkpt lat="-1.92755991666667" lon="101.97682065">
        <ele>202.775</ele>
        <time>2024-08-05T13:30:20+07:00</time>
      </trkpt>
      <trkpt lat="-1.9275428" lon="101.976722583333">
        <ele>205.312</ele>
        <time>2024-08-05T13:30:22+07:00</time>
      </trkpt>
      <trkpt lat="-1.92752118333333" lon="101.976623366667">
        <ele>206.594</ele>
        <time>2024-08-05T13:30:24+07:00</time>
      </trkpt>
      <trkpt lat="-1.92751523333333" lon="101.976532666667">
        <ele>208.801</ele>
        <time>2024-08-05T13:30:26+07:00</time>
      </trkpt>
      <trkpt lat="-1.92750493333333" lon="101.9764312">
        <ele>211.486</ele>
        <time>2024-08-05T13:30:28+07:00</time>
      </trkpt>
      <trkpt lat="-1.92746805" lon="101.976335783333">
        <ele>213.379</ele>
        <time>2024-08-05T13:30:30+07:00</time>
      </trkpt>
      <trkpt lat="-1.92742431666667" lon="101.976235916667">
        <ele>216.468</ele>
        <time>2024-08-05T13:30:32+07:00</time>
      </trkpt>
      <trkpt lat="-1.92738345" lon="101.9761151">
        <ele>219.155</ele>
        <time>2024-08-05T13:30:34+07:00</time>
      </trkpt>
      <trkpt lat="-1.92733131666667" lon="101.975969816667">
        <ele>219.882</ele>
        <time>2024-08-05T13:30:36+07:00</time>
      </trkpt>
      <trkpt lat="-1.92729451666667" lon="101.9758425">
        <ele>220.061</ele>
        <time>2024-08-05T13:30:38+07:00</time>
      </trkpt>
      <trkpt lat="-1.92729345" lon="101.975752516667">
        <ele>221.265</ele>
        <time>2024-08-05T13:30:40+07:00</time>
      </trkpt>
      <trkpt lat="-1.92726618333333" lon="101.975678133333">
        <ele>218.903</ele>
        <time>2024-08-05T13:30:42+07:00</time>
      </trkpt>
      <trkpt lat="-1.92724361666667" lon="101.97558795">
        <ele>219.794</ele>
        <time>2024-08-05T13:30:44+07:00</time>
      </trkpt>
      <trkpt lat="-1.92722361666667" lon="101.975487516667">
        <ele>219.204</ele>
        <time>2024-08-05T13:30:46+07:00</time>
      </trkpt>
      <trkpt lat="-1.9272113" lon="101.975412666667">
        <ele>216.529</ele>
        <time>2024-08-05T13:30:48+07:00</time>
      </trkpt>
      <trkpt lat="-1.92719243333333" lon="101.9753276">
        <ele>215.077</ele>
        <time>2024-08-05T13:30:50+07:00</time>
      </trkpt>
      <trkpt lat="-1.92716491666667" lon="101.97521475">
        <ele>213.26</ele>
        <time>2024-08-05T13:30:52+07:00</time>
      </trkpt>
      <trkpt lat="-1.9271215" lon="101.9750837">
        <ele>214.494</ele>
        <time>2024-08-05T13:30:54+07:00</time>
      </trkpt>
      <trkpt lat="-1.92706673333333" lon="101.974935683333">
        <ele>214.669</ele>
        <time>2024-08-05T13:30:56+07:00</time>
      </trkpt>
      <trkpt lat="-1.92702056666667" lon="101.974828383333">
        <ele>215.054</ele>
        <time>2024-08-05T13:30:58+07:00</time>
      </trkpt>
      <trkpt lat="-1.92698108333333" lon="101.97474985">
        <ele>216.039</ele>
        <time>2024-08-05T13:31:00+07:00</time>
      </trkpt>
      <trkpt lat="-1.92693405" lon="101.97466785">
        <ele>214.281</ele>
        <time>2024-08-05T13:31:02+07:00</time>
      </trkpt>
      <trkpt lat="-1.92687213333333" lon="101.974589">
        <ele>211.509</ele>
        <time>2024-08-05T13:31:04+07:00</time>
      </trkpt>
      <trkpt lat="-1.9268034" lon="101.974498666667">
        <ele>211.512</ele>
        <time>2024-08-05T13:31:06+07:00</time>
      </trkpt>
      <trkpt lat="-1.92673233333333" lon="101.974403483333">
        <ele>211.705</ele>
        <time>2024-08-05T13:31:08+07:00</time>
      </trkpt>
      <trkpt lat="-1.9266415" lon="101.974332333333">
        <ele>213.042</ele>
        <time>2024-08-05T13:31:10+07:00</time>
      </trkpt>
      <trkpt lat="-1.92654993333333" lon="101.97428175">
        <ele>213.736</ele>
        <time>2024-08-05T13:31:12+07:00</time>
      </trkpt>
      <trkpt lat="-1.92645316666667" lon="101.974223533333">
        <ele>214.534</ele>
        <time>2024-08-05T13:31:14+07:00</time>
      </trkpt>
      <trkpt lat="-1.92637753333333" lon="101.974136733333">
        <ele>214.412</ele>
        <time>2024-08-05T13:31:16+07:00</time>
      </trkpt>
      <trkpt lat="-1.9263229" lon="101.974059866667">
        <ele>214.418</ele>
        <time>2024-08-05T13:31:18+07:00</time>
      </trkpt>
      <trkpt lat="-1.92625416666667" lon="101.973986133333">
        <ele>215.569</ele>
        <time>2024-08-05T13:31:20+07:00</time>
      </trkpt>
      <trkpt lat="-1.92617841666667" lon="101.973901566667">
        <ele>215.854</ele>
        <time>2024-08-05T13:31:22+07:00</time>
      </trkpt>
      <trkpt lat="-1.92611118333333" lon="101.973798316667">
        <ele>212.656</ele>
        <time>2024-08-05T13:31:24+07:00</time>
      </trkpt>
      <trkpt lat="-1.92605761666667" lon="101.97370685">
        <ele>209.36</ele>
        <time>2024-08-05T13:31:26+07:00</time>
      </trkpt>
      <trkpt lat="-1.92599265" lon="101.973627766667">
        <ele>204.619</ele>
        <time>2024-08-05T13:31:28+07:00</time>
      </trkpt>
      <trkpt lat="-1.925938" lon="101.973571966667">
        <ele>200.923</ele>
        <time>2024-08-05T13:31:30+07:00</time>
      </trkpt>
      <trkpt lat="-1.92587866666667" lon="101.973500383333">
        <ele>198.757</ele>
        <time>2024-08-05T13:31:32+07:00</time>
      </trkpt>
      <trkpt lat="-1.92580406666667" lon="101.97341095">
        <ele>196.274</ele>
        <time>2024-08-05T13:31:34+07:00</time>
      </trkpt>
      <trkpt lat="-1.92571203333333" lon="101.973323283333">
        <ele>195.077</ele>
        <time>2024-08-05T13:31:36+07:00</time>
      </trkpt>
      <trkpt lat="-1.9256415" lon="101.973240916667">
        <ele>195.059</ele>
        <time>2024-08-05T13:31:38+07:00</time>
      </trkpt>
      <trkpt lat="-1.92558426666667" lon="101.973157516667">
        <ele>195.204</ele>
        <time>2024-08-05T13:31:40+07:00</time>
      </trkpt>
      <trkpt lat="-1.92552318333333" lon="101.973080016667">
        <ele>192.821</ele>
        <time>2024-08-05T13:31:42+07:00</time>
      </trkpt>
      <trkpt lat="-1.92547466666667" lon="101.972970666667">
        <ele>190.835</ele>
        <time>2024-08-05T13:31:44+07:00</time>
      </trkpt>
      <trkpt lat="-1.92545281666667" lon="101.972853983333">
        <ele>191.996</ele>
        <time>2024-08-05T13:31:46+07:00</time>
      </trkpt>
      <trkpt lat="-1.92541545" lon="101.97273515">
        <ele>193.65</ele>
        <time>2024-08-05T13:31:48+07:00</time>
      </trkpt>
      <trkpt lat="-1.92538658333333" lon="101.972633566667">
        <ele>197.447</ele>
        <time>2024-08-05T13:31:50+07:00</time>
      </trkpt>
      <trkpt lat="-1.92534723333333" lon="101.972553083333">
        <ele>196.082</ele>
        <time>2024-08-05T13:31:52+07:00</time>
      </trkpt>
      <trkpt lat="-1.92532176666667" lon="101.972467483333">
        <ele>193.418</ele>
        <time>2024-08-05T13:31:54+07:00</time>
      </trkpt>
      <trkpt lat="-1.92528171666667" lon="101.972386516667">
        <ele>191.33</ele>
        <time>2024-08-05T13:31:56+07:00</time>
      </trkpt>
      <trkpt lat="-1.9252404" lon="101.972305866667">
        <ele>188.894</ele>
        <time>2024-08-05T13:31:58+07:00</time>
      </trkpt>
      <trkpt lat="-1.92520465" lon="101.972264416667">
        <ele>183.529</ele>
        <time>2024-08-05T13:32:00+07:00</time>
      </trkpt>
      <trkpt lat="-1.92516988333333" lon="101.9722259">
        <ele>183.312</ele>
        <time>2024-08-05T13:32:02+07:00</time>
      </trkpt>
      <trkpt lat="-1.9251361" lon="101.97215805">
        <ele>187.178</ele>
        <time>2024-08-05T13:32:04+07:00</time>
      </trkpt>
      <trkpt lat="-1.92510695" lon="101.972086983333">
        <ele>193.127</ele>
        <time>2024-08-05T13:32:06+07:00</time>
      </trkpt>
      <trkpt lat="-1.92505058333333" lon="101.972011666667">
        <ele>198.12</ele>
        <time>2024-08-05T13:32:08+07:00</time>
      </trkpt>
      <trkpt lat="-1.92495881666667" lon="101.971943816667">
        <ele>196.683</ele>
        <time>2024-08-05T13:32:10+07:00</time>
      </trkpt>
      <trkpt lat="-1.92484255" lon="101.9718613">
        <ele>198.578</ele>
        <time>2024-08-05T13:32:12+07:00</time>
      </trkpt>
      <trkpt lat="-1.92472936666667" lon="101.971742333333">
        <ele>197.341</ele>
        <time>2024-08-05T13:32:14+07:00</time>
      </trkpt>
      <trkpt lat="-1.92463618333333" lon="101.971616633333">
        <ele>198.952</ele>
        <time>2024-08-05T13:32:16+07:00</time>
      </trkpt>
      <trkpt lat="-1.92455571666667" lon="101.971499933333">
        <ele>201.575</ele>
        <time>2024-08-05T13:32:18+07:00</time>
      </trkpt>
      <trkpt lat="-1.9244289" lon="101.971397383333">
        <ele>209.779</ele>
        <time>2024-08-05T13:32:20+07:00</time>
      </trkpt>
      <trkpt lat="-1.92427341666667" lon="101.971435666667">
        <ele>209.405</ele>
        <time>2024-08-05T13:32:22+07:00</time>
      </trkpt>
      <trkpt lat="-1.92409851666667" lon="101.97142825">
        <ele>207.956</ele>
        <time>2024-08-05T13:32:24+07:00</time>
      </trkpt>
      <trkpt lat="-1.92394308333333" lon="101.971397133333">
        <ele>207.368</ele>
        <time>2024-08-05T13:32:26+07:00</time>
      </trkpt>
      <trkpt lat="-1.92380198333333" lon="101.971345316667">
        <ele>209.585</ele>
        <time>2024-08-05T13:32:28+07:00</time>
      </trkpt>
      <trkpt lat="-1.9236382" lon="101.97130315">
        <ele>214.745</ele>
        <time>2024-08-05T13:32:30+07:00</time>
      </trkpt>
      <trkpt lat="-1.92352011666667" lon="101.971305466667">
        <ele>218.451</ele>
        <time>2024-08-05T13:32:32+07:00</time>
      </trkpt>
      <trkpt lat="-1.92343815" lon="101.971322433333">
        <ele>220.067</ele>
        <time>2024-08-05T13:32:34+07:00</time>
      </trkpt>
      <trkpt lat="-1.92339321666667" lon="101.971337033333">
        <ele>222.957</ele>
        <time>2024-08-05T13:32:36+07:00</time>
      </trkpt>
      <trkpt lat="-1.92337663333333" lon="101.971363283333">
        <ele>225.965</ele>
        <time>2024-08-05T13:32:38+07:00</time>
      </trkpt>
      <trkpt lat="-1.9233538" lon="101.971426233333">
        <ele>230.39</ele>
        <time>2024-08-05T13:32:40+07:00</time>
      </trkpt>
      <trkpt lat="-1.92330983333333" lon="101.971482566667">
        <ele>233.634</ele>
        <time>2024-08-05T13:32:42+07:00</time>
      </trkpt>
      <trkpt lat="-1.92327851666667" lon="101.971482666667">
        <ele>236.426</ele>
        <time>2024-08-05T13:32:44+07:00</time>
      </trkpt>
      <trkpt lat="-1.92320558333333" lon="101.971451">
        <ele>246.281</ele>
        <time>2024-08-05T13:32:46+07:00</time>
      </trkpt>
      <trkpt lat="-1.92315255" lon="101.97143665">
        <ele>249.059</ele>
        <time>2024-08-05T13:32:48+07:00</time>
      </trkpt>
      <trkpt lat="-1.92305123333333" lon="101.971399566667">
        <ele>244.603</ele>
        <time>2024-08-05T13:32:50+07:00</time>
      </trkpt>
      <trkpt lat="-1.9229572" lon="101.9713181">
        <ele>243.95</ele>
        <time>2024-08-05T13:32:52+07:00</time>
      </trkpt>
      <trkpt lat="-1.92287475" lon="101.971229266667">
        <ele>234.587</ele>
        <time>2024-08-05T13:32:54+07:00</time>
      </trkpt>
      <trkpt lat="-1.9228473" lon="101.97117965">
        <ele>235.027</ele>
        <time>2024-08-05T13:32:56+07:00</time>
      </trkpt>
      <trkpt lat="-1.92278931666667" lon="101.971099083333">
        <ele>235.833</ele>
        <time>2024-08-05T13:32:58+07:00</time>
      </trkpt>
      <trkpt lat="-1.92274105" lon="101.971021883333">
        <ele>239.699</ele>
        <time>2024-08-05T13:33:00+07:00</time>
      </trkpt>
      <trkpt lat="-1.92271643333333" lon="101.97091815">
        <ele>240.233</ele>
        <time>2024-08-05T13:33:02+07:00</time>
      </trkpt>
      <trkpt lat="-1.92271856666667" lon="101.9708194">
        <ele>242.801</ele>
        <time>2024-08-05T13:33:04+07:00</time>
      </trkpt>
      <trkpt lat="-1.92273815" lon="101.970713483333">
        <ele>243.933</ele>
        <time>2024-08-05T13:33:06+07:00</time>
      </trkpt>
      <trkpt lat="-1.92270325" lon="101.97060445">
        <ele>244.803</ele>
        <time>2024-08-05T13:33:08+07:00</time>
      </trkpt>
      <trkpt lat="-1.9226129" lon="101.970503366667">
        <ele>245.09</ele>
        <time>2024-08-05T13:33:10+07:00</time>
      </trkpt>
      <trkpt lat="-1.92238668333333" lon="101.9704152">
        <ele>231.497</ele>
        <time>2024-08-05T13:33:12+07:00</time>
      </trkpt>
      <trkpt lat="-1.9222105" lon="101.970402966667">
        <ele>222.884</ele>
        <time>2024-08-05T13:33:14+07:00</time>
      </trkpt>
      <trkpt lat="-1.92210325" lon="101.970416333333">
        <ele>224.5</ele>
        <time>2024-08-05T13:33:16+07:00</time>
      </trkpt>
      <trkpt lat="-1.92205073333333" lon="101.970443316667">
        <ele>220.066</ele>
        <time>2024-08-05T13:33:18+07:00</time>
      </trkpt>
      <trkpt lat="-1.92200871666667" lon="101.97046275">
        <ele>225.54</ele>
        <time>2024-08-05T13:33:20+07:00</time>
      </trkpt>
      <trkpt lat="-1.92194978333333" lon="101.970457833333">
        <ele>230.468</ele>
        <time>2024-08-05T13:33:22+07:00</time>
      </trkpt>
      <trkpt lat="-1.92186663333333" lon="101.970387633333">
        <ele>232.866</ele>
        <time>2024-08-05T13:33:24+07:00</time>
      </trkpt>
      <trkpt lat="-1.92175111666667" lon="101.97031155">
        <ele>233.595</ele>
        <time>2024-08-05T13:33:26+07:00</time>
      </trkpt>
      <trkpt lat="-1.92166203333333" lon="101.970237966667">
        <ele>234.823</ele>
        <time>2024-08-05T13:33:28+07:00</time>
      </trkpt>
      <trkpt lat="-1.92158101666667" lon="101.970129683333">
        <ele>231.872</ele>
        <time>2024-08-05T13:33:30+07:00</time>
      </trkpt>
      <trkpt lat="-1.92148776666667" lon="101.9700203">
        <ele>227.002</ele>
        <time>2024-08-05T13:33:32+07:00</time>
      </trkpt>
      <trkpt lat="-1.92145531666667" lon="101.969903333333">
        <ele>227.603</ele>
        <time>2024-08-05T13:33:34+07:00</time>
      </trkpt>
      <trkpt lat="-1.92149608333333" lon="101.9698122">
        <ele>224.012</ele>
        <time>2024-08-05T13:33:36+07:00</time>
      </trkpt>
      <trkpt lat="-1.92160126666667" lon="101.969743083333">
        <ele>223.164</ele>
        <time>2024-08-05T13:33:38+07:00</time>
      </trkpt>
      <trkpt lat="-1.92172611666667" lon="101.9696754">
        <ele>227.324</ele>
        <time>2024-08-05T13:33:40+07:00</time>
      </trkpt>
      <trkpt lat="-1.9218433" lon="101.969625833333">
        <ele>231.159</ele>
        <time>2024-08-05T13:33:42+07:00</time>
      </trkpt>
      <trkpt lat="-1.92192148333333" lon="101.969570216667">
        <ele>234.308</ele>
        <time>2024-08-05T13:33:44+07:00</time>
      </trkpt>
      <trkpt lat="-1.9219115" lon="101.969464633333">
        <ele>225.124</ele>
        <time>2024-08-05T13:33:46+07:00</time>
      </trkpt>
      <trkpt lat="-1.92191826666667" lon="101.969367466667">
        <ele>217.83</ele>
        <time>2024-08-05T13:33:48+07:00</time>
      </trkpt>
      <trkpt lat="-1.9218826" lon="101.969254">
        <ele>213.435</ele>
        <time>2024-08-05T13:33:50+07:00</time>
      </trkpt>
      <trkpt lat="-1.92185256666667" lon="101.9691109">
        <ele>208.613</ele>
        <time>2024-08-05T13:33:52+07:00</time>
      </trkpt>
      <trkpt lat="-1.92188108333333" lon="101.96896785">
        <ele>203.519</ele>
        <time>2024-08-05T13:33:54+07:00</time>
      </trkpt>
      <trkpt lat="-1.92190278333333" lon="101.968839783333">
        <ele>195.381</ele>
        <time>2024-08-05T13:33:56+07:00</time>
      </trkpt>
      <trkpt lat="-1.92191555" lon="101.96871325">
        <ele>188.054</ele>
        <time>2024-08-05T13:33:58+07:00</time>
      </trkpt>
      <trkpt lat="-1.92192655" lon="101.968587166667">
        <ele>180.652</ele>
        <time>2024-08-05T13:34:00+07:00</time>
      </trkpt>
      <trkpt lat="-1.92195416666667" lon="101.968482333333">
        <ele>181.05</ele>
        <time>2024-08-05T13:34:02+07:00</time>
      </trkpt>
      <trkpt lat="-1.92197555" lon="101.968403683333">
        <ele>181.714</ele>
        <time>2024-08-05T13:34:04+07:00</time>
      </trkpt>
      <trkpt lat="-1.92208046666667" lon="101.968369966667">
        <ele>185.94</ele>
        <time>2024-08-05T13:34:06+07:00</time>
      </trkpt>
      <trkpt lat="-1.92217731666667" lon="101.968298366667">
        <ele>182.671</ele>
        <time>2024-08-05T13:34:08+07:00</time>
      </trkpt>
      <trkpt lat="-1.92225486666667" lon="101.968203183333">
        <ele>178.069</ele>
        <time>2024-08-05T13:34:10+07:00</time>
      </trkpt>
      <trkpt lat="-1.92232716666667" lon="101.968098666667">
        <ele>175.954</ele>
        <time>2024-08-05T13:34:12+07:00</time>
      </trkpt>
      <trkpt lat="-1.92238528333333" lon="101.967973433333">
        <ele>173.274</ele>
        <time>2024-08-05T13:34:14+07:00</time>
      </trkpt>
      <trkpt lat="-1.92238416666667" lon="101.967825766667">
        <ele>168.737</ele>
        <time>2024-08-05T13:34:16+07:00</time>
      </trkpt>
      <trkpt lat="-1.92243858333333" lon="101.967729366667">
        <ele>176.593</ele>
        <time>2024-08-05T13:34:18+07:00</time>
      </trkpt>
      <trkpt lat="-1.9225075" lon="101.967643566667">
        <ele>178.176</ele>
        <time>2024-08-05T13:34:20+07:00</time>
      </trkpt>
      <trkpt lat="-1.922544" lon="101.967560316667">
        <ele>175.659</ele>
        <time>2024-08-05T13:34:22+07:00</time>
      </trkpt>
      <trkpt lat="-1.9225471" lon="101.967494816667">
        <ele>177.502</ele>
        <time>2024-08-05T13:34:24+07:00</time>
      </trkpt>
      <trkpt lat="-1.922544" lon="101.967436533333">
        <ele>178.996</ele>
        <time>2024-08-05T13:34:26+07:00</time>
      </trkpt>
      <trkpt lat="-1.92255768333333" lon="101.9673673">
        <ele>179.401</ele>
        <time>2024-08-05T13:34:28+07:00</time>
      </trkpt>
      <trkpt lat="-1.92259768333333" lon="101.96729645">
        <ele>180.478</ele>
        <time>2024-08-05T13:34:30+07:00</time>
      </trkpt>
      <trkpt lat="-1.92264908333333" lon="101.967226516667">
        <ele>183.397</ele>
        <time>2024-08-05T13:34:32+07:00</time>
      </trkpt>
      <trkpt lat="-1.92269936666667" lon="101.967134766667">
        <ele>183.508</ele>
        <time>2024-08-05T13:34:34+07:00</time>
      </trkpt>
      <trkpt lat="-1.92274868333333" lon="101.967026633333">
        <ele>182.23</ele>
        <time>2024-08-05T13:34:36+07:00</time>
      </trkpt>
      <trkpt lat="-1.92280815" lon="101.966945816667">
        <ele>183.797</ele>
        <time>2024-08-05T13:34:38+07:00</time>
      </trkpt>
      <trkpt lat="-1.92286696666667" lon="101.966854316667">
        <ele>184.909</ele>
        <time>2024-08-05T13:34:40+07:00</time>
      </trkpt>
      <trkpt lat="-1.92288288333333" lon="101.9667602">
        <ele>183.616</ele>
        <time>2024-08-05T13:34:42+07:00</time>
      </trkpt>
      <trkpt lat="-1.92287966666667" lon="101.966655716667">
        <ele>183.258</ele>
        <time>2024-08-05T13:34:44+07:00</time>
      </trkpt>
      <trkpt lat="-1.92285548333333" lon="101.966518833333">
        <ele>181.391</ele>
        <time>2024-08-05T13:34:46+07:00</time>
      </trkpt>
      <trkpt lat="-1.92282985" lon="101.966367583333">
        <ele>178.988</ele>
        <time>2024-08-05T13:34:48+07:00</time>
      </trkpt>
      <trkpt lat="-1.92280616666667" lon="101.966218883333">
        <ele>179.7</ele>
        <time>2024-08-05T13:34:50+07:00</time>
      </trkpt>
      <trkpt lat="-1.92281605" lon="101.9660632">
        <ele>180.103</ele>
        <time>2024-08-05T13:34:52+07:00</time>
      </trkpt>
      <trkpt lat="-1.9228734" lon="101.965914683333">
        <ele>182.338</ele>
        <time>2024-08-05T13:34:54+07:00</time>
      </trkpt>
      <trkpt lat="-1.92289845" lon="101.9657946">
        <ele>182.899</ele>
        <time>2024-08-05T13:34:56+07:00</time>
      </trkpt>
      <trkpt lat="-1.92289985" lon="101.965705583333">
        <ele>182.961</ele>
        <time>2024-08-05T13:34:58+07:00</time>
      </trkpt>
      <trkpt lat="-1.92290101666667" lon="101.965651383333">
        <ele>182.961</ele>
        <time>2024-08-05T13:35:00+07:00</time>
      </trkpt>
      <trkpt lat="-1.92290225" lon="101.965594466667">
        <ele>182.961</ele>
        <time>2024-08-05T13:35:02+07:00</time>
      </trkpt>
      <trkpt lat="-1.92286628333333" lon="101.965516733333">
        <ele>181.926</ele>
        <time>2024-08-05T13:35:04+07:00</time>
      </trkpt>
      <trkpt lat="-1.92278096666667" lon="101.96542805">
        <ele>183.844</ele>
        <time>2024-08-05T13:35:06+07:00</time>
      </trkpt>
      <trkpt lat="-1.92270258333333" lon="101.96532945">
        <ele>182.466</ele>
        <time>2024-08-05T13:35:08+07:00</time>
      </trkpt>
      <trkpt lat="-1.92261806666667" lon="101.965211183333">
        <ele>180.653</ele>
        <time>2024-08-05T13:35:10+07:00</time>
      </trkpt>
      <trkpt lat="-1.92256378333333" lon="101.96508445">
        <ele>178.232</ele>
        <time>2024-08-05T13:35:12+07:00</time>
      </trkpt>
      <trkpt lat="-1.92252221666667" lon="101.964932466667">
        <ele>176.593</ele>
        <time>2024-08-05T13:35:14+07:00</time>
      </trkpt>
      <trkpt lat="-1.92250271666667" lon="101.964757866667">
        <ele>175.176</ele>
        <time>2024-08-05T13:35:16+07:00</time>
      </trkpt>
      <trkpt lat="-1.92243068333333" lon="101.964613233333">
        <ele>172.541</ele>
        <time>2024-08-05T13:35:18+07:00</time>
      </trkpt>
      <trkpt lat="-1.92234515" lon="101.9645254">
        <ele>169.365</ele>
        <time>2024-08-05T13:35:20+07:00</time>
      </trkpt>
      <trkpt lat="-1.9222495" lon="101.964450233333">
        <ele>167.603</ele>
        <time>2024-08-05T13:35:22+07:00</time>
      </trkpt>
      <trkpt lat="-1.92214481666667" lon="101.964413883333">
        <ele>168.949</ele>
        <time>2024-08-05T13:35:24+07:00</time>
      </trkpt>
      <trkpt lat="-1.9220538" lon="101.964324066667">
        <ele>174.219</ele>
        <time>2024-08-05T13:35:26+07:00</time>
      </trkpt>
      <trkpt lat="-1.92196543333333" lon="101.96421625">
        <ele>179.336</ele>
        <time>2024-08-05T13:35:28+07:00</time>
      </trkpt>
      <trkpt lat="-1.92184673333333" lon="101.964109866667">
        <ele>181.544</ele>
        <time>2024-08-05T13:35:30+07:00</time>
      </trkpt>
      <trkpt lat="-1.92170601666667" lon="101.964027116667">
        <ele>180.404</ele>
        <time>2024-08-05T13:35:32+07:00</time>
      </trkpt>
      <trkpt lat="-1.92155826666667" lon="101.963958566667">
        <ele>180.431</ele>
        <time>2024-08-05T13:35:34+07:00</time>
      </trkpt>
      <trkpt lat="-1.92140886666667" lon="101.96388535">
        <ele>178.986</ele>
        <time>2024-08-05T13:35:36+07:00</time>
      </trkpt>
      <trkpt lat="-1.92128931666667" lon="101.9638195">
        <ele>179.964</ele>
        <time>2024-08-05T13:35:38+07:00</time>
      </trkpt>
      <trkpt lat="-1.92121631666667" lon="101.9637327">
        <ele>181.333</ele>
        <time>2024-08-05T13:35:40+07:00</time>
      </trkpt>
      <trkpt lat="-1.92117806666667" lon="101.96361825">
        <ele>184.02</ele>
        <time>2024-08-05T13:35:42+07:00</time>
      </trkpt>
      <trkpt lat="-1.92110225" lon="101.963454516667">
        <ele>184.049</ele>
        <time>2024-08-05T13:35:44+07:00</time>
      </trkpt>
      <trkpt lat="-1.92105416666667" lon="101.963301133333">
        <ele>183.053</ele>
        <time>2024-08-05T13:35:46+07:00</time>
      </trkpt>
      <trkpt lat="-1.92105073333333" lon="101.963172616667">
        <ele>182.254</ele>
        <time>2024-08-05T13:35:48+07:00</time>
      </trkpt>
      <trkpt lat="-1.92102165" lon="101.963056783333">
        <ele>181.796</ele>
        <time>2024-08-05T13:35:50+07:00</time>
      </trkpt>
      <trkpt lat="-1.9209891" lon="101.96294845">
        <ele>181.743</ele>
        <time>2024-08-05T13:35:52+07:00</time>
      </trkpt>
      <trkpt lat="-1.92094861666667" lon="101.962838316667">
        <ele>181.454</ele>
        <time>2024-08-05T13:35:54+07:00</time>
      </trkpt>
      <trkpt lat="-1.92092196666667" lon="101.96270675">
        <ele>181.834</ele>
        <time>2024-08-05T13:35:56+07:00</time>
      </trkpt>
      <trkpt lat="-1.92091938333333" lon="101.962560266667">
        <ele>183.108</ele>
        <time>2024-08-05T13:35:58+07:00</time>
      </trkpt>
      <trkpt lat="-1.9209152" lon="101.962429033333">
        <ele>180.901</ele>
        <time>2024-08-05T13:36:00+07:00</time>
      </trkpt>
      <trkpt lat="-1.92089486666667" lon="101.9622754">
        <ele>182.168</ele>
        <time>2024-08-05T13:36:02+07:00</time>
      </trkpt>
      <trkpt lat="-1.92087868333333" lon="101.962143883333">
        <ele>186.281</ele>
        <time>2024-08-05T13:36:04+07:00</time>
      </trkpt>
      <trkpt lat="-1.920846" lon="101.961994033333">
        <ele>188.019</ele>
        <time>2024-08-05T13:36:06+07:00</time>
      </trkpt>
      <trkpt lat="-1.92081605" lon="101.961856066667">
        <ele>190.403</ele>
        <time>2024-08-05T13:36:08+07:00</time>
      </trkpt>
      <trkpt lat="-1.92074375" lon="101.9616904">
        <ele>188.772</ele>
        <time>2024-08-05T13:36:10+07:00</time>
      </trkpt>
      <trkpt lat="-1.92070271666667" lon="101.96154815">
        <ele>187.25</ele>
        <time>2024-08-05T13:36:12+07:00</time>
      </trkpt>
      <trkpt lat="-1.92064531666667" lon="101.96138535">
        <ele>185.522</ele>
        <time>2024-08-05T13:36:14+07:00</time>
      </trkpt>
      <trkpt lat="-1.92062921666667" lon="101.961246183333">
        <ele>187.507</ele>
        <time>2024-08-05T13:36:16+07:00</time>
      </trkpt>
      <trkpt lat="-1.92054448333333" lon="101.961050866667">
        <ele>186.34</ele>
        <time>2024-08-05T13:36:18+07:00</time>
      </trkpt>
      <trkpt lat="-1.92047923333333" lon="101.960859316667">
        <ele>186.465</ele>
        <time>2024-08-05T13:36:20+07:00</time>
      </trkpt>
      <trkpt lat="-1.92039536666667" lon="101.96071585">
        <ele>184.368</ele>
        <time>2024-08-05T13:36:22+07:00</time>
      </trkpt>
      <trkpt lat="-1.92031218333333" lon="101.960592883333">
        <ele>179.907</ele>
        <time>2024-08-05T13:36:24+07:00</time>
      </trkpt>
      <trkpt lat="-1.92024353333333" lon="101.9604773">
        <ele>176.726</ele>
        <time>2024-08-05T13:36:26+07:00</time>
      </trkpt>
      <trkpt lat="-1.92016705" lon="101.960342833333">
        <ele>171.745</ele>
        <time>2024-08-05T13:36:28+07:00</time>
      </trkpt>
      <trkpt lat="-1.9201223" lon="101.960222483333">
        <ele>174.01</ele>
        <time>2024-08-05T13:36:30+07:00</time>
      </trkpt>
      <trkpt lat="-1.92013625" lon="101.960139483333">
        <ele>184.499</ele>
        <time>2024-08-05T13:36:32+07:00</time>
      </trkpt>
      <trkpt lat="-1.92017666666667" lon="101.96006735">
        <ele>197.76</ele>
        <time>2024-08-05T13:36:34+07:00</time>
      </trkpt>
      <trkpt lat="-1.92018638333333" lon="101.959948983333">
        <ele>197.567</ele>
        <time>2024-08-05T13:36:36+07:00</time>
      </trkpt>
      <trkpt lat="-1.92018808333333" lon="101.95983385">
        <ele>198.909</ele>
        <time>2024-08-05T13:36:38+07:00</time>
      </trkpt>
      <trkpt lat="-1.92019925" lon="101.959693633333">
        <ele>199.519</ele>
        <time>2024-08-05T13:36:40+07:00</time>
      </trkpt>
      <trkpt lat="-1.92022431666667" lon="101.959560516667">
        <ele>200.347</ele>
        <time>2024-08-05T13:36:42+07:00</time>
      </trkpt>
      <trkpt lat="-1.92021426666667" lon="101.95943625">
        <ele>198.075</ele>
        <time>2024-08-05T13:36:44+07:00</time>
      </trkpt>
      <trkpt lat="-1.92019511666667" lon="101.959315233333">
        <ele>201.199</ele>
        <time>2024-08-05T13:36:46+07:00</time>
      </trkpt>
      <trkpt lat="-1.92019455" lon="101.959178933333">
        <ele>202.786</ele>
        <time>2024-08-05T13:36:48+07:00</time>
      </trkpt>
      <trkpt lat="-1.92026106666667" lon="101.9590445">
        <ele>206.576</ele>
        <time>2024-08-05T13:36:50+07:00</time>
      </trkpt>
      <trkpt lat="-1.92034975" lon="101.958916933333">
        <ele>206.585</ele>
        <time>2024-08-05T13:36:52+07:00</time>
      </trkpt>
      <trkpt lat="-1.92044033333333" lon="101.9587989">
        <ele>206.604</ele>
        <time>2024-08-05T13:36:54+07:00</time>
      </trkpt>
      <trkpt lat="-1.92052953333333" lon="101.95870125">
        <ele>208.548</ele>
        <time>2024-08-05T13:36:56+07:00</time>
      </trkpt>
      <trkpt lat="-1.9206034" lon="101.958584083333">
        <ele>207.41</ele>
        <time>2024-08-05T13:36:58+07:00</time>
      </trkpt>
      <trkpt lat="-1.92064641666667" lon="101.9584392">
        <ele>204.012</ele>
        <time>2024-08-05T13:37:00+07:00</time>
      </trkpt>
      <trkpt lat="-1.92065166666667" lon="101.958329566667">
        <ele>198.76</ele>
        <time>2024-08-05T13:37:02+07:00</time>
      </trkpt>
      <trkpt lat="-1.92063121666667" lon="101.958241283333">
        <ele>195.11</ele>
        <time>2024-08-05T13:37:04+07:00</time>
      </trkpt>
      <trkpt lat="-1.92060828333333" lon="101.9581524">
        <ele>192.745</ele>
        <time>2024-08-05T13:37:06+07:00</time>
      </trkpt>
      <trkpt lat="-1.92061101666667" lon="101.958046333333">
        <ele>191.495</ele>
        <time>2024-08-05T13:37:08+07:00</time>
      </trkpt>
      <trkpt lat="-1.92061533333333" lon="101.95794065">
        <ele>189.081</ele>
        <time>2024-08-05T13:37:10+07:00</time>
      </trkpt>
      <trkpt lat="-1.9206546" lon="101.957807033333">
        <ele>187.601</ele>
        <time>2024-08-05T13:37:12+07:00</time>
      </trkpt>
      <trkpt lat="-1.92067755" lon="101.9576518">
        <ele>186.529</ele>
        <time>2024-08-05T13:37:14+07:00</time>
      </trkpt>
      <trkpt lat="-1.92065608333333" lon="101.957515683333">
        <ele>189.941</ele>
        <time>2024-08-05T13:37:16+07:00</time>
      </trkpt>
      <trkpt lat="-1.92063966666667" lon="101.957371216667">
        <ele>191.337</ele>
        <time>2024-08-05T13:37:18+07:00</time>
      </trkpt>
      <trkpt lat="-1.9206178" lon="101.957207266667">
        <ele>187.677</ele>
        <time>2024-08-05T13:37:20+07:00</time>
      </trkpt>
      <trkpt lat="-1.92063631666667" lon="101.957026083333">
        <ele>185.227</ele>
        <time>2024-08-05T13:37:22+07:00</time>
      </trkpt>
      <trkpt lat="-1.92066595" lon="101.956855766667">
        <ele>180.156</ele>
        <time>2024-08-05T13:37:24+07:00</time>
      </trkpt>
      <trkpt lat="-1.92066341666667" lon="101.95669215">
        <ele>173.676</ele>
        <time>2024-08-05T13:37:26+07:00</time>
      </trkpt>
      <trkpt lat="-1.92068658333333" lon="101.956531366667">
        <ele>170.513</ele>
        <time>2024-08-05T13:37:28+07:00</time>
      </trkpt>
      <trkpt lat="-1.92071491666667" lon="101.956369683333">
        <ele>167.841</ele>
        <time>2024-08-05T13:37:30+07:00</time>
      </trkpt>
      <trkpt lat="-1.92073461666667" lon="101.95617865">
        <ele>167.818</ele>
        <time>2024-08-05T13:37:32+07:00</time>
      </trkpt>
      <trkpt lat="-1.92074085" lon="101.955984333333">
        <ele>168.31</ele>
        <time>2024-08-05T13:37:34+07:00</time>
      </trkpt>
      <trkpt lat="-1.92070565" lon="101.955782116667">
        <ele>167.754</ele>
        <time>2024-08-05T13:37:36+07:00</time>
      </trkpt>
      <trkpt lat="-1.92067835" lon="101.9555724">
        <ele>169.2</ele>
        <time>2024-08-05T13:37:38+07:00</time>
      </trkpt>
      <trkpt lat="-1.92069601666667" lon="101.955350683333">
        <ele>172.639</ele>
        <time>2024-08-05T13:37:40+07:00</time>
      </trkpt>
      <trkpt lat="-1.92070823333333" lon="101.9551295">
        <ele>179.565</ele>
        <time>2024-08-05T13:37:42+07:00</time>
      </trkpt>
      <trkpt lat="-1.92066861666667" lon="101.95491425">
        <ele>183.664</ele>
        <time>2024-08-05T13:37:44+07:00</time>
      </trkpt>
      <trkpt lat="-1.92062793333333" lon="101.9547069">
        <ele>185.209</ele>
        <time>2024-08-05T13:37:46+07:00</time>
      </trkpt>
      <trkpt lat="-1.92060381666667" lon="101.95450125">
        <ele>184.725</ele>
        <time>2024-08-05T13:37:48+07:00</time>
      </trkpt>
      <trkpt lat="-1.92054973333333" lon="101.954365683333">
        <ele>184.216</ele>
        <time>2024-08-05T13:37:50+07:00</time>
      </trkpt>
      <trkpt lat="-1.92048761666667" lon="101.954280533333">
        <ele>183.348</ele>
        <time>2024-08-05T13:37:52+07:00</time>
      </trkpt>
      <trkpt lat="-1.92043585" lon="101.954186066667">
        <ele>183.49</ele>
        <time>2024-08-05T13:37:54+07:00</time>
      </trkpt>
      <trkpt lat="-1.9203607" lon="101.954097666667">
        <ele>182.782</ele>
        <time>2024-08-05T13:37:56+07:00</time>
      </trkpt>
      <trkpt lat="-1.92025396666667" lon="101.954033566667">
        <ele>182.697</ele>
        <time>2024-08-05T13:37:58+07:00</time>
      </trkpt>
      <trkpt lat="-1.92020215" lon="101.9539258">
        <ele>182.085</ele>
        <time>2024-08-05T13:38:00+07:00</time>
      </trkpt>
      <trkpt lat="-1.9201132" lon="101.953827583333">
        <ele>181.672</ele>
        <time>2024-08-05T13:38:02+07:00</time>
      </trkpt>
      <trkpt lat="-1.9199989" lon="101.953686416667">
        <ele>181.37</ele>
        <time>2024-08-05T13:38:04+07:00</time>
      </trkpt>
      <trkpt lat="-1.91993696666667" lon="101.95356485">
        <ele>179.388</ele>
        <time>2024-08-05T13:38:06+07:00</time>
      </trkpt>
      <trkpt lat="-1.91987586666667" lon="101.95342595">
        <ele>176.407</ele>
        <time>2024-08-05T13:38:08+07:00</time>
      </trkpt>
      <trkpt lat="-1.91983968333333" lon="101.953285216667">
        <ele>178.033</ele>
        <time>2024-08-05T13:38:10+07:00</time>
      </trkpt>
      <trkpt lat="-1.91983523333333" lon="101.9531766">
        <ele>182.776</ele>
        <time>2024-08-05T13:38:12+07:00</time>
      </trkpt>
      <trkpt lat="-1.91981836666667" lon="101.953089">
        <ele>184.905</ele>
        <time>2024-08-05T13:38:14+07:00</time>
      </trkpt>
      <trkpt lat="-1.91980525" lon="101.952965683333">
        <ele>183.013</ele>
        <time>2024-08-05T13:38:16+07:00</time>
      </trkpt>
      <trkpt lat="-1.9198361" lon="101.952863366667">
        <ele>182.427</ele>
        <time>2024-08-05T13:38:18+07:00</time>
      </trkpt>
      <trkpt lat="-1.91987075" lon="101.95276795">
        <ele>181.705</ele>
        <time>2024-08-05T13:38:20+07:00</time>
      </trkpt>
      <trkpt lat="-1.91983903333333" lon="101.952647066667">
        <ele>172.803</ele>
        <time>2024-08-05T13:38:22+07:00</time>
      </trkpt>
      <trkpt lat="-1.91982166666667" lon="101.952511083333">
        <ele>167.961</ele>
        <time>2024-08-05T13:38:24+07:00</time>
      </trkpt>
      <trkpt lat="-1.91986148333333" lon="101.952382216667">
        <ele>167.023</ele>
        <time>2024-08-05T13:38:26+07:00</time>
      </trkpt>
      <trkpt lat="-1.91992965" lon="101.952275466667">
        <ele>170.24</ele>
        <time>2024-08-05T13:38:28+07:00</time>
      </trkpt>
      <trkpt lat="-1.91999365" lon="101.952166283333">
        <ele>174.011</ele>
        <time>2024-08-05T13:38:30+07:00</time>
      </trkpt>
      <trkpt lat="-1.92003436666667" lon="101.952095733333">
        <ele>177.817</ele>
        <time>2024-08-05T13:38:32+07:00</time>
      </trkpt>
      <trkpt lat="-1.92006078333333" lon="101.952039783333">
        <ele>180.296</ele>
        <time>2024-08-05T13:38:34+07:00</time>
      </trkpt>
      <trkpt lat="-1.920108" lon="101.951957333333">
        <ele>183.588</ele>
        <time>2024-08-05T13:38:36+07:00</time>
      </trkpt>
      <trkpt lat="-1.92015763333333" lon="101.951846616667">
        <ele>184.667</ele>
        <time>2024-08-05T13:38:38+07:00</time>
      </trkpt>
      <trkpt lat="-1.92021198333333" lon="101.951723216667">
        <ele>187.552</ele>
        <time>2024-08-05T13:38:40+07:00</time>
      </trkpt>
      <trkpt lat="-1.9202507" lon="101.951588933333">
        <ele>188.88</ele>
        <time>2024-08-05T13:38:42+07:00</time>
      </trkpt>
      <trkpt lat="-1.92026555" lon="101.951436566667">
        <ele>190.767</ele>
        <time>2024-08-05T13:38:44+07:00</time>
      </trkpt>
      <trkpt lat="-1.9202375" lon="101.95125">
        <ele>187.895</ele>
        <time>2024-08-05T13:38:46+07:00</time>
      </trkpt>
      <trkpt lat="-1.920206" lon="101.951060316667">
        <ele>187.993</ele>
        <time>2024-08-05T13:38:48+07:00</time>
      </trkpt>
      <trkpt lat="-1.92020056666667" lon="101.950895666667">
        <ele>189.694</ele>
        <time>2024-08-05T13:38:50+07:00</time>
      </trkpt>
      <trkpt lat="-1.92023286666667" lon="101.9507339">
        <ele>188.85</ele>
        <time>2024-08-05T13:38:52+07:00</time>
      </trkpt>
      <trkpt lat="-1.92028585" lon="101.950595333333">
        <ele>186.122</ele>
        <time>2024-08-05T13:38:54+07:00</time>
      </trkpt>
      <trkpt lat="-1.92032511666667" lon="101.950509666667">
        <ele>184.928</ele>
        <time>2024-08-05T13:38:56+07:00</time>
      </trkpt>
      <trkpt lat="-1.92033741666667" lon="101.950436466667">
        <ele>183.929</ele>
        <time>2024-08-05T13:38:58+07:00</time>
      </trkpt>
      <trkpt lat="-1.9203625" lon="101.9503459">
        <ele>183.347</ele>
        <time>2024-08-05T13:39:00+07:00</time>
      </trkpt>
      <trkpt lat="-1.9203836" lon="101.950240733333">
        <ele>182.719</ele>
        <time>2024-08-05T13:39:02+07:00</time>
      </trkpt>
      <trkpt lat="-1.92043615" lon="101.950170333333">
        <ele>183.389</ele>
        <time>2024-08-05T13:39:04+07:00</time>
      </trkpt>
      <trkpt lat="-1.92050396666667" lon="101.950094016667">
        <ele>185.059</ele>
        <time>2024-08-05T13:39:06+07:00</time>
      </trkpt>
      <trkpt lat="-1.92058461666667" lon="101.9499813">
        <ele>187.078</ele>
        <time>2024-08-05T13:39:08+07:00</time>
      </trkpt>
      <trkpt lat="-1.92067578333333" lon="101.949858533333">
        <ele>188.68</ele>
        <time>2024-08-05T13:39:10+07:00</time>
      </trkpt>
      <trkpt lat="-1.92076446666667" lon="101.94972885">
        <ele>189.758</ele>
        <time>2024-08-05T13:39:12+07:00</time>
      </trkpt>
      <trkpt lat="-1.92087688333333" lon="101.94960005">
        <ele>191.693</ele>
        <time>2024-08-05T13:39:14+07:00</time>
      </trkpt>
      <trkpt lat="-1.92094486666667" lon="101.949446366667">
        <ele>192.673</ele>
        <time>2024-08-05T13:39:16+07:00</time>
      </trkpt>
      <trkpt lat="-1.92099505" lon="101.949285033333">
        <ele>190.802</ele>
        <time>2024-08-05T13:39:18+07:00</time>
      </trkpt>
      <trkpt lat="-1.92100938333333" lon="101.949132283333">
        <ele>190.746</ele>
        <time>2024-08-05T13:39:20+07:00</time>
      </trkpt>
      <trkpt lat="-1.9210067" lon="101.948994016667">
        <ele>190.968</ele>
        <time>2024-08-05T13:39:22+07:00</time>
      </trkpt>
      <trkpt lat="-1.9209839" lon="101.948852483333">
        <ele>191.437</ele>
        <time>2024-08-05T13:39:24+07:00</time>
      </trkpt>
      <trkpt lat="-1.92095678333333" lon="101.948693466667">
        <ele>192.191</ele>
        <time>2024-08-05T13:39:26+07:00</time>
      </trkpt>
      <trkpt lat="-1.92093926666667" lon="101.948516">
        <ele>192.105</ele>
        <time>2024-08-05T13:39:28+07:00</time>
      </trkpt>
      <trkpt lat="-1.92095356666667" lon="101.948401866667">
        <ele>194.631</ele>
        <time>2024-08-05T13:39:30+07:00</time>
      </trkpt>
      <trkpt lat="-1.92099336666667" lon="101.948329016667">
        <ele>194.624</ele>
        <time>2024-08-05T13:39:32+07:00</time>
      </trkpt>
      <trkpt lat="-1.92107235" lon="101.948248166667">
        <ele>196.08</ele>
        <time>2024-08-05T13:39:34+07:00</time>
      </trkpt>
      <trkpt lat="-1.92116376666667" lon="101.948135566667">
        <ele>194.505</ele>
        <time>2024-08-05T13:39:36+07:00</time>
      </trkpt>
      <trkpt lat="-1.921251" lon="101.948041866667">
        <ele>188.091</ele>
        <time>2024-08-05T13:39:38+07:00</time>
      </trkpt>
      <trkpt lat="-1.92134213333333" lon="101.947996883333">
        <ele>187.009</ele>
        <time>2024-08-05T13:39:40+07:00</time>
      </trkpt>
      <trkpt lat="-1.92142263333333" lon="101.947969966667">
        <ele>190.429</ele>
        <time>2024-08-05T13:39:42+07:00</time>
      </trkpt>
      <trkpt lat="-1.92146025" lon="101.94791075">
        <ele>187.245</ele>
        <time>2024-08-05T13:39:44+07:00</time>
      </trkpt>
      <trkpt lat="-1.92152143333333" lon="101.947853766667">
        <ele>186.812</ele>
        <time>2024-08-05T13:39:46+07:00</time>
      </trkpt>
      <trkpt lat="-1.92159421666667" lon="101.947791833333">
        <ele>184.649</ele>
        <time>2024-08-05T13:39:48+07:00</time>
      </trkpt>
      <trkpt lat="-1.92166843333333" lon="101.94769795">
        <ele>181.154</ele>
        <time>2024-08-05T13:39:50+07:00</time>
      </trkpt>
      <trkpt lat="-1.92176123333333" lon="101.947602416667">
        <ele>179.348</ele>
        <time>2024-08-05T13:39:52+07:00</time>
      </trkpt>
      <trkpt lat="-1.9218636" lon="101.947510366667">
        <ele>179.148</ele>
        <time>2024-08-05T13:39:54+07:00</time>
      </trkpt>
      <trkpt lat="-1.92196456666667" lon="101.9474133">
        <ele>178.796</ele>
        <time>2024-08-05T13:39:56+07:00</time>
      </trkpt>
      <trkpt lat="-1.92203703333333" lon="101.9473096">
        <ele>176.089</ele>
        <time>2024-08-05T13:39:58+07:00</time>
      </trkpt>
      <trkpt lat="-1.92205261666667" lon="101.947184583333">
        <ele>171.881</ele>
        <time>2024-08-05T13:40:00+07:00</time>
      </trkpt>
      <trkpt lat="-1.92206621666667" lon="101.947062983333">
        <ele>175.343</ele>
        <time>2024-08-05T13:40:02+07:00</time>
      </trkpt>
      <trkpt lat="-1.92206646666667" lon="101.946941133333">
        <ele>183.799</ele>
        <time>2024-08-05T13:40:04+07:00</time>
      </trkpt>
      <trkpt lat="-1.92210518333333" lon="101.9468489">
        <ele>189.648</ele>
        <time>2024-08-05T13:40:06+07:00</time>
      </trkpt>
      <trkpt lat="-1.92217906666667" lon="101.94675545">
        <ele>196.611</ele>
        <time>2024-08-05T13:40:08+07:00</time>
      </trkpt>
      <trkpt lat="-1.92219876666667" lon="101.94663265">
        <ele>199.138</ele>
        <time>2024-08-05T13:40:10+07:00</time>
      </trkpt>
      <trkpt lat="-1.92220025" lon="101.94649055">
        <ele>197.914</ele>
        <time>2024-08-05T13:40:12+07:00</time>
      </trkpt>
      <trkpt lat="-1.92216288333333" lon="101.946339916667">
        <ele>193.395</ele>
        <time>2024-08-05T13:40:14+07:00</time>
      </trkpt>
      <trkpt lat="-1.92215105" lon="101.94621085">
        <ele>190.202</ele>
        <time>2024-08-05T13:40:16+07:00</time>
      </trkpt>
      <trkpt lat="-1.92214685" lon="101.94607085">
        <ele>191.705</ele>
        <time>2024-08-05T13:40:18+07:00</time>
      </trkpt>
      <trkpt lat="-1.92211768333333" lon="101.94590225">
        <ele>186.919</ele>
        <time>2024-08-05T13:40:20+07:00</time>
      </trkpt>
      <trkpt lat="-1.92209693333333" lon="101.945742683333">
        <ele>186.774</ele>
        <time>2024-08-05T13:40:22+07:00</time>
      </trkpt>
      <trkpt lat="-1.92207248333333" lon="101.9456054">
        <ele>188.177</ele>
        <time>2024-08-05T13:40:24+07:00</time>
      </trkpt>
      <trkpt lat="-1.92206715" lon="101.945476733333">
        <ele>189.2</ele>
        <time>2024-08-05T13:40:26+07:00</time>
      </trkpt>
      <trkpt lat="-1.92205581666667" lon="101.945354883333">
        <ele>190.79</ele>
        <time>2024-08-05T13:40:28+07:00</time>
      </trkpt>
      <trkpt lat="-1.92202446666667" lon="101.945260966667">
        <ele>192.142</ele>
        <time>2024-08-05T13:40:30+07:00</time>
      </trkpt>
      <trkpt lat="-1.92198555" lon="101.945192916667">
        <ele>190.967</ele>
        <time>2024-08-05T13:40:32+07:00</time>
      </trkpt>
      <trkpt lat="-1.92193365" lon="101.94514765">
        <ele>188.376</ele>
        <time>2024-08-05T13:40:34+07:00</time>
      </trkpt>
      <trkpt lat="-1.9218704" lon="101.945081483333">
        <ele>182.429</ele>
        <time>2024-08-05T13:40:36+07:00</time>
      </trkpt>
      <trkpt lat="-1.92187195" lon="101.944962666667">
        <ele>181.642</ele>
        <time>2024-08-05T13:40:38+07:00</time>
      </trkpt>
      <trkpt lat="-1.92185728333333" lon="101.944738683333">
        <ele>180.6</ele>
        <time>2024-08-05T13:40:40+07:00</time>
      </trkpt>
      <trkpt lat="-1.921888" lon="101.944602566667">
        <ele>180.511</ele>
        <time>2024-08-05T13:40:42+07:00</time>
      </trkpt>
      <trkpt lat="-1.92191533333333" lon="101.944469466667">
        <ele>180.476</ele>
        <time>2024-08-05T13:40:44+07:00</time>
      </trkpt>
      <trkpt lat="-1.92194133333333" lon="101.944339433333">
        <ele>180.753</ele>
        <time>2024-08-05T13:40:46+07:00</time>
      </trkpt>
      <trkpt lat="-1.92196898333333" lon="101.944207483333">
        <ele>181.042</ele>
        <time>2024-08-05T13:40:48+07:00</time>
      </trkpt>
      <trkpt lat="-1.92199673333333" lon="101.9440788">
        <ele>181.537</ele>
        <time>2024-08-05T13:40:50+07:00</time>
      </trkpt>
      <trkpt lat="-1.92202131666667" lon="101.943949116667">
        <ele>181.832</ele>
        <time>2024-08-05T13:40:52+07:00</time>
      </trkpt>
      <trkpt lat="-1.92204543333333" lon="101.9438142">
        <ele>182.318</ele>
        <time>2024-08-05T13:40:54+07:00</time>
      </trkpt>
      <trkpt lat="-1.92207411666667" lon="101.943678816667">
        <ele>183.369</ele>
        <time>2024-08-05T13:40:56+07:00</time>
      </trkpt>
      <trkpt lat="-1.92211013333333" lon="101.943558583333">
        <ele>197.191</ele>
        <time>2024-08-05T13:40:58+07:00</time>
      </trkpt>
      <trkpt lat="-1.92213416666667" lon="101.943446366667">
        <ele>206.532</ele>
        <time>2024-08-05T13:41:00+07:00</time>
      </trkpt>
      <trkpt lat="-1.92214811666667" lon="101.943333616667">
        <ele>207.647</ele>
        <time>2024-08-05T13:41:02+07:00</time>
      </trkpt>
      <trkpt lat="-1.92212351666667" lon="101.943192833333">
        <ele>204.236</ele>
        <time>2024-08-05T13:41:04+07:00</time>
      </trkpt>
      <trkpt lat="-1.92207365" lon="101.94305275">
        <ele>197.936</ele>
        <time>2024-08-05T13:41:06+07:00</time>
      </trkpt>
      <trkpt lat="-1.92205711666667" lon="101.942954366667">
        <ele>192.143</ele>
        <time>2024-08-05T13:41:08+07:00</time>
      </trkpt>
      <trkpt lat="-1.92204266666667" lon="101.942836866667">
        <ele>192.356</ele>
        <time>2024-08-05T13:41:10+07:00</time>
      </trkpt>
      <trkpt lat="-1.92204011666667" lon="101.942746716667">
        <ele>184.618</ele>
        <time>2024-08-05T13:41:12+07:00</time>
      </trkpt>
      <trkpt lat="-1.92201538333333" lon="101.942609383333">
        <ele>176.137</ele>
        <time>2024-08-05T13:41:14+07:00</time>
      </trkpt>
      <trkpt lat="-1.92194398333333" lon="101.942491466667">
        <ele>172.144</ele>
        <time>2024-08-05T13:41:16+07:00</time>
      </trkpt>
      <trkpt lat="-1.92189015" lon="101.942340083333">
        <ele>168.897</ele>
        <time>2024-08-05T13:41:18+07:00</time>
      </trkpt>
      <trkpt lat="-1.92184668333333" lon="101.942245583333">
        <ele>166.56</ele>
        <time>2024-08-05T13:41:20+07:00</time>
      </trkpt>
      <trkpt lat="-1.9218135" lon="101.942126133333">
        <ele>167.317</ele>
        <time>2024-08-05T13:41:22+07:00</time>
      </trkpt>
      <trkpt lat="-1.92178428333333" lon="101.942012966667">
        <ele>166.973</ele>
        <time>2024-08-05T13:41:24+07:00</time>
      </trkpt>
      <trkpt lat="-1.92176241666667" lon="101.94191585">
        <ele>168.02</ele>
        <time>2024-08-05T13:41:26+07:00</time>
      </trkpt>
      <trkpt lat="-1.92167701666667" lon="101.941849366667">
        <ele>168.897</ele>
        <time>2024-08-05T13:41:28+07:00</time>
      </trkpt>
      <trkpt lat="-1.92155265" lon="101.941770616667">
        <ele>170.69</ele>
        <time>2024-08-05T13:41:30+07:00</time>
      </trkpt>
      <trkpt lat="-1.92147603333333" lon="101.9416932">
        <ele>174.097</ele>
        <time>2024-08-05T13:41:32+07:00</time>
      </trkpt>
      <trkpt lat="-1.92140803333333" lon="101.94160595">
        <ele>177.917</ele>
        <time>2024-08-05T13:41:34+07:00</time>
      </trkpt>
      <trkpt lat="-1.92136941666667" lon="101.9414849">
        <ele>180.119</ele>
        <time>2024-08-05T13:41:36+07:00</time>
      </trkpt>
      <trkpt lat="-1.92136145" lon="101.94135475">
        <ele>180.828</ele>
        <time>2024-08-05T13:41:38+07:00</time>
      </trkpt>
      <trkpt lat="-1.92137568333333" lon="101.941227783333">
        <ele>182.251</ele>
        <time>2024-08-05T13:41:40+07:00</time>
      </trkpt>
      <trkpt lat="-1.92137178333333" lon="101.941097883333">
        <ele>182.574</ele>
        <time>2024-08-05T13:41:42+07:00</time>
      </trkpt>
      <trkpt lat="-1.92138265" lon="101.940974">
        <ele>182.026</ele>
        <time>2024-08-05T13:41:44+07:00</time>
      </trkpt>
      <trkpt lat="-1.92133403333333" lon="101.9408702">
        <ele>183.336</ele>
        <time>2024-08-05T13:41:46+07:00</time>
      </trkpt>
      <trkpt lat="-1.9212816" lon="101.940746816667">
        <ele>182.287</ele>
        <time>2024-08-05T13:41:48+07:00</time>
      </trkpt>
      <trkpt lat="-1.92124571666667" lon="101.940618916667">
        <ele>180.897</ele>
        <time>2024-08-05T13:41:50+07:00</time>
      </trkpt>
      <trkpt lat="-1.92121211666667" lon="101.940522916667">
        <ele>177.219</ele>
        <time>2024-08-05T13:41:52+07:00</time>
      </trkpt>
      <trkpt lat="-1.9211591" lon="101.940388516667">
        <ele>177.047</ele>
        <time>2024-08-05T13:41:54+07:00</time>
      </trkpt>
      <trkpt lat="-1.92110578333333" lon="101.940247616667">
        <ele>177.584</ele>
        <time>2024-08-05T13:41:56+07:00</time>
      </trkpt>
      <trkpt lat="-1.92106686666667" lon="101.940094616667">
        <ele>177.392</ele>
        <time>2024-08-05T13:41:58+07:00</time>
      </trkpt>
      <trkpt lat="-1.92102703333333" lon="101.939942316667">
        <ele>176.953</ele>
        <time>2024-08-05T13:42:00+07:00</time>
      </trkpt>
      <trkpt lat="-1.9209825" lon="101.939798833333">
        <ele>176.953</ele>
        <time>2024-08-05T13:42:02+07:00</time>
      </trkpt>
      <trkpt lat="-1.92093793333333" lon="101.939655466667">
        <ele>176.953</ele>
        <time>2024-08-05T13:42:04+07:00</time>
      </trkpt>
      <trkpt lat="-1.92089323333333" lon="101.939512083333">
        <ele>176.953</ele>
        <time>2024-08-05T13:42:06+07:00</time>
      </trkpt>
      <trkpt lat="-1.9208353" lon="101.939364266667">
        <ele>177.297</ele>
        <time>2024-08-05T13:42:08+07:00</time>
      </trkpt>
      <trkpt lat="-1.92077836666667" lon="101.939212533333">
        <ele>177.436</ele>
        <time>2024-08-05T13:42:10+07:00</time>
      </trkpt>
      <trkpt lat="-1.92069083333333" lon="101.939062133333">
        <ele>179.145</ele>
        <time>2024-08-05T13:42:12+07:00</time>
      </trkpt>
      <trkpt lat="-1.92060845" lon="101.938887733333">
        <ele>181.099</ele>
        <time>2024-08-05T13:42:14+07:00</time>
      </trkpt>
      <trkpt lat="-1.92052715" lon="101.938701166667">
        <ele>186.679</ele>
        <time>2024-08-05T13:42:16+07:00</time>
      </trkpt>
      <trkpt lat="-1.92046205" lon="101.9385469">
        <ele>183.836</ele>
        <time>2024-08-05T13:42:18+07:00</time>
      </trkpt>
      <trkpt lat="-1.92040671666667" lon="101.938407616667">
        <ele>184.173</ele>
        <time>2024-08-05T13:42:20+07:00</time>
      </trkpt>
      <trkpt lat="-1.92036868333333" lon="101.93829525">
        <ele>179.67</ele>
        <time>2024-08-05T13:42:22+07:00</time>
      </trkpt>
      <trkpt lat="-1.92033925" lon="101.938154616667">
        <ele>179.251</ele>
        <time>2024-08-05T13:42:24+07:00</time>
      </trkpt>
      <trkpt lat="-1.9202949" lon="101.938024733333">
        <ele>177.151</ele>
        <time>2024-08-05T13:42:26+07:00</time>
      </trkpt>
      <trkpt lat="-1.92023543333333" lon="101.93794155">
        <ele>174.494</ele>
        <time>2024-08-05T13:42:28+07:00</time>
      </trkpt>
      <trkpt lat="-1.92021571666667" lon="101.937864183333">
        <ele>172.462</ele>
        <time>2024-08-05T13:42:30+07:00</time>
      </trkpt>
      <trkpt lat="-1.920188" lon="101.93777275">
        <ele>172.247</ele>
        <time>2024-08-05T13:42:32+07:00</time>
      </trkpt>
      <trkpt lat="-1.92013128333333" lon="101.9376712">
        <ele>169.346</ele>
        <time>2024-08-05T13:42:34+07:00</time>
      </trkpt>
      <trkpt lat="-1.92005625" lon="101.9375487">
        <ele>164.97</ele>
        <time>2024-08-05T13:42:36+07:00</time>
      </trkpt>
      <trkpt lat="-1.92001578333333" lon="101.937417966667">
        <ele>166.079</ele>
        <time>2024-08-05T13:42:38+07:00</time>
      </trkpt>
      <trkpt lat="-1.91998495" lon="101.9372859">
        <ele>167.389</ele>
        <time>2024-08-05T13:42:40+07:00</time>
      </trkpt>
      <trkpt lat="-1.91999486666667" lon="101.937154216667">
        <ele>170.267</ele>
        <time>2024-08-05T13:42:42+07:00</time>
      </trkpt>
      <trkpt lat="-1.9200278" lon="101.9370075">
        <ele>172.613</ele>
        <time>2024-08-05T13:42:44+07:00</time>
      </trkpt>
      <trkpt lat="-1.92007895" lon="101.936857266667">
        <ele>174.368</ele>
        <time>2024-08-05T13:42:46+07:00</time>
      </trkpt>
      <trkpt lat="-1.92016098333333" lon="101.9367279">
        <ele>176.667</ele>
        <time>2024-08-05T13:42:48+07:00</time>
      </trkpt>
      <trkpt lat="-1.92021898333333" lon="101.936585383333">
        <ele>176.156</ele>
        <time>2024-08-05T13:42:50+07:00</time>
      </trkpt>
      <trkpt lat="-1.92027053333333" lon="101.936438383333">
        <ele>176.216</ele>
        <time>2024-08-05T13:42:52+07:00</time>
      </trkpt>
      <trkpt lat="-1.92031558333333" lon="101.936330416667">
        <ele>177.216</ele>
        <time>2024-08-05T13:42:54+07:00</time>
      </trkpt>
      <trkpt lat="-1.92035406666667" lon="101.936263233333">
        <ele>178.696</ele>
        <time>2024-08-05T13:42:56+07:00</time>
      </trkpt>
      <trkpt lat="-1.92042386666667" lon="101.9362064">
        <ele>180.52</ele>
        <time>2024-08-05T13:42:58+07:00</time>
      </trkpt>
      <trkpt lat="-1.92058108333333" lon="101.936007433333">
        <ele>180.617</ele>
        <time>2024-08-05T13:43:00+07:00</time>
      </trkpt>
      <trkpt lat="-1.9206157" lon="101.9359284">
        <ele>180.617</ele>
        <time>2024-08-05T13:43:02+07:00</time>
      </trkpt>
      <trkpt lat="-1.92067253333333" lon="101.935810133333">
        <ele>180.688</ele>
        <time>2024-08-05T13:43:04+07:00</time>
      </trkpt>
      <trkpt lat="-1.92069145" lon="101.935704966667">
        <ele>182.164</ele>
        <time>2024-08-05T13:43:06+07:00</time>
      </trkpt>
      <trkpt lat="-1.92071325" lon="101.93556725">
        <ele>181.582</ele>
        <time>2024-08-05T13:43:08+07:00</time>
      </trkpt>
      <trkpt lat="-1.92072676666667" lon="101.935442333333">
        <ele>181.391</ele>
        <time>2024-08-05T13:43:10+07:00</time>
      </trkpt>
      <trkpt lat="-1.92075" lon="101.935323683333">
        <ele>182.083</ele>
        <time>2024-08-05T13:43:12+07:00</time>
      </trkpt>
      <trkpt lat="-1.92078175" lon="101.935209233333">
        <ele>180.979</ele>
        <time>2024-08-05T13:43:14+07:00</time>
      </trkpt>
      <trkpt lat="-1.92081356666667" lon="101.935118383333">
        <ele>181.74</ele>
        <time>2024-08-05T13:43:16+07:00</time>
      </trkpt>
      <trkpt lat="-1.9208111" lon="101.935045216667">
        <ele>182.329</ele>
        <time>2024-08-05T13:43:18+07:00</time>
      </trkpt>
      <trkpt lat="-1.92083015" lon="101.934915483333">
        <ele>180.46</ele>
        <time>2024-08-05T13:43:20+07:00</time>
      </trkpt>
      <trkpt lat="-1.92086075" lon="101.934798483333">
        <ele>180.64</ele>
        <time>2024-08-05T13:43:22+07:00</time>
      </trkpt>
      <trkpt lat="-1.92089708333333" lon="101.934680083333">
        <ele>179.524</ele>
        <time>2024-08-05T13:43:24+07:00</time>
      </trkpt>
      <trkpt lat="-1.92092198333333" lon="101.9345345">
        <ele>179.057</ele>
        <time>2024-08-05T13:43:26+07:00</time>
      </trkpt>
      <trkpt lat="-1.92094148333333" lon="101.934375866667">
        <ele>176.191</ele>
        <time>2024-08-05T13:43:28+07:00</time>
      </trkpt>
      <trkpt lat="-1.92096403333333" lon="101.934207683333">
        <ele>173.271</ele>
        <time>2024-08-05T13:43:30+07:00</time>
      </trkpt>
      <trkpt lat="-1.92100341666667" lon="101.9340539">
        <ele>172.204</ele>
        <time>2024-08-05T13:43:32+07:00</time>
      </trkpt>
      <trkpt lat="-1.92104531666667" lon="101.933927833333">
        <ele>171.453</ele>
        <time>2024-08-05T13:43:34+07:00</time>
      </trkpt>
      <trkpt lat="-1.9210628" lon="101.9338106">
        <ele>171.267</ele>
        <time>2024-08-05T13:43:36+07:00</time>
      </trkpt>
      <trkpt lat="-1.92102588333333" lon="101.933690566667">
        <ele>170.388</ele>
        <time>2024-08-05T13:43:38+07:00</time>
      </trkpt>
      <trkpt lat="-1.92100045" lon="101.933568366667">
        <ele>170.725</ele>
        <time>2024-08-05T13:43:40+07:00</time>
      </trkpt>
      <trkpt lat="-1.9209833" lon="101.933452283333">
        <ele>169.325</ele>
        <time>2024-08-05T13:43:42+07:00</time>
      </trkpt>
      <trkpt lat="-1.92096216666667" lon="101.933324566667">
        <ele>166.333</ele>
        <time>2024-08-05T13:43:44+07:00</time>
      </trkpt>
      <trkpt lat="-1.92096526666667" lon="101.933180233333">
        <ele>161.439</ele>
        <time>2024-08-05T13:43:46+07:00</time>
      </trkpt>
      <trkpt lat="-1.92098316666667" lon="101.933034183333">
        <ele>154.303</ele>
        <time>2024-08-05T13:43:48+07:00</time>
      </trkpt>
      <trkpt lat="-1.92099951666667" lon="101.932898166667">
        <ele>148.385</ele>
        <time>2024-08-05T13:43:50+07:00</time>
      </trkpt>
      <trkpt lat="-1.92101645" lon="101.932760233333">
        <ele>145.706</ele>
        <time>2024-08-05T13:43:52+07:00</time>
      </trkpt>
      <trkpt lat="-1.92103426666667" lon="101.932619533333">
        <ele>140.206</ele>
        <time>2024-08-05T13:43:54+07:00</time>
      </trkpt>
      <trkpt lat="-1.92105261666667" lon="101.93248705">
        <ele>137.759</ele>
        <time>2024-08-05T13:43:56+07:00</time>
      </trkpt>
      <trkpt lat="-1.92106211666667" lon="101.9323606">
        <ele>137.759</ele>
        <time>2024-08-05T13:43:58+07:00</time>
      </trkpt>
      <trkpt lat="-1.9210607" lon="101.932236266667">
        <ele>137.758</ele>
        <time>2024-08-05T13:44:00+07:00</time>
      </trkpt>
      <trkpt lat="-1.92105803333333" lon="101.932110816667">
        <ele>133.964</ele>
        <time>2024-08-05T13:44:02+07:00</time>
      </trkpt>
      <trkpt lat="-1.92064095" lon="101.93152385">
        <ele>169.007</ele>
        <time>2024-08-05T13:44:04+07:00</time>
      </trkpt>
      <trkpt lat="-1.92043733333333" lon="101.931261083333">
        <ele>169.001</ele>
        <time>2024-08-05T13:44:06+07:00</time>
      </trkpt>
      <trkpt lat="-1.92037715" lon="101.931180983333">
        <ele>167.999</ele>
        <time>2024-08-05T13:44:08+07:00</time>
      </trkpt>
      <trkpt lat="-1.92026581666667" lon="101.930965083333">
        <ele>185.467</ele>
        <time>2024-08-05T13:44:10+07:00</time>
      </trkpt>
      <trkpt lat="-1.92022255" lon="101.930890416667">
        <ele>170.002</ele>
        <time>2024-08-05T13:44:12+07:00</time>
      </trkpt>
      <trkpt lat="-1.92023893333333" lon="101.930872783333">
        <ele>170.007</ele>
        <time>2024-08-05T13:44:14+07:00</time>
      </trkpt>
      <trkpt lat="-1.92015385" lon="101.93070875">
        <ele>201.15</ele>
        <time>2024-08-05T13:44:16+07:00</time>
      </trkpt>
      <trkpt lat="-1.9201615" lon="101.9306224">
        <ele>192.79</ele>
        <time>2024-08-05T13:44:18+07:00</time>
      </trkpt>
      <trkpt lat="-1.92003855" lon="101.930380733333">
        <ele>175.047</ele>
        <time>2024-08-05T13:44:20+07:00</time>
      </trkpt>
      <trkpt lat="-1.92004326666667" lon="101.930237433333">
        <ele>177.735</ele>
        <time>2024-08-05T13:44:22+07:00</time>
      </trkpt>
      <trkpt lat="-1.91994606666667" lon="101.930007333333">
        <ele>174.997</ele>
        <time>2024-08-05T13:44:24+07:00</time>
      </trkpt>
      <trkpt lat="-1.91988351666667" lon="101.929961166667">
        <ele>174.006</ele>
        <time>2024-08-05T13:44:26+07:00</time>
      </trkpt>
      <trkpt lat="-1.91980621666667" lon="101.929871333333">
        <ele>189.909</ele>
        <time>2024-08-05T13:44:28+07:00</time>
      </trkpt>
      <trkpt lat="-1.91981486666667" lon="101.929843616667">
        <ele>198.17</ele>
        <time>2024-08-05T13:44:30+07:00</time>
      </trkpt>
      <trkpt lat="-1.91973645" lon="101.929746833333">
        <ele>195.569</ele>
        <time>2024-08-05T13:44:32+07:00</time>
      </trkpt>
      <trkpt lat="-1.91971708333333" lon="101.9297186">
        <ele>196.08</ele>
        <time>2024-08-05T13:44:34+07:00</time>
      </trkpt>
      <trkpt lat="-1.9196849" lon="101.92965885">
        <ele>183.01</ele>
        <time>2024-08-05T13:44:36+07:00</time>
      </trkpt>
      <trkpt lat="-1.91969023333333" lon="101.9296083">
        <ele>183.004</ele>
        <time>2024-08-05T13:44:38+07:00</time>
      </trkpt>
      <trkpt lat="-1.91960016666667" lon="101.929494916667">
        <ele>172.939</ele>
        <time>2024-08-05T13:44:40+07:00</time>
      </trkpt>
      <trkpt lat="-1.91956506666667" lon="101.929469783333">
        <ele>175.157</ele>
        <time>2024-08-05T13:44:42+07:00</time>
      </trkpt>
      <trkpt lat="-1.91958148333333" lon="101.929361316667">
        <ele>174.683</ele>
        <time>2024-08-05T13:44:44+07:00</time>
      </trkpt>
      <trkpt lat="-1.91949141666667" lon="101.92931705">
        <ele>176.017</ele>
        <time>2024-08-05T13:44:46+07:00</time>
      </trkpt>
      <trkpt lat="-1.9194667" lon="101.929280516667">
        <ele>175.999</ele>
        <time>2024-08-05T13:44:48+07:00</time>
      </trkpt>
      <trkpt lat="-1.91942441666667" lon="101.92918295">
        <ele>175.476</ele>
        <time>2024-08-05T13:44:50+07:00</time>
      </trkpt>
      <trkpt lat="-1.91939235" lon="101.92908065">
        <ele>175.159</ele>
        <time>2024-08-05T13:44:52+07:00</time>
      </trkpt>
      <trkpt lat="-1.91937708333333" lon="101.9289891">
        <ele>174.692</ele>
        <time>2024-08-05T13:44:54+07:00</time>
      </trkpt>
      <trkpt lat="-1.91935418333333" lon="101.928902266667">
        <ele>174.974</ele>
        <time>2024-08-05T13:44:56+07:00</time>
      </trkpt>
      <trkpt lat="-1.91934316666667" lon="101.9288074">
        <ele>174.642</ele>
        <time>2024-08-05T13:44:58+07:00</time>
      </trkpt>
      <trkpt lat="-1.91929733333333" lon="101.928704816667">
        <ele>175.742</ele>
        <time>2024-08-05T13:45:00+07:00</time>
      </trkpt>
      <trkpt lat="-1.91926331666667" lon="101.928607316667">
        <ele>176.01</ele>
        <time>2024-08-05T13:45:02+07:00</time>
      </trkpt>
      <trkpt lat="-1.91922805" lon="101.9285043">
        <ele>175.091</ele>
        <time>2024-08-05T13:45:04+07:00</time>
      </trkpt>
      <trkpt lat="-1.9191386" lon="101.928389283333">
        <ele>173.712</ele>
        <time>2024-08-05T13:45:06+07:00</time>
      </trkpt>
      <trkpt lat="-1.91904931666667" lon="101.928247266667">
        <ele>172.169</ele>
        <time>2024-08-05T13:45:08+07:00</time>
      </trkpt>
      <trkpt lat="-1.91897708333333" lon="101.928102216667">
        <ele>171.386</ele>
        <time>2024-08-05T13:45:10+07:00</time>
      </trkpt>
      <trkpt lat="-1.91889023333333" lon="101.927946183333">
        <ele>169.514</ele>
        <time>2024-08-05T13:45:12+07:00</time>
      </trkpt>
      <trkpt lat="-1.9188155" lon="101.9277986">
        <ele>168.626</ele>
        <time>2024-08-05T13:45:14+07:00</time>
      </trkpt>
      <trkpt lat="-1.91875996666667" lon="101.927643383333">
        <ele>168.928</ele>
        <time>2024-08-05T13:45:16+07:00</time>
      </trkpt>
      <trkpt lat="-1.91867503333333" lon="101.927529066667">
        <ele>167.078</ele>
        <time>2024-08-05T13:45:18+07:00</time>
      </trkpt>
      <trkpt lat="-1.9186165" lon="101.92739765">
        <ele>165.566</ele>
        <time>2024-08-05T13:45:20+07:00</time>
      </trkpt>
      <trkpt lat="-1.9185805" lon="101.927248733333">
        <ele>166.703</ele>
        <time>2024-08-05T13:45:22+07:00</time>
      </trkpt>
      <trkpt lat="-1.91849143333333" lon="101.927312133333">
        <ele>175.342</ele>
        <time>2024-08-05T13:45:24+07:00</time>
      </trkpt>
      <trkpt lat="-1.91844828333333" lon="101.927184066667">
        <ele>176.78</ele>
        <time>2024-08-05T13:45:26+07:00</time>
      </trkpt>
      <trkpt lat="-1.91846486666667" lon="101.927091783333">
        <ele>179.224</ele>
        <time>2024-08-05T13:45:28+07:00</time>
      </trkpt>
      <trkpt lat="-1.91840171666667" lon="101.926923983333">
        <ele>179.12</ele>
        <time>2024-08-05T13:45:30+07:00</time>
      </trkpt>
      <trkpt lat="-1.91835628333333" lon="101.926747633333">
        <ele>178.711</ele>
        <time>2024-08-05T13:45:32+07:00</time>
      </trkpt>
      <trkpt lat="-1.91831365" lon="101.926478516667">
        <ele>178.081</ele>
        <time>2024-08-05T13:45:34+07:00</time>
      </trkpt>
      <trkpt lat="-1.91863531666667" lon="101.925852883333">
        <ele>173.0</ele>
        <time>2024-08-05T13:45:36+07:00</time>
      </trkpt>
      <trkpt lat="-1.91832631666667" lon="101.924243433333">
        <ele>173.0</ele>
        <time>2024-08-05T13:45:38+07:00</time>
      </trkpt>
      <trkpt lat="-1.9194148" lon="101.92142275">
        <ele>172.999</ele>
        <time>2024-08-05T13:45:40+07:00</time>
      </trkpt>
      <trkpt lat="-1.9193245" lon="101.92133095">
        <ele>172.997</ele>
        <time>2024-08-05T13:45:42+07:00</time>
      </trkpt>
      <trkpt lat="-1.91929845" lon="101.921249766667">
        <ele>192.943</ele>
        <time>2024-08-05T13:45:44+07:00</time>
      </trkpt>
      <trkpt lat="-1.91919131666667" lon="101.9211155">
        <ele>196.345</ele>
        <time>2024-08-05T13:45:46+07:00</time>
      </trkpt>
      <trkpt lat="-1.91920031666667" lon="101.92104685">
        <ele>201.106</ele>
        <time>2024-08-05T13:45:48+07:00</time>
      </trkpt>
      <trkpt lat="-1.91921835" lon="101.920937333333">
        <ele>197.955</ele>
        <time>2024-08-05T13:45:50+07:00</time>
      </trkpt>
      <trkpt lat="-1.91919245" lon="101.920834466667">
        <ele>173.024</ele>
        <time>2024-08-05T13:45:52+07:00</time>
      </trkpt>
      <trkpt lat="-1.91928681666667" lon="101.9207513">
        <ele>173.044</ele>
        <time>2024-08-05T13:45:54+07:00</time>
      </trkpt>
      <trkpt lat="-1.91923088333333" lon="101.920762883333">
        <ele>204.979</ele>
        <time>2024-08-05T13:45:56+07:00</time>
      </trkpt>
      <trkpt lat="-1.91926963333333" lon="101.920653283333">
        <ele>206.996</ele>
        <time>2024-08-05T13:45:58+07:00</time>
      </trkpt>
      <trkpt lat="-1.9192204" lon="101.920459783333">
        <ele>196.933</ele>
        <time>2024-08-05T13:46:00+07:00</time>
      </trkpt>
      <trkpt lat="-1.91922981666667" lon="101.920258916667">
        <ele>193.935</ele>
        <time>2024-08-05T13:46:02+07:00</time>
      </trkpt>
      <trkpt lat="-1.91929648333333" lon="101.91982285">
        <ele>172.999</ele>
        <time>2024-08-05T13:46:04+07:00</time>
      </trkpt>
      <trkpt lat="-1.91942208333333" lon="101.917227133333">
        <ele>173.0</ele>
        <time>2024-08-05T13:46:06+07:00</time>
      </trkpt>
      <trkpt lat="-1.91979468333333" lon="101.917502966667">
        <ele>218.238</ele>
        <time>2024-08-05T13:46:08+07:00</time>
      </trkpt>
      <trkpt lat="-1.91981651666667" lon="101.9173782">
        <ele>227.998</ele>
        <time>2024-08-05T13:46:10+07:00</time>
      </trkpt>
      <trkpt lat="-1.91988318333333" lon="101.9173165">
        <ele>198.827</ele>
        <time>2024-08-05T13:46:12+07:00</time>
      </trkpt>
      <trkpt lat="-1.9196863" lon="101.916972183333">
        <ele>190.45</ele>
        <time>2024-08-05T13:46:14+07:00</time>
      </trkpt>
      <trkpt lat="-1.91963391666667" lon="101.916785033333">
        <ele>176.0</ele>
        <time>2024-08-05T13:46:16+07:00</time>
      </trkpt>
      <trkpt lat="-1.91973411666667" lon="101.91670745">
        <ele>175.011</ele>
        <time>2024-08-05T13:46:18+07:00</time>
      </trkpt>
      <trkpt lat="-1.91981843333333" lon="101.916644433333">
        <ele>195.818</ele>
        <time>2024-08-05T13:46:20+07:00</time>
      </trkpt>
      <trkpt lat="-1.91980753333333" lon="101.91656405">
        <ele>195.574</ele>
        <time>2024-08-05T13:46:22+07:00</time>
      </trkpt>
      <trkpt lat="-1.91982716666667" lon="101.916478483333">
        <ele>196.016</ele>
        <time>2024-08-05T13:46:24+07:00</time>
      </trkpt>
      <trkpt lat="-1.91982883333333" lon="101.916369316667">
        <ele>196.399</ele>
        <time>2024-08-05T13:46:26+07:00</time>
      </trkpt>
      <trkpt lat="-1.91982651666667" lon="101.916255133333">
        <ele>197.442</ele>
        <time>2024-08-05T13:46:28+07:00</time>
      </trkpt>
      <trkpt lat="-1.91983001666667" lon="101.916126316667">
        <ele>199.111</ele>
        <time>2024-08-05T13:46:30+07:00</time>
      </trkpt>
      <trkpt lat="-1.91980053333333" lon="101.915982516667">
        <ele>197.413</ele>
        <time>2024-08-05T13:46:32+07:00</time>
      </trkpt>
      <trkpt lat="-1.91976468333333" lon="101.915866733333">
        <ele>195.482</ele>
        <time>2024-08-05T13:46:34+07:00</time>
      </trkpt>
      <trkpt lat="-1.91970146666667" lon="101.915762416667">
        <ele>193.673</ele>
        <time>2024-08-05T13:46:36+07:00</time>
      </trkpt>
      <trkpt lat="-1.91965285" lon="101.915643366667">
        <ele>189.534</ele>
        <time>2024-08-05T13:46:38+07:00</time>
      </trkpt>
      <trkpt lat="-1.91961048333333" lon="101.915531766667">
        <ele>189.536</ele>
        <time>2024-08-05T13:46:40+07:00</time>
      </trkpt>
      <trkpt lat="-1.9195616" lon="101.915412383333">
        <ele>190.572</ele>
        <time>2024-08-05T13:46:42+07:00</time>
      </trkpt>
      <trkpt lat="-1.91949346666667" lon="101.915309433333">
        <ele>190.572</ele>
        <time>2024-08-05T13:46:44+07:00</time>
      </trkpt>
      <trkpt lat="-1.91942808333333" lon="101.9152069">
        <ele>190.572</ele>
        <time>2024-08-05T13:46:46+07:00</time>
      </trkpt>
      <trkpt lat="-1.91936686666667" lon="101.915106683333">
        <ele>190.659</ele>
        <time>2024-08-05T13:46:48+07:00</time>
      </trkpt>
      <trkpt lat="-1.9193537" lon="101.914976533333">
        <ele>191.536</ele>
        <time>2024-08-05T13:46:50+07:00</time>
      </trkpt>
      <trkpt lat="-1.91939923333333" lon="101.914858466667">
        <ele>191.63</ele>
        <time>2024-08-05T13:46:52+07:00</time>
      </trkpt>
      <trkpt lat="-1.91947613333333" lon="101.914763083333">
        <ele>191.756</ele>
        <time>2024-08-05T13:46:54+07:00</time>
      </trkpt>
      <trkpt lat="-1.91958136666667" lon="101.9147106">
        <ele>191.824</ele>
        <time>2024-08-05T13:46:56+07:00</time>
      </trkpt>
      <trkpt lat="-1.9197058" lon="101.91465835">
        <ele>191.77</ele>
        <time>2024-08-05T13:46:58+07:00</time>
      </trkpt>
      <trkpt lat="-1.91983313333333" lon="101.91461505">
        <ele>192.183</ele>
        <time>2024-08-05T13:47:00+07:00</time>
      </trkpt>
      <trkpt lat="-1.91996431666667" lon="101.914586116667">
        <ele>192.619</ele>
        <time>2024-08-05T13:47:02+07:00</time>
      </trkpt>
      <trkpt lat="-1.92005936666667" lon="101.914557683333">
        <ele>192.432</ele>
        <time>2024-08-05T13:47:04+07:00</time>
      </trkpt>
      <trkpt lat="-1.92010945" lon="101.914516883333">
        <ele>193.728</ele>
        <time>2024-08-05T13:47:06+07:00</time>
      </trkpt>
      <trkpt lat="-1.92017906666667" lon="101.9144715">
        <ele>189.252</ele>
        <time>2024-08-05T13:47:08+07:00</time>
      </trkpt>
      <trkpt lat="-1.92028063333333" lon="101.914388966667">
        <ele>185.404</ele>
        <time>2024-08-05T13:47:10+07:00</time>
      </trkpt>
      <trkpt lat="-1.92039911666667" lon="101.914321033333">
        <ele>191.302</ele>
        <time>2024-08-05T13:47:12+07:00</time>
      </trkpt>
      <trkpt lat="-1.92053358333333" lon="101.914239733333">
        <ele>193.324</ele>
        <time>2024-08-05T13:47:14+07:00</time>
      </trkpt>
      <trkpt lat="-1.92065638333333" lon="101.914158616667">
        <ele>193.324</ele>
        <time>2024-08-05T13:47:16+07:00</time>
      </trkpt>
      <trkpt lat="-1.9207755" lon="101.914072766667">
        <ele>197.018</ele>
        <time>2024-08-05T13:47:18+07:00</time>
      </trkpt>
      <trkpt lat="-1.92087435" lon="101.913970683333">
        <ele>201.408</ele>
        <time>2024-08-05T13:47:20+07:00</time>
      </trkpt>
      <trkpt lat="-1.92095348333333" lon="101.913862">
        <ele>207.525</ele>
        <time>2024-08-05T13:47:22+07:00</time>
      </trkpt>
      <trkpt lat="-1.92102261666667" lon="101.91374425">
        <ele>216.97</ele>
        <time>2024-08-05T13:47:24+07:00</time>
      </trkpt>
      <trkpt lat="-1.9210751" lon="101.913620083333">
        <ele>224.502</ele>
        <time>2024-08-05T13:47:26+07:00</time>
      </trkpt>
      <trkpt lat="-1.92110501666667" lon="101.913503483333">
        <ele>229.853</ele>
        <time>2024-08-05T13:47:28+07:00</time>
      </trkpt>
      <trkpt lat="-1.92112798333333" lon="101.913386433333">
        <ele>232.738</ele>
        <time>2024-08-05T13:47:30+07:00</time>
      </trkpt>
      <trkpt lat="-1.92115035" lon="101.913273216667">
        <ele>235.135</ele>
        <time>2024-08-05T13:47:32+07:00</time>
      </trkpt>
      <trkpt lat="-1.92117113333333" lon="101.913156733333">
        <ele>239.926</ele>
        <time>2024-08-05T13:47:34+07:00</time>
      </trkpt>
      <trkpt lat="-1.92021813333333" lon="101.9121694">
        <ele>184.006</ele>
        <time>2024-08-05T13:47:36+07:00</time>
      </trkpt>
      <trkpt lat="-1.92033086666667" lon="101.912002216667">
        <ele>183.998</ele>
        <time>2024-08-05T13:47:38+07:00</time>
      </trkpt>
      <trkpt lat="-1.92029675" lon="101.911999616667">
        <ele>185.256</ele>
        <time>2024-08-05T13:47:40+07:00</time>
      </trkpt>
      <trkpt lat="-1.92025323333333" lon="101.911884116667">
        <ele>187.398</ele>
        <time>2024-08-05T13:47:42+07:00</time>
      </trkpt>
      <trkpt lat="-1.92022835" lon="101.911828016667">
        <ele>189.642</ele>
        <time>2024-08-05T13:47:44+07:00</time>
      </trkpt>
      <trkpt lat="-1.92021658333333" lon="101.9117336">
        <ele>193.386</ele>
        <time>2024-08-05T13:47:46+07:00</time>
      </trkpt>
      <trkpt lat="-1.92022623333333" lon="101.9116603">
        <ele>195.785</ele>
        <time>2024-08-05T13:47:48+07:00</time>
      </trkpt>
      <trkpt lat="-1.92023338333333" lon="101.911569483333">
        <ele>196.959</ele>
        <time>2024-08-05T13:47:50+07:00</time>
      </trkpt>
      <trkpt lat="-1.92024041666667" lon="101.9114742">
        <ele>199.22</ele>
        <time>2024-08-05T13:47:52+07:00</time>
      </trkpt>
      <trkpt lat="-1.92028645" lon="101.911411433333">
        <ele>201.174</ele>
        <time>2024-08-05T13:47:54+07:00</time>
      </trkpt>
      <trkpt lat="-1.92033725" lon="101.911361316667">
        <ele>203.276</ele>
        <time>2024-08-05T13:47:56+07:00</time>
      </trkpt>
      <trkpt lat="-1.9203804" lon="101.911289916667">
        <ele>211.321</ele>
        <time>2024-08-05T13:47:58+07:00</time>
      </trkpt>
      <trkpt lat="-1.92040135" lon="101.911185533333">
        <ele>217.563</ele>
        <time>2024-08-05T13:48:00+07:00</time>
      </trkpt>
      <trkpt lat="-1.92043133333333" lon="101.91106375">
        <ele>216.109</ele>
        <time>2024-08-05T13:48:02+07:00</time>
      </trkpt>
      <trkpt lat="-1.92043326666667" lon="101.910911766667">
        <ele>215.431</ele>
        <time>2024-08-05T13:48:04+07:00</time>
      </trkpt>
      <trkpt lat="-1.92045516666667" lon="101.910791166667">
        <ele>216.062</ele>
        <time>2024-08-05T13:48:06+07:00</time>
      </trkpt>
      <trkpt lat="-1.92048281666667" lon="101.91067575">
        <ele>217.688</ele>
        <time>2024-08-05T13:48:08+07:00</time>
      </trkpt>
      <trkpt lat="-1.91989423333333" lon="101.907347">
        <ele>207.0</ele>
        <time>2024-08-05T13:48:10+07:00</time>
      </trkpt>
      <trkpt lat="-1.91978428333333" lon="101.907245116667">
        <ele>207.0</ele>
        <time>2024-08-05T13:48:12+07:00</time>
      </trkpt>
      <trkpt lat="-1.9199626" lon="101.907150533333">
        <ele>207.045</ele>
        <time>2024-08-05T13:48:14+07:00</time>
      </trkpt>
      <trkpt lat="-1.91976761666667" lon="101.907184383333">
        <ele>207.014</ele>
        <time>2024-08-05T13:48:16+07:00</time>
      </trkpt>
      <trkpt lat="-1.91975845" lon="101.906735883333">
        <ele>206.999</ele>
        <time>2024-08-05T13:48:18+07:00</time>
      </trkpt>
      <trkpt lat="-1.92013165" lon="101.906671233333">
        <ele>205.999</ele>
        <time>2024-08-05T13:48:20+07:00</time>
      </trkpt>
      <trkpt lat="-1.91998495" lon="101.906706066667">
        <ele>205.999</ele>
        <time>2024-08-05T13:48:22+07:00</time>
      </trkpt>
      <trkpt lat="-1.9200233" lon="101.906625466667">
        <ele>206.244</ele>
        <time>2024-08-05T13:48:24+07:00</time>
      </trkpt>
      <trkpt lat="-1.92002076666667" lon="101.9065254">
        <ele>206.522</ele>
        <time>2024-08-05T13:48:26+07:00</time>
      </trkpt>
      <trkpt lat="-1.9200393" lon="101.9064367">
        <ele>206.25</ele>
        <time>2024-08-05T13:48:28+07:00</time>
      </trkpt>
      <trkpt lat="-1.92002305" lon="101.906343683333">
        <ele>209.948</ele>
        <time>2024-08-05T13:48:30+07:00</time>
      </trkpt>
      <trkpt lat="-1.92000196666667" lon="101.906246966667">
        <ele>209.932</ele>
        <time>2024-08-05T13:48:32+07:00</time>
      </trkpt>
      <trkpt lat="-1.91998411666667" lon="101.90612585">
        <ele>211.035</ele>
        <time>2024-08-05T13:48:34+07:00</time>
      </trkpt>
      <trkpt lat="-1.91991783333333" lon="101.9060413">
        <ele>209.334</ele>
        <time>2024-08-05T13:48:36+07:00</time>
      </trkpt>
      <trkpt lat="-1.91983958333333" lon="101.9059641">
        <ele>211.861</ele>
        <time>2024-08-05T13:48:38+07:00</time>
      </trkpt>
      <trkpt lat="-1.91975233333333" lon="101.905909766667">
        <ele>213.462</ele>
        <time>2024-08-05T13:48:40+07:00</time>
      </trkpt>
      <trkpt lat="-1.91966171666667" lon="101.9058363">
        <ele>213.663</ele>
        <time>2024-08-05T13:48:42+07:00</time>
      </trkpt>
      <trkpt lat="-1.91955258333333" lon="101.905773383333">
        <ele>209.337</ele>
        <time>2024-08-05T13:48:44+07:00</time>
      </trkpt>
      <trkpt lat="-1.91947151666667" lon="101.905753816667">
        <ele>207.675</ele>
        <time>2024-08-05T13:48:46+07:00</time>
      </trkpt>
      <trkpt lat="-1.91942416666667" lon="101.905756">
        <ele>204.862</ele>
        <time>2024-08-05T13:48:48+07:00</time>
      </trkpt>
      <trkpt lat="-1.91940816666667" lon="101.905743683333">
        <ele>202.659</ele>
        <time>2024-08-05T13:48:50+07:00</time>
      </trkpt>
      <trkpt lat="-1.91937341666667" lon="101.90572195">
        <ele>202.53</ele>
        <time>2024-08-05T13:48:52+07:00</time>
      </trkpt>
      <trkpt lat="-1.91934048333333" lon="101.905700216667">
        <ele>202.37</ele>
        <time>2024-08-05T13:48:54+07:00</time>
      </trkpt>
      <trkpt lat="-1.9193053" lon="101.905680216667">
        <ele>202.806</ele>
        <time>2024-08-05T13:48:56+07:00</time>
      </trkpt>
      <trkpt lat="-1.91926736666667" lon="101.9056562">
        <ele>203.785</ele>
        <time>2024-08-05T13:48:58+07:00</time>
      </trkpt>
      <trkpt lat="-1.91923001666667" lon="101.905629633333">
        <ele>204.926</ele>
        <time>2024-08-05T13:49:00+07:00</time>
      </trkpt>
      <trkpt lat="-1.91919398333333" lon="101.9056017">
        <ele>206.93</ele>
        <time>2024-08-05T13:49:02+07:00</time>
      </trkpt>
      <trkpt lat="-1.91914485" lon="101.905568116667">
        <ele>209.113</ele>
        <time>2024-08-05T13:49:04+07:00</time>
      </trkpt>
      <trkpt lat="-1.919063" lon="101.9055079">
        <ele>212.398</ele>
        <time>2024-08-05T13:49:06+07:00</time>
      </trkpt>
      <trkpt lat="-1.9189764" lon="101.905431933333">
        <ele>214.48</ele>
        <time>2024-08-05T13:49:08+07:00</time>
      </trkpt>
      <trkpt lat="-1.9188951" lon="101.905346766667">
        <ele>217.348</ele>
        <time>2024-08-05T13:49:10+07:00</time>
      </trkpt>
      <trkpt lat="-1.91878706666667" lon="101.90523135">
        <ele>211.006</ele>
        <time>2024-08-05T13:49:12+07:00</time>
      </trkpt>
      <trkpt lat="-1.91866841666667" lon="101.905121433333">
        <ele>203.496</ele>
        <time>2024-08-05T13:49:14+07:00</time>
      </trkpt>
      <trkpt lat="-1.91861186666667" lon="101.90499215">
        <ele>199.238</ele>
        <time>2024-08-05T13:49:16+07:00</time>
      </trkpt>
      <trkpt lat="-1.91858655" lon="101.904852466667">
        <ele>196.583</ele>
        <time>2024-08-05T13:49:18+07:00</time>
      </trkpt>
      <trkpt lat="-1.91854785" lon="101.904734866667">
        <ele>194.032</ele>
        <time>2024-08-05T13:49:20+07:00</time>
      </trkpt>
      <trkpt lat="-1.91854438333333" lon="101.904587866667">
        <ele>192.447</ele>
        <time>2024-08-05T13:49:22+07:00</time>
      </trkpt>
      <trkpt lat="-1.91852501666667" lon="101.904481233333">
        <ele>192.188</ele>
        <time>2024-08-05T13:49:24+07:00</time>
      </trkpt>
      <trkpt lat="-1.91850601666667" lon="101.9043682">
        <ele>191.17</ele>
        <time>2024-08-05T13:49:26+07:00</time>
      </trkpt>
      <trkpt lat="-1.91849735" lon="101.904222816667">
        <ele>191.99</ele>
        <time>2024-08-05T13:49:28+07:00</time>
      </trkpt>
      <trkpt lat="-1.91847593333333" lon="101.904119916667">
        <ele>191.641</ele>
        <time>2024-08-05T13:49:30+07:00</time>
      </trkpt>
      <trkpt lat="-1.91846378333333" lon="101.904018416667">
        <ele>191.526</ele>
        <time>2024-08-05T13:49:32+07:00</time>
      </trkpt>
      <trkpt lat="-1.92481466666667" lon="101.899756033333">
        <ele>197.002</ele>
        <time>2024-08-05T13:49:34+07:00</time>
      </trkpt>
      <trkpt lat="-1.92496426666667" lon="101.899753683333">
        <ele>197.004</ele>
        <time>2024-08-05T13:49:36+07:00</time>
      </trkpt>
      <trkpt lat="-1.92510871666667" lon="101.899565883333">
        <ele>197.001</ele>
        <time>2024-08-05T13:49:38+07:00</time>
      </trkpt>
      <trkpt lat="-1.92513591666667" lon="101.8991524">
        <ele>197.0</ele>
        <time>2024-08-05T13:49:40+07:00</time>
      </trkpt>
      <trkpt lat="-1.92550566666667" lon="101.899132683333">
        <ele>197.005</ele>
        <time>2024-08-05T13:49:42+07:00</time>
      </trkpt>
      <trkpt lat="-1.92573663333333" lon="101.899142183333">
        <ele>197.003</ele>
        <time>2024-08-05T13:49:44+07:00</time>
      </trkpt>
      <trkpt lat="-1.92591746666667" lon="101.899070433333">
        <ele>221.075</ele>
        <time>2024-08-05T13:49:46+07:00</time>
      </trkpt>
      <trkpt lat="-1.92659771666667" lon="101.89883415">
        <ele>201.001</ele>
        <time>2024-08-05T13:49:48+07:00</time>
      </trkpt>
      <trkpt lat="-1.92602498333333" lon="101.8977909">
        <ele>200.999</ele>
        <time>2024-08-05T13:49:50+07:00</time>
      </trkpt>
      <trkpt lat="-1.92591721666667" lon="101.897577166667">
        <ele>200.005</ele>
        <time>2024-08-05T13:49:52+07:00</time>
      </trkpt>
      <trkpt lat="-1.925674" lon="101.897569466667">
        <ele>200.002</ele>
        <time>2024-08-05T13:49:54+07:00</time>
      </trkpt>
      <trkpt lat="-1.92567466666667" lon="101.897488816667">
        <ele>200.004</ele>
        <time>2024-08-05T13:49:56+07:00</time>
      </trkpt>
      <trkpt lat="-1.92593483333333" lon="101.89725365">
        <ele>200.0</ele>
        <time>2024-08-05T13:49:58+07:00</time>
      </trkpt>
      <trkpt lat="-1.92615065" lon="101.8971417">
        <ele>200.0</ele>
        <time>2024-08-05T13:50:00+07:00</time>
      </trkpt>
      <trkpt lat="-1.9262105" lon="101.89699875">
        <ele>200.0</ele>
        <time>2024-08-05T13:50:02+07:00</time>
      </trkpt>
      <trkpt lat="-1.92630311666667" lon="101.896906366667">
        <ele>203.22</ele>
        <time>2024-08-05T13:50:04+07:00</time>
      </trkpt>
      <trkpt lat="-1.92641218333333" lon="101.896832733333">
        <ele>204.972</ele>
        <time>2024-08-05T13:50:06+07:00</time>
      </trkpt>
      <trkpt lat="-1.9265026" lon="101.896764433333">
        <ele>200.083</ele>
        <time>2024-08-05T13:50:08+07:00</time>
      </trkpt>
      <trkpt lat="-1.92665623333333" lon="101.89694925">
        <ele>200.0</ele>
        <time>2024-08-05T13:50:10+07:00</time>
      </trkpt>
      <trkpt lat="-1.92735736666667" lon="101.896130283333">
        <ele>200.0</ele>
        <time>2024-08-05T13:50:12+07:00</time>
      </trkpt>
      <trkpt lat="-1.92744843333333" lon="101.89604445">
        <ele>198.999</ele>
        <time>2024-08-05T13:50:14+07:00</time>
      </trkpt>
      <trkpt lat="-1.92760081666667" lon="101.895983">
        <ele>183.191</ele>
        <time>2024-08-05T13:50:16+07:00</time>
      </trkpt>
      <trkpt lat="-1.92772041666667" lon="101.895930083333">
        <ele>144.535</ele>
        <time>2024-08-05T13:50:18+07:00</time>
      </trkpt>
      <trkpt lat="-1.92771358333333" lon="101.895674416667">
        <ele>183.911</ele>
        <time>2024-08-05T13:50:20+07:00</time>
      </trkpt>
      <trkpt lat="-1.9277341" lon="101.89546925">
        <ele>207.919</ele>
        <time>2024-08-05T13:50:22+07:00</time>
      </trkpt>
      <trkpt lat="-1.92784305" lon="101.89542435">
        <ele>189.001</ele>
        <time>2024-08-05T13:50:24+07:00</time>
      </trkpt>
      <trkpt lat="-1.92795683333333" lon="101.8953383">
        <ele>189.0</ele>
        <time>2024-08-05T13:50:26+07:00</time>
      </trkpt>
      <trkpt lat="-1.92796146666667" lon="101.89523265">
        <ele>199.868</ele>
        <time>2024-08-05T13:50:28+07:00</time>
      </trkpt>
      <trkpt lat="-1.92797211666667" lon="101.895148816667">
        <ele>208.499</ele>
        <time>2024-08-05T13:50:30+07:00</time>
      </trkpt>
      <trkpt lat="-1.9281323" lon="101.895189633333">
        <ele>191.399</ele>
        <time>2024-08-05T13:50:32+07:00</time>
      </trkpt>
      <trkpt lat="-1.92821538333333" lon="101.89509935">
        <ele>187.832</ele>
        <time>2024-08-05T13:50:34+07:00</time>
      </trkpt>
      <trkpt lat="-1.92827986666667" lon="101.895010583333">
        <ele>189.0</ele>
        <time>2024-08-05T13:50:36+07:00</time>
      </trkpt>
      <trkpt lat="-1.92835703333333" lon="101.89487845">
        <ele>189.001</ele>
        <time>2024-08-05T13:50:38+07:00</time>
      </trkpt>
      <trkpt lat="-1.92850553333333" lon="101.894792983333">
        <ele>186.709</ele>
        <time>2024-08-05T13:50:40+07:00</time>
      </trkpt>
      <trkpt lat="-1.9285348" lon="101.894545783333">
        <ele>214.993</ele>
        <time>2024-08-05T13:50:42+07:00</time>
      </trkpt>
      <trkpt lat="-1.92863681666667" lon="101.894474583333">
        <ele>205.589</ele>
        <time>2024-08-05T13:50:44+07:00</time>
      </trkpt>
      <trkpt lat="-1.92878185" lon="101.894473783333">
        <ele>195.735</ele>
        <time>2024-08-05T13:50:46+07:00</time>
      </trkpt>
      <trkpt lat="-1.92896745" lon="101.894465416667">
        <ele>188.0</ele>
        <time>2024-08-05T13:50:48+07:00</time>
      </trkpt>
      <trkpt lat="-1.92913721666667" lon="101.894437916667">
        <ele>188.0</ele>
        <time>2024-08-05T13:50:50+07:00</time>
      </trkpt>
      <trkpt lat="-1.92933548333333" lon="101.894448533333">
        <ele>173.056</ele>
        <time>2024-08-05T13:50:52+07:00</time>
      </trkpt>
      <trkpt lat="-1.92949181666667" lon="101.89441745">
        <ele>165.391</ele>
        <time>2024-08-05T13:50:54+07:00</time>
      </trkpt>
      <trkpt lat="-1.92961426666667" lon="101.894333233333">
        <ele>177.682</ele>
        <time>2024-08-05T13:50:56+07:00</time>
      </trkpt>
      <trkpt lat="-1.92969576666667" lon="101.894232183333">
        <ele>189.494</ele>
        <time>2024-08-05T13:50:58+07:00</time>
      </trkpt>
      <trkpt lat="-1.92976496666667" lon="101.894220533333">
        <ele>181.001</ele>
        <time>2024-08-05T13:51:00+07:00</time>
      </trkpt>
      <trkpt lat="-1.92990106666667" lon="101.8942308">
        <ele>181.003</ele>
        <time>2024-08-05T13:51:02+07:00</time>
      </trkpt>
      <trkpt lat="-1.93007691666667" lon="101.894269033333">
        <ele>196.427</ele>
        <time>2024-08-05T13:51:04+07:00</time>
      </trkpt>
      <trkpt lat="-1.93022998333333" lon="101.894320933333">
        <ele>182.0</ele>
        <time>2024-08-05T13:51:06+07:00</time>
      </trkpt>
      <trkpt lat="-1.93033305" lon="101.894307633333">
        <ele>182.006</ele>
        <time>2024-08-05T13:51:08+07:00</time>
      </trkpt>
      <trkpt lat="-1.93047603333333" lon="101.894347366667">
        <ele>182.004</ele>
        <time>2024-08-05T13:51:10+07:00</time>
      </trkpt>
      <trkpt lat="-1.93047458333333" lon="101.894129783333">
        <ele>231.344</ele>
        <time>2024-08-05T13:51:12+07:00</time>
      </trkpt>
      <trkpt lat="-1.93070995" lon="101.89424285">
        <ele>215.13</ele>
        <time>2024-08-05T13:51:14+07:00</time>
      </trkpt>
      <trkpt lat="-1.93082993333333" lon="101.894221183333">
        <ele>208.89</ele>
        <time>2024-08-05T13:51:16+07:00</time>
      </trkpt>
      <trkpt lat="-1.9309511" lon="101.894205666667">
        <ele>206.406</ele>
        <time>2024-08-05T13:51:18+07:00</time>
      </trkpt>
      <trkpt lat="-1.93108548333333" lon="101.894165983333">
        <ele>201.238</ele>
        <time>2024-08-05T13:51:20+07:00</time>
      </trkpt>
      <trkpt lat="-1.9312092" lon="101.894105116667">
        <ele>198.387</ele>
        <time>2024-08-05T13:51:22+07:00</time>
      </trkpt>
      <trkpt lat="-1.93134151666667" lon="101.894055266667">
        <ele>198.319</ele>
        <time>2024-08-05T13:51:24+07:00</time>
      </trkpt>
      <trkpt lat="-1.93147695" lon="101.893981833333">
        <ele>197.381</ele>
        <time>2024-08-05T13:51:26+07:00</time>
      </trkpt>
      <trkpt lat="-1.93160925" lon="101.893931966667">
        <ele>197.313</ele>
        <time>2024-08-05T13:51:28+07:00</time>
      </trkpt>
      <trkpt lat="-1.93171831666667" lon="101.893882616667">
        <ele>196.394</ele>
        <time>2024-08-05T13:51:30+07:00</time>
      </trkpt>
      <trkpt lat="-1.9318132" lon="101.893842816667">
        <ele>196.175</ele>
        <time>2024-08-05T13:51:32+07:00</time>
      </trkpt>
      <trkpt lat="-1.93190845" lon="101.89380485">
        <ele>196.175</ele>
        <time>2024-08-05T13:51:34+07:00</time>
      </trkpt>
      <trkpt lat="-1.9322311" lon="101.893098966667">
        <ele>194.001</ele>
        <time>2024-08-05T13:51:36+07:00</time>
      </trkpt>
      <trkpt lat="-1.9323709" lon="101.8930562">
        <ele>194.0</ele>
        <time>2024-08-05T13:51:38+07:00</time>
      </trkpt>
      <trkpt lat="-1.93251088333333" lon="101.893006716667">
        <ele>198.408</ele>
        <time>2024-08-05T13:51:40+07:00</time>
      </trkpt>
      <trkpt lat="-1.9326765" lon="101.892978816667">
        <ele>199.957</ele>
        <time>2024-08-05T13:51:42+07:00</time>
      </trkpt>
      <trkpt lat="-1.93285781666667" lon="101.892962983333">
        <ele>199.978</ele>
        <time>2024-08-05T13:51:44+07:00</time>
      </trkpt>
      <trkpt lat="-1.93300613333333" lon="101.892935183333">
        <ele>200.068</ele>
        <time>2024-08-05T13:51:46+07:00</time>
      </trkpt>
      <trkpt lat="-1.93311761666667" lon="101.892936883333">
        <ele>202.978</ele>
        <time>2024-08-05T13:51:48+07:00</time>
      </trkpt>
      <trkpt lat="-1.93323851666667" lon="101.892943766667">
        <ele>204.241</ele>
        <time>2024-08-05T13:51:50+07:00</time>
      </trkpt>
      <trkpt lat="-1.93335586666667" lon="101.892990666667">
        <ele>207.552</ele>
        <time>2024-08-05T13:51:52+07:00</time>
      </trkpt>
      <trkpt lat="-1.93342885" lon="101.89297195">
        <ele>209.829</ele>
        <time>2024-08-05T13:51:54+07:00</time>
      </trkpt>
      <trkpt lat="-1.93352115" lon="101.892966866667">
        <ele>213.488</ele>
        <time>2024-08-05T13:51:56+07:00</time>
      </trkpt>
      <trkpt lat="-1.93366646666667" lon="101.8929774">
        <ele>215.78</ele>
        <time>2024-08-05T13:51:58+07:00</time>
      </trkpt>
      <trkpt lat="-1.93383211666667" lon="101.892998733333">
        <ele>214.822</ele>
        <time>2024-08-05T13:52:00+07:00</time>
      </trkpt>
      <trkpt lat="-1.93402805" lon="101.89301155">
        <ele>215.33</ele>
        <time>2024-08-05T13:52:02+07:00</time>
      </trkpt>
      <trkpt lat="-1.93422275" lon="101.8930061">
        <ele>213.553</ele>
        <time>2024-08-05T13:52:04+07:00</time>
      </trkpt>
      <trkpt lat="-1.93441345" lon="101.893023316667">
        <ele>212.948</ele>
        <time>2024-08-05T13:52:06+07:00</time>
      </trkpt>
      <trkpt lat="-1.93457738333333" lon="101.893061783333">
        <ele>212.498</ele>
        <time>2024-08-05T13:52:08+07:00</time>
      </trkpt>
      <trkpt lat="-1.93469835" lon="101.89307105">
        <ele>211.675</ele>
        <time>2024-08-05T13:52:10+07:00</time>
      </trkpt>
      <trkpt lat="-1.93478848333333" lon="101.893055633333">
        <ele>210.292</ele>
        <time>2024-08-05T13:52:12+07:00</time>
      </trkpt>
      <trkpt lat="-1.93484571666667" lon="101.893000516667">
        <ele>210.716</ele>
        <time>2024-08-05T13:52:14+07:00</time>
      </trkpt>
      <trkpt lat="-1.93485843333333" lon="101.89297155">
        <ele>211.641</ele>
        <time>2024-08-05T13:52:16+07:00</time>
      </trkpt>
      <trkpt lat="-1.93487701666667" lon="101.892952766667">
        <ele>211.641</ele>
        <time>2024-08-05T13:52:18+07:00</time>
      </trkpt>
      <trkpt lat="-1.93477791666667" lon="101.892902033333">
        <ele>209.544</ele>
        <time>2024-08-05T13:52:20+07:00</time>
      </trkpt>
      <trkpt lat="-1.93468338333333" lon="101.892835183333">
        <ele>208.975</ele>
        <time>2024-08-05T13:52:22+07:00</time>
      </trkpt>
      <trkpt lat="-1.93457531666667" lon="101.8927463">
        <ele>214.792</ele>
        <time>2024-08-05T13:52:24+07:00</time>
      </trkpt>
      <trkpt lat="-1.9345108" lon="101.892665433333">
        <ele>216.982</ele>
        <time>2024-08-05T13:52:26+07:00</time>
      </trkpt>
      <trkpt lat="-1.93442218333333" lon="101.89258125">
        <ele>214.598</ele>
        <time>2024-08-05T13:52:28+07:00</time>
      </trkpt>
      <trkpt lat="-1.9343579" lon="101.892476333333">
        <ele>211.315</ele>
        <time>2024-08-05T13:52:30+07:00</time>
      </trkpt>
      <trkpt lat="-1.93437623333333" lon="101.892381883333">
        <ele>211.507</ele>
        <time>2024-08-05T13:52:32+07:00</time>
      </trkpt>
      <trkpt lat="-1.93441673333333" lon="101.892287966667">
        <ele>212.606</ele>
        <time>2024-08-05T13:52:34+07:00</time>
      </trkpt>
      <trkpt lat="-1.93451741666667" lon="101.8921264">
        <ele>214.185</ele>
        <time>2024-08-05T13:52:36+07:00</time>
      </trkpt>
      <trkpt lat="-1.93454398333333" lon="101.891865033333">
        <ele>214.874</ele>
        <time>2024-08-05T13:52:38+07:00</time>
      </trkpt>
      <trkpt lat="-1.93454203333333" lon="101.8916694">
        <ele>219.627</ele>
        <time>2024-08-05T13:52:40+07:00</time>
      </trkpt>
      <trkpt lat="-1.93452226666667" lon="101.8915957">
        <ele>219.788</ele>
        <time>2024-08-05T13:52:42+07:00</time>
      </trkpt>
      <trkpt lat="-1.9345194" lon="101.891555683333">
        <ele>219.828</ele>
        <time>2024-08-05T13:52:44+07:00</time>
      </trkpt>
      <trkpt lat="-1.93455363333333" lon="101.891474216667">
        <ele>219.514</ele>
        <time>2024-08-05T13:52:46+07:00</time>
      </trkpt>
      <trkpt lat="-1.93455343333333" lon="101.89136775">
        <ele>222.468</ele>
        <time>2024-08-05T13:52:48+07:00</time>
      </trkpt>
      <trkpt lat="-1.93450753333333" lon="101.8912738">
        <ele>224.306</ele>
        <time>2024-08-05T13:52:50+07:00</time>
      </trkpt>
      <trkpt lat="-1.93447453333333" lon="101.8911692">
        <ele>226.075</ele>
        <time>2024-08-05T13:52:52+07:00</time>
      </trkpt>
      <trkpt lat="-1.9344222" lon="101.891060883333">
        <ele>227.735</ele>
        <time>2024-08-05T13:52:54+07:00</time>
      </trkpt>
      <trkpt lat="-1.93439581666667" lon="101.8909469">
        <ele>221.232</ele>
        <time>2024-08-05T13:52:56+07:00</time>
      </trkpt>
      <trkpt lat="-1.93436818333333" lon="101.890705883333">
        <ele>218.95</ele>
        <time>2024-08-05T13:52:58+07:00</time>
      </trkpt>
      <trkpt lat="-1.9343436" lon="101.890535066667">
        <ele>221.46</ele>
        <time>2024-08-05T13:53:00+07:00</time>
      </trkpt>
      <trkpt lat="-1.93433366666667" lon="101.890379033333">
        <ele>222.119</ele>
        <time>2024-08-05T13:53:02+07:00</time>
      </trkpt>
      <trkpt lat="-1.93433221666667" lon="101.890214133333">
        <ele>222.624</ele>
        <time>2024-08-05T13:53:04+07:00</time>
      </trkpt>
      <trkpt lat="-1.93433153333333" lon="101.890057616667">
        <ele>222.511</ele>
        <time>2024-08-05T13:53:06+07:00</time>
      </trkpt>
      <trkpt lat="-1.93433111666667" lon="101.88990205">
        <ele>222.188</ele>
        <time>2024-08-05T13:53:08+07:00</time>
      </trkpt>
      <trkpt lat="-1.9343285" lon="101.889667416667">
        <ele>221.996</ele>
        <time>2024-08-05T13:53:10+07:00</time>
      </trkpt>
      <trkpt lat="-1.93626038333333" lon="101.885162183333">
        <ele>214.999</ele>
        <time>2024-08-05T13:53:12+07:00</time>
      </trkpt>
      <trkpt lat="-1.9366922" lon="101.884716916667">
        <ele>214.003</ele>
        <time>2024-08-05T13:53:14+07:00</time>
      </trkpt>
      <trkpt lat="-1.93686688333333" lon="101.884715716667">
        <ele>214.0</ele>
        <time>2024-08-05T13:53:16+07:00</time>
      </trkpt>
      <trkpt lat="-1.93747546666667" lon="101.884745483333">
        <ele>214.021</ele>
        <time>2024-08-05T13:53:18+07:00</time>
      </trkpt>
      <trkpt lat="-1.93764105" lon="101.88481655">
        <ele>214.003</ele>
        <time>2024-08-05T13:53:20+07:00</time>
      </trkpt>
      <trkpt lat="-1.93771226666667" lon="101.884750616667">
        <ele>241.3</ele>
        <time>2024-08-05T13:53:22+07:00</time>
      </trkpt>
      <trkpt lat="-1.93792303333333" lon="101.8846765">
        <ele>243.278</ele>
        <time>2024-08-05T13:53:24+07:00</time>
      </trkpt>
      <trkpt lat="-1.93808063333333" lon="101.884521166667">
        <ele>255.369</ele>
        <time>2024-08-05T13:53:26+07:00</time>
      </trkpt>
      <trkpt lat="-1.93841266666667" lon="101.88475945">
        <ele>220.461</ele>
        <time>2024-08-05T13:53:28+07:00</time>
      </trkpt>
      <trkpt lat="-1.93986643333333" lon="101.8830087">
        <ele>219.0</ele>
        <time>2024-08-05T13:53:30+07:00</time>
      </trkpt>
      <trkpt lat="-1.93988873333333" lon="101.882873483333">
        <ele>218.999</ele>
        <time>2024-08-05T13:53:32+07:00</time>
      </trkpt>
      <trkpt lat="-1.93992835" lon="101.88275035">
        <ele>218.995</ele>
        <time>2024-08-05T13:53:34+07:00</time>
      </trkpt>
      <trkpt lat="-1.93994681666667" lon="101.882668033333">
        <ele>218.998</ele>
        <time>2024-08-05T13:53:36+07:00</time>
      </trkpt>
      <trkpt lat="-1.94000693333333" lon="101.8825446">
        <ele>219.001</ele>
        <time>2024-08-05T13:53:38+07:00</time>
      </trkpt>
      <trkpt lat="-1.93998353333333" lon="101.882621083333">
        <ele>218.998</ele>
        <time>2024-08-05T13:53:40+07:00</time>
      </trkpt>
      <trkpt lat="-1.93994926666667" lon="101.8825667">
        <ele>216.999</ele>
        <time>2024-08-05T13:53:42+07:00</time>
      </trkpt>
      <trkpt lat="-1.93988821666667" lon="101.882346916667">
        <ele>218.736</ele>
        <time>2024-08-05T13:53:44+07:00</time>
      </trkpt>
      <trkpt lat="-1.93983818333333" lon="101.88231765">
        <ele>218.794</ele>
        <time>2024-08-05T13:53:46+07:00</time>
      </trkpt>
      <trkpt lat="-1.93979485" lon="101.882252833333">
        <ele>214.222</ele>
        <time>2024-08-05T13:53:48+07:00</time>
      </trkpt>
      <trkpt lat="-1.93977338333333" lon="101.882203366667">
        <ele>211.541</ele>
        <time>2024-08-05T13:53:50+07:00</time>
      </trkpt>
      <trkpt lat="-1.93974505" lon="101.88217105">
        <ele>211.002</ele>
        <time>2024-08-05T13:53:52+07:00</time>
      </trkpt>
      <trkpt lat="-1.9397533" lon="101.882084833333">
        <ele>211.004</ele>
        <time>2024-08-05T13:53:54+07:00</time>
      </trkpt>
      <trkpt lat="-1.93963313333333" lon="101.88197545">
        <ele>225.941</ele>
        <time>2024-08-05T13:53:56+07:00</time>
      </trkpt>
      <trkpt lat="-1.93964431666667" lon="101.881929283333">
        <ele>216.877</ele>
        <time>2024-08-05T13:53:58+07:00</time>
      </trkpt>
      <trkpt lat="-1.93966708333333" lon="101.881701633333">
        <ele>223.425</ele>
        <time>2024-08-05T13:54:00+07:00</time>
      </trkpt>
      <trkpt lat="-1.93960928333333" lon="101.881599033333">
        <ele>228.342</ele>
        <time>2024-08-05T13:54:02+07:00</time>
      </trkpt>
      <trkpt lat="-1.93952148333333" lon="101.8815916">
        <ele>215.002</ele>
        <time>2024-08-05T13:54:04+07:00</time>
      </trkpt>
      <trkpt lat="-1.93942931666667" lon="101.881496916667">
        <ele>214.997</ele>
        <time>2024-08-05T13:54:06+07:00</time>
      </trkpt>
      <trkpt lat="-1.93937735" lon="101.8814508">
        <ele>208.968</ele>
        <time>2024-08-05T13:54:08+07:00</time>
      </trkpt>
      <trkpt lat="-1.93928043333333" lon="101.8813754">
        <ele>214.281</ele>
        <time>2024-08-05T13:54:10+07:00</time>
      </trkpt>
      <trkpt lat="-1.93922161666667" lon="101.8813002">
        <ele>220.198</ele>
        <time>2024-08-05T13:54:12+07:00</time>
      </trkpt>
      <trkpt lat="-1.93913735" lon="101.881182883333">
        <ele>228.727</ele>
        <time>2024-08-05T13:54:14+07:00</time>
      </trkpt>
      <trkpt lat="-1.9390649" lon="101.881058883333">
        <ele>215.013</ele>
        <time>2024-08-05T13:54:16+07:00</time>
      </trkpt>
      <trkpt lat="-1.93897053333333" lon="101.88082565">
        <ele>214.0</ele>
        <time>2024-08-05T13:54:18+07:00</time>
      </trkpt>
      <trkpt lat="-1.9388108" lon="101.880881033333">
        <ele>217.131</ele>
        <time>2024-08-05T13:54:20+07:00</time>
      </trkpt>
      <trkpt lat="-1.93871356666667" lon="101.880769266667">
        <ele>219.057</ele>
        <time>2024-08-05T13:54:22+07:00</time>
      </trkpt>
      <trkpt lat="-1.9386197" lon="101.880706683333">
        <ele>220.054</ele>
        <time>2024-08-05T13:54:24+07:00</time>
      </trkpt>
      <trkpt lat="-1.9384931" lon="101.880649266667">
        <ele>220.534</ele>
        <time>2024-08-05T13:54:26+07:00</time>
      </trkpt>
      <trkpt lat="-1.938355" lon="101.880541916667">
        <ele>224.946</ele>
        <time>2024-08-05T13:54:28+07:00</time>
      </trkpt>
      <trkpt lat="-1.93821963333333" lon="101.880413466667">
        <ele>230.369</ele>
        <time>2024-08-05T13:54:30+07:00</time>
      </trkpt>
      <trkpt lat="-1.93810368333333" lon="101.8803046">
        <ele>231.029</ele>
        <time>2024-08-05T13:54:32+07:00</time>
      </trkpt>
      <trkpt lat="-1.93799671666667" lon="101.880188766667">
        <ele>230.729</ele>
        <time>2024-08-05T13:54:34+07:00</time>
      </trkpt>
      <trkpt lat="-1.93789851666667" lon="101.880076083333">
        <ele>228.631</ele>
        <time>2024-08-05T13:54:36+07:00</time>
      </trkpt>
      <trkpt lat="-1.93777195" lon="101.879955133333">
        <ele>226.746</ele>
        <time>2024-08-05T13:54:38+07:00</time>
      </trkpt>
      <trkpt lat="-1.93762888333333" lon="101.879829833333">
        <ele>226.87</ele>
        <time>2024-08-05T13:54:40+07:00</time>
      </trkpt>
      <trkpt lat="-1.93750736666667" lon="101.879723866667">
        <ele>222.309</ele>
        <time>2024-08-05T13:54:42+07:00</time>
      </trkpt>
      <trkpt lat="-1.93743568333333" lon="101.879604266667">
        <ele>218.045</ele>
        <time>2024-08-05T13:54:44+07:00</time>
      </trkpt>
      <trkpt lat="-1.93741363333333" lon="101.879501233333">
        <ele>211.714</ele>
        <time>2024-08-05T13:54:46+07:00</time>
      </trkpt>
      <trkpt lat="-1.93740015" lon="101.87939165">
        <ele>203.132</ele>
        <time>2024-08-05T13:54:48+07:00</time>
      </trkpt>
      <trkpt lat="-1.93739213333333" lon="101.879273766667">
        <ele>194.147</ele>
        <time>2024-08-05T13:54:50+07:00</time>
      </trkpt>
      <trkpt lat="-1.93737228333333" lon="101.879168633333">
        <ele>194.145</ele>
        <time>2024-08-05T13:54:52+07:00</time>
      </trkpt>
      <trkpt lat="-1.93735251666667" lon="101.879063716667">
        <ele>194.142</ele>
        <time>2024-08-05T13:54:54+07:00</time>
      </trkpt>
      <trkpt lat="-1.93733296666667" lon="101.878959283333">
        <ele>194.138</ele>
        <time>2024-08-05T13:54:56+07:00</time>
      </trkpt>
      <trkpt lat="-1.93731013333333" lon="101.878854516667">
        <ele>186.012</ele>
        <time>2024-08-05T13:54:58+07:00</time>
      </trkpt>
      <trkpt lat="-1.93811191666667" lon="101.8783813">
        <ele>215.0</ele>
        <time>2024-08-05T13:55:00+07:00</time>
      </trkpt>
      <trkpt lat="-1.93804348333333" lon="101.8783701">
        <ele>214.003</ele>
        <time>2024-08-05T13:55:02+07:00</time>
      </trkpt>
      <trkpt lat="-1.93804458333333" lon="101.878248083333">
        <ele>233.426</ele>
        <time>2024-08-05T13:55:04+07:00</time>
      </trkpt>
      <trkpt lat="-1.9380946" lon="101.878273616667">
        <ele>246.064</ele>
        <time>2024-08-05T13:55:06+07:00</time>
      </trkpt>
      <trkpt lat="-1.93812511666667" lon="101.87831425">
        <ele>225.198</ele>
        <time>2024-08-05T13:55:08+07:00</time>
      </trkpt>
      <trkpt lat="-1.93893066666667" lon="101.878130683333">
        <ele>220.992</ele>
        <time>2024-08-05T13:55:10+07:00</time>
      </trkpt>
      <trkpt lat="-1.93917133333333" lon="101.878189633333">
        <ele>218.992</ele>
        <time>2024-08-05T13:55:12+07:00</time>
      </trkpt>
      <trkpt lat="-1.93937823333333" lon="101.8782545">
        <ele>217.003</ele>
        <time>2024-08-05T13:55:14+07:00</time>
      </trkpt>
      <trkpt lat="-1.9395197" lon="101.878255766667">
        <ele>226.301</ele>
        <time>2024-08-05T13:55:16+07:00</time>
      </trkpt>
      <trkpt lat="-1.93980506666667" lon="101.8783457">
        <ele>208.009</ele>
        <time>2024-08-05T13:55:18+07:00</time>
      </trkpt>
      <trkpt lat="-1.9399651" lon="101.878350366667">
        <ele>208.027</ele>
        <time>2024-08-05T13:55:20+07:00</time>
      </trkpt>
      <trkpt lat="-1.94005375" lon="101.8782878">
        <ele>231.279</ele>
        <time>2024-08-05T13:55:22+07:00</time>
      </trkpt>
      <trkpt lat="-1.9401962" lon="101.878383966667">
        <ele>220.266</ele>
        <time>2024-08-05T13:55:24+07:00</time>
      </trkpt>
      <trkpt lat="-1.94009971666667" lon="101.8785651">
        <ele>211.997</ele>
        <time>2024-08-05T13:55:26+07:00</time>
      </trkpt>
      <trkpt lat="-1.94019306666667" lon="101.87888535">
        <ele>212.014</ele>
        <time>2024-08-05T13:55:28+07:00</time>
      </trkpt>
      <trkpt lat="-1.94005928333333" lon="101.878973616667">
        <ele>212.013</ele>
        <time>2024-08-05T13:55:30+07:00</time>
      </trkpt>
      <trkpt lat="-1.94061458333333" lon="101.87938885">
        <ele>286.626</ele>
        <time>2024-08-05T13:55:32+07:00</time>
      </trkpt>
      <trkpt lat="-1.94272028333333" lon="101.880164616667">
        <ele>289.222</ele>
        <time>2024-08-05T13:55:34+07:00</time>
      </trkpt>
      <trkpt lat="-1.94270845" lon="101.880375316667">
        <ele>268.723</ele>
        <time>2024-08-05T13:55:36+07:00</time>
      </trkpt>
      <trkpt lat="-1.94274073333333" lon="101.880540266667">
        <ele>248.498</ele>
        <time>2024-08-05T13:55:38+07:00</time>
      </trkpt>
      <trkpt lat="-1.94904976666667" lon="101.881513316667">
        <ele>248.712</ele>
        <time>2024-08-05T13:55:40+07:00</time>
      </trkpt>
      <trkpt lat="-1.94912773333333" lon="101.881609266667">
        <ele>245.462</ele>
        <time>2024-08-05T13:55:42+07:00</time>
      </trkpt>
      <trkpt lat="-1.94964303333333" lon="101.881889366667">
        <ele>234.732</ele>
        <time>2024-08-05T13:55:44+07:00</time>
      </trkpt>
      <trkpt lat="-1.95188045" lon="101.880327383333">
        <ele>252.831</ele>
        <time>2024-08-05T13:55:46+07:00</time>
      </trkpt>
      <trkpt lat="-1.95198823333333" lon="101.880262383333">
        <ele>282.775</ele>
        <time>2024-08-05T13:55:48+07:00</time>
      </trkpt>
      <trkpt lat="-1.95203096666667" lon="101.880090683333">
        <ele>237.36</ele>
        <time>2024-08-05T13:55:50+07:00</time>
      </trkpt>
      <trkpt lat="-1.95208475" lon="101.88001415">
        <ele>239.172</ele>
        <time>2024-08-05T13:55:52+07:00</time>
      </trkpt>
      <trkpt lat="-1.9521125" lon="101.8799112">
        <ele>241.186</ele>
        <time>2024-08-05T13:55:54+07:00</time>
      </trkpt>
      <trkpt lat="-1.95215101666667" lon="101.879756033333">
        <ele>249.72</ele>
        <time>2024-08-05T13:55:56+07:00</time>
      </trkpt>
      <trkpt lat="-1.9521017" lon="101.879548866667">
        <ele>254.991</ele>
        <time>2024-08-05T13:55:58+07:00</time>
      </trkpt>
      <trkpt lat="-1.95206733333333" lon="101.879397383333">
        <ele>254.047</ele>
        <time>2024-08-05T13:56:00+07:00</time>
      </trkpt>
      <trkpt lat="-1.9520437" lon="101.8792274">
        <ele>249.862</ele>
        <time>2024-08-05T13:56:02+07:00</time>
      </trkpt>
      <trkpt lat="-1.95204301666667" lon="101.879064733333">
        <ele>251.327</ele>
        <time>2024-08-05T13:56:04+07:00</time>
      </trkpt>
      <trkpt lat="-1.95205533333333" lon="101.878891433333">
        <ele>250.847</ele>
        <time>2024-08-05T13:56:06+07:00</time>
      </trkpt>
      <trkpt lat="-1.9521326" lon="101.8782633">
        <ele>255.458</ele>
        <time>2024-08-05T13:56:08+07:00</time>
      </trkpt>
      <trkpt lat="-1.9521503" lon="101.8781131">
        <ele>255.458</ele>
        <time>2024-08-05T13:56:10+07:00</time>
      </trkpt>
      <trkpt lat="-1.95219458333333" lon="101.877778666667">
        <ele>255.659</ele>
        <time>2024-08-05T13:56:12+07:00</time>
      </trkpt>
      <trkpt lat="-1.95223228333333" lon="101.877611516667">
        <ele>255.659</ele>
        <time>2024-08-05T13:56:14+07:00</time>
      </trkpt>
      <trkpt lat="-1.9522589" lon="101.877367183333">
        <ele>255.793</ele>
        <time>2024-08-05T13:56:16+07:00</time>
      </trkpt>
      <trkpt lat="-1.95321701666667" lon="101.876910733333">
        <ele>245.999</ele>
        <time>2024-08-05T13:56:18+07:00</time>
      </trkpt>
      <trkpt lat="-1.95319806666667" lon="101.876939883333">
        <ele>245.999</ele>
        <time>2024-08-05T13:56:20+07:00</time>
      </trkpt>
      <trkpt lat="-1.95520765" lon="101.877586483333">
        <ele>246.004</ele>
        <time>2024-08-05T13:56:22+07:00</time>
      </trkpt>
      <trkpt lat="-1.955216" lon="101.877521883333">
        <ele>246.003</ele>
        <time>2024-08-05T13:56:24+07:00</time>
      </trkpt>
      <trkpt lat="-1.95531981666667" lon="101.877546333333">
        <ele>250.953</ele>
        <time>2024-08-05T13:56:26+07:00</time>
      </trkpt>
      <trkpt lat="-1.95552246666667" lon="101.87768435">
        <ele>260.726</ele>
        <time>2024-08-05T13:56:28+07:00</time>
      </trkpt>
      <trkpt lat="-1.95566938333333" lon="101.87776635">
        <ele>265.727</ele>
        <time>2024-08-05T13:56:30+07:00</time>
      </trkpt>
      <trkpt lat="-1.95578035" lon="101.877793633333">
        <ele>269.371</ele>
        <time>2024-08-05T13:56:32+07:00</time>
      </trkpt>
      <trkpt lat="-1.9558995" lon="101.877768966667">
        <ele>272.768</ele>
        <time>2024-08-05T13:56:34+07:00</time>
      </trkpt>
      <trkpt lat="-1.95602926666667" lon="101.87777005">
        <ele>270.674</ele>
        <time>2024-08-05T13:56:36+07:00</time>
      </trkpt>
      <trkpt lat="-1.95612333333333" lon="101.877708883333">
        <ele>272.787</ele>
        <time>2024-08-05T13:56:38+07:00</time>
      </trkpt>
      <trkpt lat="-1.95620638333333" lon="101.877546966667">
        <ele>268.594</ele>
        <time>2024-08-05T13:56:40+07:00</time>
      </trkpt>
      <trkpt lat="-1.95625911666667" lon="101.8774307">
        <ele>262.784</ele>
        <time>2024-08-05T13:56:42+07:00</time>
      </trkpt>
      <trkpt lat="-1.95630688333333" lon="101.877255033333">
        <ele>250.062</ele>
        <time>2024-08-05T13:56:44+07:00</time>
      </trkpt>
      <trkpt lat="-1.95634265" lon="101.8770727">
        <ele>247.753</ele>
        <time>2024-08-05T13:56:46+07:00</time>
      </trkpt>
      <trkpt lat="-1.95639933333333" lon="101.876911583333">
        <ele>247.278</ele>
        <time>2024-08-05T13:56:48+07:00</time>
      </trkpt>
      <trkpt lat="-1.95646163333333" lon="101.876775116667">
        <ele>248.173</ele>
        <time>2024-08-05T13:56:50+07:00</time>
      </trkpt>
      <trkpt lat="-1.95652463333333" lon="101.876655016667">
        <ele>251.007</ele>
        <time>2024-08-05T13:56:52+07:00</time>
      </trkpt>
      <trkpt lat="-1.95660431666667" lon="101.876552133333">
        <ele>252.317</ele>
        <time>2024-08-05T13:56:54+07:00</time>
      </trkpt>
      <trkpt lat="-1.95672846666667" lon="101.876446616667">
        <ele>251.868</ele>
        <time>2024-08-05T13:56:56+07:00</time>
      </trkpt>
      <trkpt lat="-1.95687028333333" lon="101.876371316667">
        <ele>257.49</ele>
        <time>2024-08-05T13:56:58+07:00</time>
      </trkpt>
      <trkpt lat="-1.9570087" lon="101.87634155">
        <ele>257.967</ele>
        <time>2024-08-05T13:57:00+07:00</time>
      </trkpt>
      <trkpt lat="-1.95715608333333" lon="101.87633765">
        <ele>253.538</ele>
        <time>2024-08-05T13:57:02+07:00</time>
      </trkpt>
      <trkpt lat="-1.95726706666667" lon="101.876304766667">
        <ele>253.929</ele>
        <time>2024-08-05T13:57:04+07:00</time>
      </trkpt>
      <trkpt lat="-1.95738243333333" lon="101.876303216667">
        <ele>251.014</ele>
        <time>2024-08-05T13:57:06+07:00</time>
      </trkpt>
      <trkpt lat="-1.9574682" lon="101.876264">
        <ele>250.87</ele>
        <time>2024-08-05T13:57:08+07:00</time>
      </trkpt>
      <trkpt lat="-1.95756605" lon="101.876188583333">
        <ele>253.509</ele>
        <time>2024-08-05T13:57:10+07:00</time>
      </trkpt>
      <trkpt lat="-1.957662" lon="101.876116983333">
        <ele>252.298</ele>
        <time>2024-08-05T13:57:12+07:00</time>
      </trkpt>
      <trkpt lat="-1.95776605" lon="101.876046266667">
        <ele>252.144</ele>
        <time>2024-08-05T13:57:14+07:00</time>
      </trkpt>
      <trkpt lat="-1.95787096666667" lon="101.875989216667">
        <ele>253.352</ele>
        <time>2024-08-05T13:57:16+07:00</time>
      </trkpt>
      <trkpt lat="-1.95797148333333" lon="101.875892666667">
        <ele>256.284</ele>
        <time>2024-08-05T13:57:18+07:00</time>
      </trkpt>
      <trkpt lat="-1.95807801666667" lon="101.8758424">
        <ele>255.315</ele>
        <time>2024-08-05T13:57:20+07:00</time>
      </trkpt>
      <trkpt lat="-1.95819141666667" lon="101.8757962">
        <ele>250.264</ele>
        <time>2024-08-05T13:57:22+07:00</time>
      </trkpt>
      <trkpt lat="-1.95831585" lon="101.875831433333">
        <ele>251.084</ele>
        <time>2024-08-05T13:57:24+07:00</time>
      </trkpt>
      <trkpt lat="-1.95843231666667" lon="101.875870833333">
        <ele>257.189</ele>
        <time>2024-08-05T13:57:26+07:00</time>
      </trkpt>
      <trkpt lat="-1.95853951666667" lon="101.87590875">
        <ele>261.362</ele>
        <time>2024-08-05T13:57:28+07:00</time>
      </trkpt>
      <trkpt lat="-1.95859235" lon="101.875972916667">
        <ele>259.066</ele>
        <time>2024-08-05T13:57:30+07:00</time>
      </trkpt>
      <trkpt lat="-1.95865355" lon="101.876029783333">
        <ele>259.266</ele>
        <time>2024-08-05T13:57:32+07:00</time>
      </trkpt>
      <trkpt lat="-1.95867555" lon="101.876095283333">
        <ele>258.51</ele>
        <time>2024-08-05T13:57:34+07:00</time>
      </trkpt>
      <trkpt lat="-1.9586966" lon="101.876119183333">
        <ele>256.707</ele>
        <time>2024-08-05T13:57:36+07:00</time>
      </trkpt>
      <trkpt lat="-1.95873628333333" lon="101.87611065">
        <ele>256.712</ele>
        <time>2024-08-05T13:57:38+07:00</time>
      </trkpt>
      <trkpt lat="-1.95880473333333" lon="101.876138483333">
        <ele>255.229</ele>
        <time>2024-08-05T13:57:40+07:00</time>
      </trkpt>
      <trkpt lat="-1.95887455" lon="101.876177983333">
        <ele>255.0</ele>
        <time>2024-08-05T13:57:42+07:00</time>
      </trkpt>
      <trkpt lat="-1.95893368333333" lon="101.87623705">
        <ele>255.016</ele>
        <time>2024-08-05T13:57:44+07:00</time>
      </trkpt>
      <trkpt lat="-1.95900453333333" lon="101.876285833333">
        <ele>261.779</ele>
        <time>2024-08-05T13:57:46+07:00</time>
      </trkpt>
      <trkpt lat="-1.95907541666667" lon="101.876322516667">
        <ele>265.008</ele>
        <time>2024-08-05T13:57:48+07:00</time>
      </trkpt>
      <trkpt lat="-1.95913883333333" lon="101.87636745">
        <ele>267.313</ele>
        <time>2024-08-05T13:57:50+07:00</time>
      </trkpt>
      <trkpt lat="-1.95922771666667" lon="101.8764461">
        <ele>270.464</ele>
        <time>2024-08-05T13:57:52+07:00</time>
      </trkpt>
      <trkpt lat="-1.95929148333333" lon="101.876504966667">
        <ele>270.48</ele>
        <time>2024-08-05T13:57:54+07:00</time>
      </trkpt>
      <trkpt lat="-1.95944456666667" lon="101.876665633333">
        <ele>271.415</ele>
        <time>2024-08-05T13:57:56+07:00</time>
      </trkpt>
      <trkpt lat="-1.95950835" lon="101.876724516667">
        <ele>271.431</ele>
        <time>2024-08-05T13:57:58+07:00</time>
      </trkpt>
      <trkpt lat="-1.95957703333333" lon="101.87679405">
        <ele>271.616</ele>
        <time>2024-08-05T13:58:00+07:00</time>
      </trkpt>
      <trkpt lat="-1.9597744" lon="101.876882316667">
        <ele>271.637</ele>
        <time>2024-08-05T13:58:02+07:00</time>
      </trkpt>
      <trkpt lat="-1.95989605" lon="101.8769643">
        <ele>269.483</ele>
        <time>2024-08-05T13:58:04+07:00</time>
      </trkpt>
      <trkpt lat="-1.95996998333333" lon="101.877060366667">
        <ele>266.404</ele>
        <time>2024-08-05T13:58:06+07:00</time>
      </trkpt>
      <trkpt lat="-1.96000915" lon="101.877128516667">
        <ele>264.451</ele>
        <time>2024-08-05T13:58:08+07:00</time>
      </trkpt>
      <trkpt lat="-1.96009655" lon="101.877272883333">
        <ele>263.03</ele>
        <time>2024-08-05T13:58:10+07:00</time>
      </trkpt>
      <trkpt lat="-1.96015118333333" lon="101.877321666667">
        <ele>262.08</ele>
        <time>2024-08-05T13:58:12+07:00</time>
      </trkpt>
      <trkpt lat="-1.96017716666667" lon="101.87736395">
        <ele>262.226</ele>
        <time>2024-08-05T13:58:14+07:00</time>
      </trkpt>
      <trkpt lat="-1.96018771666667" lon="101.8774132">
        <ele>260.947</ele>
        <time>2024-08-05T13:58:16+07:00</time>
      </trkpt>
      <trkpt lat="-1.96020823333333" lon="101.877455666667">
        <ele>260.955</ele>
        <time>2024-08-05T13:58:18+07:00</time>
      </trkpt>
      <trkpt lat="-1.96024086666667" lon="101.877482883333">
        <ele>261.002</ele>
        <time>2024-08-05T13:58:20+07:00</time>
      </trkpt>
      <trkpt lat="-1.96028798333333" lon="101.877497816667">
        <ele>260.713</ele>
        <time>2024-08-05T13:58:22+07:00</time>
      </trkpt>
      <trkpt lat="-1.96032528333333" lon="101.87753655">
        <ele>261.817</ele>
        <time>2024-08-05T13:58:24+07:00</time>
      </trkpt>
      <trkpt lat="-1.96035961666667" lon="101.877592066667">
        <ele>263.796</ele>
        <time>2024-08-05T13:58:26+07:00</time>
      </trkpt>
      <trkpt lat="-1.9603941" lon="101.8776179">
        <ele>264.646</ele>
        <time>2024-08-05T13:58:28+07:00</time>
      </trkpt>
      <trkpt lat="-1.96043735" lon="101.87765435">
        <ele>265.647</ele>
        <time>2024-08-05T13:58:30+07:00</time>
      </trkpt>
      <trkpt lat="-1.9605299" lon="101.87767255">
        <ele>268.064</ele>
        <time>2024-08-05T13:58:32+07:00</time>
      </trkpt>
      <trkpt lat="-1.96058666666667" lon="101.87792385">
        <ele>275.168</ele>
        <time>2024-08-05T13:58:34+07:00</time>
      </trkpt>
      <trkpt lat="-1.96070206666667" lon="101.878002466667">
        <ele>278.705</ele>
        <time>2024-08-05T13:58:36+07:00</time>
      </trkpt>
      <trkpt lat="-1.96082415" lon="101.878078583333">
        <ele>286.293</ele>
        <time>2024-08-05T13:58:38+07:00</time>
      </trkpt>
      <trkpt lat="-1.96090683333333" lon="101.878146533333">
        <ele>290.961</ele>
        <time>2024-08-05T13:58:40+07:00</time>
      </trkpt>
      <trkpt lat="-1.96095041666667" lon="101.878165483333">
        <ele>286.372</ele>
        <time>2024-08-05T13:58:42+07:00</time>
      </trkpt>
      <trkpt lat="-1.96103261666667" lon="101.878224033333">
        <ele>282.754</ele>
        <time>2024-08-05T13:58:44+07:00</time>
      </trkpt>
      <trkpt lat="-1.96119728333333" lon="101.878325416667">
        <ele>284.551</ele>
        <time>2024-08-05T13:58:46+07:00</time>
      </trkpt>
      <trkpt lat="-1.96135406666667" lon="101.878398433333">
        <ele>280.843</ele>
        <time>2024-08-05T13:58:48+07:00</time>
      </trkpt>
      <trkpt lat="-1.96148833333333" lon="101.878468116667">
        <ele>277.249</ele>
        <time>2024-08-05T13:58:50+07:00</time>
      </trkpt>
      <trkpt lat="-1.96161296666667" lon="101.878535633333">
        <ele>274.483</ele>
        <time>2024-08-05T13:58:52+07:00</time>
      </trkpt>
      <trkpt lat="-1.9617167" lon="101.87867905">
        <ele>274.655</ele>
        <time>2024-08-05T13:58:54+07:00</time>
      </trkpt>
      <trkpt lat="-1.96181043333333" lon="101.8787636">
        <ele>272.647</ele>
        <time>2024-08-05T13:58:56+07:00</time>
      </trkpt>
      <trkpt lat="-1.96187836666667" lon="101.878773533333">
        <ele>287.557</ele>
        <time>2024-08-05T13:58:58+07:00</time>
      </trkpt>
      <trkpt lat="-1.96189915" lon="101.878921583333">
        <ele>297.573</ele>
        <time>2024-08-05T13:59:00+07:00</time>
      </trkpt>
      <trkpt lat="-1.96195745" lon="101.8790207">
        <ele>300.55</ele>
        <time>2024-08-05T13:59:02+07:00</time>
      </trkpt>
      <trkpt lat="-1.96203941666667" lon="101.87910585">
        <ele>298.348</ele>
        <time>2024-08-05T13:59:04+07:00</time>
      </trkpt>
      <trkpt lat="-1.96215563333333" lon="101.87916835">
        <ele>301.125</ele>
        <time>2024-08-05T13:59:06+07:00</time>
      </trkpt>
      <trkpt lat="-1.96223196666667" lon="101.879241216667">
        <ele>296.792</ele>
        <time>2024-08-05T13:59:08+07:00</time>
      </trkpt>
      <trkpt lat="-1.96229091666667" lon="101.879347366667">
        <ele>292.384</ele>
        <time>2024-08-05T13:59:10+07:00</time>
      </trkpt>
      <trkpt lat="-1.9623499" lon="101.879342266667">
        <ele>293.801</ele>
        <time>2024-08-05T13:59:12+07:00</time>
      </trkpt>
      <trkpt lat="-1.96238853333333" lon="101.879348016667">
        <ele>297.048</ele>
        <time>2024-08-05T13:59:14+07:00</time>
      </trkpt>
      <trkpt lat="-1.96242193333333" lon="101.87936105">
        <ele>294.859</ele>
        <time>2024-08-05T13:59:16+07:00</time>
      </trkpt>
      <trkpt lat="-1.96246088333333" lon="101.8793759">
        <ele>295.54</ele>
        <time>2024-08-05T13:59:18+07:00</time>
      </trkpt>
      <trkpt lat="-1.9625103" lon="101.879411">
        <ele>294.426</ele>
        <time>2024-08-05T13:59:20+07:00</time>
      </trkpt>
      <trkpt lat="-1.96255288333333" lon="101.879402733333">
        <ele>299.395</ele>
        <time>2024-08-05T13:59:22+07:00</time>
      </trkpt>
      <trkpt lat="-1.96260836666667" lon="101.879334766667">
        <ele>312.633</ele>
        <time>2024-08-05T13:59:24+07:00</time>
      </trkpt>
      <trkpt lat="-1.9627033" lon="101.879363">
        <ele>319.15</ele>
        <time>2024-08-05T13:59:26+07:00</time>
      </trkpt>
      <trkpt lat="-1.96275965" lon="101.879378216667">
        <ele>330.64</ele>
        <time>2024-08-05T13:59:28+07:00</time>
      </trkpt>
      <trkpt lat="-1.96282678333333" lon="101.879408766667">
        <ele>330.444</ele>
        <time>2024-08-05T13:59:30+07:00</time>
      </trkpt>
      <trkpt lat="-1.96289851666667" lon="101.879439033333">
        <ele>327.906</ele>
        <time>2024-08-05T13:59:32+07:00</time>
      </trkpt>
      <trkpt lat="-1.96297356666667" lon="101.8794681">
        <ele>329.965</ele>
        <time>2024-08-05T13:59:34+07:00</time>
      </trkpt>
      <trkpt lat="-1.96304281666667" lon="101.87949625">
        <ele>330.281</ele>
        <time>2024-08-05T13:59:36+07:00</time>
      </trkpt>
      <trkpt lat="-1.96313241666667" lon="101.879520566667">
        <ele>333.852</ele>
        <time>2024-08-05T13:59:38+07:00</time>
      </trkpt>
      <trkpt lat="-1.96321273333333" lon="101.879552816667">
        <ele>338.037</ele>
        <time>2024-08-05T13:59:40+07:00</time>
      </trkpt>
      <trkpt lat="-1.96329443333333" lon="101.87961045">
        <ele>340.386</ele>
        <time>2024-08-05T13:59:42+07:00</time>
      </trkpt>
      <trkpt lat="-1.96334408333333" lon="101.879689783333">
        <ele>343.961</ele>
        <time>2024-08-05T13:59:44+07:00</time>
      </trkpt>
      <trkpt lat="-1.96340725" lon="101.879755533333">
        <ele>350.08</ele>
        <time>2024-08-05T13:59:46+07:00</time>
      </trkpt>
      <trkpt lat="-1.96348391666667" lon="101.879811116667">
        <ele>350.39</ele>
        <time>2024-08-05T13:59:48+07:00</time>
      </trkpt>
      <trkpt lat="-1.96354861666667" lon="101.879903766667">
        <ele>345.324</ele>
        <time>2024-08-05T13:59:50+07:00</time>
      </trkpt>
      <trkpt lat="-1.96362138333333" lon="101.879985716667">
        <ele>343.062</ele>
        <time>2024-08-05T13:59:52+07:00</time>
      </trkpt>
      <trkpt lat="-1.9636673" lon="101.8800973">
        <ele>338.812</ele>
        <time>2024-08-05T13:59:54+07:00</time>
      </trkpt>
      <trkpt lat="-1.96367063333333" lon="101.880126316667">
        <ele>333.466</ele>
        <time>2024-08-05T13:59:56+07:00</time>
      </trkpt>
      <trkpt lat="-1.96366785" lon="101.880211716667">
        <ele>338.569</ele>
        <time>2024-08-05T13:59:58+07:00</time>
      </trkpt>
      <trkpt lat="-1.96370273333333" lon="101.880222416667">
        <ele>349.471</ele>
        <time>2024-08-05T14:00:00+07:00</time>
      </trkpt>
      <trkpt lat="-1.96379333333333" lon="101.880257616667">
        <ele>354.08</ele>
        <time>2024-08-05T14:00:02+07:00</time>
      </trkpt>
      <trkpt lat="-1.9638667" lon="101.880297583333">
        <ele>360.584</ele>
        <time>2024-08-05T14:00:04+07:00</time>
      </trkpt>
      <trkpt lat="-1.96393271666667" lon="101.880390533333">
        <ele>362.81</ele>
        <time>2024-08-05T14:00:06+07:00</time>
      </trkpt>
      <trkpt lat="-1.96401408333333" lon="101.880471566667">
        <ele>363.456</ele>
        <time>2024-08-05T14:00:08+07:00</time>
      </trkpt>
      <trkpt lat="-1.9640926" lon="101.880518233333">
        <ele>365.141</ele>
        <time>2024-08-05T14:00:10+07:00</time>
      </trkpt>
      <trkpt lat="-1.96417116666667" lon="101.8805377">
        <ele>369.004</ele>
        <time>2024-08-05T14:00:12+07:00</time>
      </trkpt>
      <trkpt lat="-1.96423861666667" lon="101.880565633333">
        <ele>371.298</ele>
        <time>2024-08-05T14:00:14+07:00</time>
      </trkpt>
      <trkpt lat="-1.96430128333333" lon="101.88057025">
        <ele>376.775</ele>
        <time>2024-08-05T14:00:16+07:00</time>
      </trkpt>
      <trkpt lat="-1.96436283333333" lon="101.880586766667">
        <ele>379.285</ele>
        <time>2024-08-05T14:00:18+07:00</time>
      </trkpt>
      <trkpt lat="-1.96445621666667" lon="101.880651416667">
        <ele>374.551</ele>
        <time>2024-08-05T14:00:20+07:00</time>
      </trkpt>
      <trkpt lat="-1.9645937" lon="101.880710516667">
        <ele>368.714</ele>
        <time>2024-08-05T14:00:22+07:00</time>
      </trkpt>
      <trkpt lat="-1.96472316666667" lon="101.880780933333">
        <ele>367.191</ele>
        <time>2024-08-05T14:00:24+07:00</time>
      </trkpt>
      <trkpt lat="-1.96483523333333" lon="101.880837433333">
        <ele>365.725</ele>
        <time>2024-08-05T14:00:26+07:00</time>
      </trkpt>
      <trkpt lat="-1.96492775" lon="101.880886983333">
        <ele>366.546</ele>
        <time>2024-08-05T14:00:28+07:00</time>
      </trkpt>
      <trkpt lat="-1.96500046666667" lon="101.880932216667">
        <ele>368.015</ele>
        <time>2024-08-05T14:00:30+07:00</time>
      </trkpt>
      <trkpt lat="-1.96507246666667" lon="101.880929633333">
        <ele>370.036</ele>
        <time>2024-08-05T14:00:32+07:00</time>
      </trkpt>
      <trkpt lat="-1.96513851666667" lon="101.88098515">
        <ele>374.424</ele>
        <time>2024-08-05T14:00:34+07:00</time>
      </trkpt>
      <trkpt lat="-1.96522481666667" lon="101.88096995">
        <ele>373.916</ele>
        <time>2024-08-05T14:00:36+07:00</time>
      </trkpt>
      <trkpt lat="-1.96535105" lon="101.880996933333">
        <ele>374.633</ele>
        <time>2024-08-05T14:00:38+07:00</time>
      </trkpt>
      <trkpt lat="-1.9654956" lon="101.881079733333">
        <ele>382.571</ele>
        <time>2024-08-05T14:00:40+07:00</time>
      </trkpt>
      <trkpt lat="-1.96566025" lon="101.881049566667">
        <ele>383.321</ele>
        <time>2024-08-05T14:00:42+07:00</time>
      </trkpt>
      <trkpt lat="-1.96583453333333" lon="101.880988916667">
        <ele>387.814</ele>
        <time>2024-08-05T14:00:44+07:00</time>
      </trkpt>
      <trkpt lat="-1.96597095" lon="101.88096765">
        <ele>386.468</ele>
        <time>2024-08-05T14:00:46+07:00</time>
      </trkpt>
      <trkpt lat="-1.96610383333333" lon="101.880963833333">
        <ele>386.741</ele>
        <time>2024-08-05T14:00:48+07:00</time>
      </trkpt>
      <trkpt lat="-1.96615341666667" lon="101.881063166667">
        <ele>391.232</ele>
        <time>2024-08-05T14:00:50+07:00</time>
      </trkpt>
      <trkpt lat="-1.96624083333333" lon="101.881178133333">
        <ele>395.938</ele>
        <time>2024-08-05T14:00:52+07:00</time>
      </trkpt>
      <trkpt lat="-1.96630068333333" lon="101.8812555">
        <ele>396.708</ele>
        <time>2024-08-05T14:00:54+07:00</time>
      </trkpt>
      <trkpt lat="-1.96638031666667" lon="101.88136275">
        <ele>397.796</ele>
        <time>2024-08-05T14:00:56+07:00</time>
      </trkpt>
      <trkpt lat="-1.96651251666667" lon="101.881524483333">
        <ele>395.932</ele>
        <time>2024-08-05T14:00:58+07:00</time>
      </trkpt>
      <trkpt lat="-1.96664368333333" lon="101.881615933333">
        <ele>397.466</ele>
        <time>2024-08-05T14:01:00+07:00</time>
      </trkpt>
      <trkpt lat="-1.96675195" lon="101.881698816667">
        <ele>390.705</ele>
        <time>2024-08-05T14:01:02+07:00</time>
      </trkpt>
      <trkpt lat="-1.96684935" lon="101.881748516667">
        <ele>384.308</ele>
        <time>2024-08-05T14:01:04+07:00</time>
      </trkpt>
      <trkpt lat="-1.96695256666667" lon="101.881769366667">
        <ele>380.495</ele>
        <time>2024-08-05T14:01:06+07:00</time>
      </trkpt>
      <trkpt lat="-1.96705516666667" lon="101.881805583333">
        <ele>375.891</ele>
        <time>2024-08-05T14:01:08+07:00</time>
      </trkpt>
      <trkpt lat="-1.96714695" lon="101.88185295">
        <ele>379.073</ele>
        <time>2024-08-05T14:01:10+07:00</time>
      </trkpt>
      <trkpt lat="-1.9672262" lon="101.881930633333">
        <ele>378.078</ele>
        <time>2024-08-05T14:01:12+07:00</time>
      </trkpt>
      <trkpt lat="-1.96729646666667" lon="101.882000883333">
        <ele>379.175</ele>
        <time>2024-08-05T14:01:14+07:00</time>
      </trkpt>
      <trkpt lat="-1.96736796666667" lon="101.88207535">
        <ele>379.807</ele>
        <time>2024-08-05T14:01:16+07:00</time>
      </trkpt>
      <trkpt lat="-1.96742316666667" lon="101.882157033333">
        <ele>380.455</ele>
        <time>2024-08-05T14:01:18+07:00</time>
      </trkpt>
      <trkpt lat="-1.9674959" lon="101.88221715">
        <ele>382.391</ele>
        <time>2024-08-05T14:01:20+07:00</time>
      </trkpt>
      <trkpt lat="-1.96755348333333" lon="101.882347066667">
        <ele>380.26</ele>
        <time>2024-08-05T14:01:22+07:00</time>
      </trkpt>
      <trkpt lat="-1.96761261666667" lon="101.882371466667">
        <ele>382.725</ele>
        <time>2024-08-05T14:01:24+07:00</time>
      </trkpt>
      <trkpt lat="-1.9676801" lon="101.882322466667">
        <ele>389.829</ele>
        <time>2024-08-05T14:01:26+07:00</time>
      </trkpt>
      <trkpt lat="-1.96773773333333" lon="101.882359133333">
        <ele>391.109</ele>
        <time>2024-08-05T14:01:28+07:00</time>
      </trkpt>
      <trkpt lat="-1.9677893" lon="101.882425883333">
        <ele>390.276</ele>
        <time>2024-08-05T14:01:30+07:00</time>
      </trkpt>
      <trkpt lat="-1.96785675" lon="101.882502433333">
        <ele>385.635</ele>
        <time>2024-08-05T14:01:32+07:00</time>
      </trkpt>
      <trkpt lat="-1.96791925" lon="101.882556383333">
        <ele>385.551</ele>
        <time>2024-08-05T14:01:34+07:00</time>
      </trkpt>
      <trkpt lat="-1.9679822" lon="101.882583333333">
        <ele>387.47</ele>
        <time>2024-08-05T14:01:36+07:00</time>
      </trkpt>
      <trkpt lat="-1.96801571666667" lon="101.882621566667">
        <ele>393.468</ele>
        <time>2024-08-05T14:01:38+07:00</time>
      </trkpt>
      <trkpt lat="-1.96804161666667" lon="101.882685366667">
        <ele>396.368</ele>
        <time>2024-08-05T14:01:40+07:00</time>
      </trkpt>
      <trkpt lat="-1.96806918333333" lon="101.882714183333">
        <ele>399.599</ele>
        <time>2024-08-05T14:01:42+07:00</time>
      </trkpt>
      <trkpt lat="-1.96810193333333" lon="101.88274585">
        <ele>400.337</ele>
        <time>2024-08-05T14:01:44+07:00</time>
      </trkpt>
      <trkpt lat="-1.968133" lon="101.882770016667">
        <ele>402.891</ele>
        <time>2024-08-05T14:01:46+07:00</time>
      </trkpt>
      <trkpt lat="-1.96820706666667" lon="101.882805666667">
        <ele>402.38</ele>
        <time>2024-08-05T14:01:48+07:00</time>
      </trkpt>
      <trkpt lat="-1.96829665" lon="101.882867516667">
        <ele>401.312</ele>
        <time>2024-08-05T14:01:50+07:00</time>
      </trkpt>
      <trkpt lat="-1.96837605" lon="101.88292965">
        <ele>400.78</ele>
        <time>2024-08-05T14:01:52+07:00</time>
      </trkpt>
      <trkpt lat="-1.97073121666667" lon="101.884660816667">
        <ele>381.092</ele>
        <time>2024-08-05T14:01:54+07:00</time>
      </trkpt>
      <trkpt lat="-1.97080533333333" lon="101.884517266667">
        <ele>381.01</ele>
        <time>2024-08-05T14:01:56+07:00</time>
      </trkpt>
      <trkpt lat="-1.97080181666667" lon="101.884124">
        <ele>466.021</ele>
        <time>2024-08-05T14:01:58+07:00</time>
      </trkpt>
      <trkpt lat="-1.97089808333333" lon="101.884153966667">
        <ele>467.799</ele>
        <time>2024-08-05T14:02:00+07:00</time>
      </trkpt>
      <trkpt lat="-1.97194476666667" lon="101.884311933333">
        <ele>381.103</ele>
        <time>2024-08-05T14:02:02+07:00</time>
      </trkpt>
      <trkpt lat="-1.97243763333333" lon="101.885080483333">
        <ele>381.142</ele>
        <time>2024-08-05T14:02:04+07:00</time>
      </trkpt>
      <trkpt lat="-1.97293113333333" lon="101.885670383333">
        <ele>381.202</ele>
        <time>2024-08-05T14:02:06+07:00</time>
      </trkpt>
      <trkpt lat="-1.97263441666667" lon="101.885424216667">
        <ele>381.03</ele>
        <time>2024-08-05T14:02:08+07:00</time>
      </trkpt>
      <trkpt lat="-1.97249188333333" lon="101.885429633333">
        <ele>381.021</ele>
        <time>2024-08-05T14:02:10+07:00</time>
      </trkpt>
      <trkpt lat="-1.97278131666667" lon="101.88562875">
        <ele>381.132</ele>
        <time>2024-08-05T14:02:12+07:00</time>
      </trkpt>
      <trkpt lat="-1.9728189" lon="101.885676616667">
        <ele>381.159</ele>
        <time>2024-08-05T14:02:14+07:00</time>
      </trkpt>
      <trkpt lat="-1.97354383333333" lon="101.886199383333">
        <ele>381.154</ele>
        <time>2024-08-05T14:02:16+07:00</time>
      </trkpt>
      <trkpt lat="-1.97373843333333" lon="101.8866578">
        <ele>381.124</ele>
        <time>2024-08-05T14:02:18+07:00</time>
      </trkpt>
      <trkpt lat="-1.97396866666667" lon="101.886798533333">
        <ele>381.133</ele>
        <time>2024-08-05T14:02:20+07:00</time>
      </trkpt>
      <trkpt lat="-1.97416643333333" lon="101.886980366667">
        <ele>381.103</ele>
        <time>2024-08-05T14:02:22+07:00</time>
      </trkpt>
      <trkpt lat="-1.97429601666667" lon="101.88703285">
        <ele>381.075</ele>
        <time>2024-08-05T14:02:24+07:00</time>
      </trkpt>
      <trkpt lat="-1.97460438333333" lon="101.887262916667">
        <ele>381.078</ele>
        <time>2024-08-05T14:02:26+07:00</time>
      </trkpt>
      <trkpt lat="-1.97465993333333" lon="101.887484983333">
        <ele>381.023</ele>
        <time>2024-08-05T14:02:28+07:00</time>
      </trkpt>
      <trkpt lat="-1.97472793333333" lon="101.887041">
        <ele>430.975</ele>
        <time>2024-08-05T14:02:30+07:00</time>
      </trkpt>
      <trkpt lat="-1.97478775" lon="101.886968216667">
        <ele>441.322</ele>
        <time>2024-08-05T14:02:32+07:00</time>
      </trkpt>
      <trkpt lat="-1.97485355" lon="101.886905733333">
        <ele>444.887</ele>
        <time>2024-08-05T14:02:34+07:00</time>
      </trkpt>
      <trkpt lat="-1.97490621666667" lon="101.88685275">
        <ele>449.17</ele>
        <time>2024-08-05T14:02:36+07:00</time>
      </trkpt>
      <trkpt lat="-1.97496896666667" lon="101.886804116667">
        <ele>448.995</ele>
        <time>2024-08-05T14:02:38+07:00</time>
      </trkpt>
      <trkpt lat="-1.97503055" lon="101.886750966667">
        <ele>451.148</ele>
        <time>2024-08-05T14:02:40+07:00</time>
      </trkpt>
      <trkpt lat="-1.97507268333333" lon="101.886688466667">
        <ele>454.825</ele>
        <time>2024-08-05T14:02:42+07:00</time>
      </trkpt>
      <trkpt lat="-1.97511105" lon="101.886652166667">
        <ele>457.522</ele>
        <time>2024-08-05T14:02:44+07:00</time>
      </trkpt>
      <trkpt lat="-1.97512505" lon="101.886518866667">
        <ele>476.315</ele>
        <time>2024-08-05T14:02:46+07:00</time>
      </trkpt>
      <trkpt lat="-1.97516585" lon="101.886462883333">
        <ele>479.309</ele>
        <time>2024-08-05T14:02:48+07:00</time>
      </trkpt>
      <trkpt lat="-1.97520673333333" lon="101.886425183333">
        <ele>480.623</ele>
        <time>2024-08-05T14:02:50+07:00</time>
      </trkpt>
      <trkpt lat="-1.9752788" lon="101.886369516667">
        <ele>483.893</ele>
        <time>2024-08-05T14:02:52+07:00</time>
      </trkpt>
      <trkpt lat="-1.97537948333333" lon="101.88632985">
        <ele>484.499</ele>
        <time>2024-08-05T14:02:54+07:00</time>
      </trkpt>
      <trkpt lat="-1.97544606666667" lon="101.88631345">
        <ele>482.503</ele>
        <time>2024-08-05T14:02:56+07:00</time>
      </trkpt>
      <trkpt lat="-1.97550848333333" lon="101.886326633333">
        <ele>476.86</ele>
        <time>2024-08-05T14:02:58+07:00</time>
      </trkpt>
      <trkpt lat="-1.9755903" lon="101.886348533333">
        <ele>468.356</ele>
        <time>2024-08-05T14:03:00+07:00</time>
      </trkpt>
      <trkpt lat="-1.97567376666667" lon="101.88637395">
        <ele>459.998</ele>
        <time>2024-08-05T14:03:02+07:00</time>
      </trkpt>
      <trkpt lat="-1.97571946666667" lon="101.8863331">
        <ele>461.844</ele>
        <time>2024-08-05T14:03:04+07:00</time>
      </trkpt>
      <trkpt lat="-1.97574486666667" lon="101.88633045">
        <ele>461.844</ele>
        <time>2024-08-05T14:03:06+07:00</time>
      </trkpt>
      <trkpt lat="-1.97577293333333" lon="101.88632435">
        <ele>461.674</ele>
        <time>2024-08-05T14:03:08+07:00</time>
      </trkpt>
      <trkpt lat="-1.97580303333333" lon="101.886296">
        <ele>461.172</ele>
        <time>2024-08-05T14:03:10+07:00</time>
      </trkpt>
      <trkpt lat="-1.9758532" lon="101.88628185">
        <ele>453.78</ele>
        <time>2024-08-05T14:03:12+07:00</time>
      </trkpt>
      <trkpt lat="-1.97589361666667" lon="101.88621245">
        <ele>458.541</ele>
        <time>2024-08-05T14:03:14+07:00</time>
      </trkpt>
      <trkpt lat="-1.97596855" lon="101.886183133333">
        <ele>456.311</ele>
        <time>2024-08-05T14:03:16+07:00</time>
      </trkpt>
      <trkpt lat="-1.97599476666667" lon="101.8861452">
        <ele>462.669</ele>
        <time>2024-08-05T14:03:18+07:00</time>
      </trkpt>
      <trkpt lat="-1.97606516666667" lon="101.886147916667">
        <ele>461.912</ele>
        <time>2024-08-05T14:03:20+07:00</time>
      </trkpt>
      <trkpt lat="-1.97613536666667" lon="101.8861459">
        <ele>464.655</ele>
        <time>2024-08-05T14:03:22+07:00</time>
      </trkpt>
      <trkpt lat="-1.9762146" lon="101.886128466667">
        <ele>470.311</ele>
        <time>2024-08-05T14:03:24+07:00</time>
      </trkpt>
      <trkpt lat="-1.97626715" lon="101.886105133333">
        <ele>474.344</ele>
        <time>2024-08-05T14:03:26+07:00</time>
      </trkpt>
      <trkpt lat="-1.97631545" lon="101.8861156">
        <ele>481.077</ele>
        <time>2024-08-05T14:03:28+07:00</time>
      </trkpt>
      <trkpt lat="-1.97636273333333" lon="101.886179833333">
        <ele>486.081</ele>
        <time>2024-08-05T14:03:30+07:00</time>
      </trkpt>
      <trkpt lat="-1.97643735" lon="101.886233666667">
        <ele>492.71</ele>
        <time>2024-08-05T14:03:32+07:00</time>
      </trkpt>
      <trkpt lat="-1.97651948333333" lon="101.88631285">
        <ele>493.353</ele>
        <time>2024-08-05T14:03:34+07:00</time>
      </trkpt>
      <trkpt lat="-1.97656465" lon="101.886369916667">
        <ele>493.558</ele>
        <time>2024-08-05T14:03:36+07:00</time>
      </trkpt>
      <trkpt lat="-1.97651248333333" lon="101.88634485">
        <ele>499.411</ele>
        <time>2024-08-05T14:03:38+07:00</time>
      </trkpt>
      <trkpt lat="-1.97651966666667" lon="101.886384966667">
        <ele>500.255</ele>
        <time>2024-08-05T14:03:40+07:00</time>
      </trkpt>
      <trkpt lat="-1.97650333333333" lon="101.886416083333">
        <ele>498.476</ele>
        <time>2024-08-05T14:03:42+07:00</time>
      </trkpt>
      <trkpt lat="-1.97648728333333" lon="101.886401633333">
        <ele>495.187</ele>
        <time>2024-08-05T14:03:44+07:00</time>
      </trkpt>
      <trkpt lat="-1.97648848333333" lon="101.8863806">
        <ele>498.286</ele>
        <time>2024-08-05T14:03:46+07:00</time>
      </trkpt>
      <trkpt lat="-1.97650525" lon="101.886400516667">
        <ele>496.132</ele>
        <time>2024-08-05T14:03:48+07:00</time>
      </trkpt>
      <trkpt lat="-1.97653373333333" lon="101.8864171">
        <ele>497.372</ele>
        <time>2024-08-05T14:03:50+07:00</time>
      </trkpt>
      <trkpt lat="-1.97657151666667" lon="101.8864388">
        <ele>497.926</ele>
        <time>2024-08-05T14:03:52+07:00</time>
      </trkpt>
      <trkpt lat="-1.9765971" lon="101.886436133333">
        <ele>497.908</ele>
        <time>2024-08-05T14:03:54+07:00</time>
      </trkpt>
      <trkpt lat="-1.97662235" lon="101.886447666667">
        <ele>500.231</ele>
        <time>2024-08-05T14:03:56+07:00</time>
      </trkpt>
      <trkpt lat="-1.97665605" lon="101.88647965">
        <ele>502.438</ele>
        <time>2024-08-05T14:03:58+07:00</time>
      </trkpt>
      <trkpt lat="-1.97669481666667" lon="101.886502166667">
        <ele>505.556</ele>
        <time>2024-08-05T14:04:00+07:00</time>
      </trkpt>
      <trkpt lat="-1.97671296666667" lon="101.886503083333">
        <ele>513.343</ele>
        <time>2024-08-05T14:04:02+07:00</time>
      </trkpt>
      <trkpt lat="-1.97673868333333" lon="101.8865017">
        <ele>513.04</ele>
        <time>2024-08-05T14:04:04+07:00</time>
      </trkpt>
      <trkpt lat="-1.97676006666667" lon="101.886506383333">
        <ele>512.984</ele>
        <time>2024-08-05T14:04:06+07:00</time>
      </trkpt>
      <trkpt lat="-1.97678135" lon="101.88651375">
        <ele>513.45</ele>
        <time>2024-08-05T14:04:08+07:00</time>
      </trkpt>
      <trkpt lat="-1.97680043333333" lon="101.886523333333">
        <ele>513.281</ele>
        <time>2024-08-05T14:04:10+07:00</time>
      </trkpt>
      <trkpt lat="-1.97682185" lon="101.886527833333">
        <ele>512.37</ele>
        <time>2024-08-05T14:04:12+07:00</time>
      </trkpt>
      <trkpt lat="-1.97684345" lon="101.88654995">
        <ele>511.201</ele>
        <time>2024-08-05T14:04:14+07:00</time>
      </trkpt>
      <trkpt lat="-1.9768662" lon="101.886573316667">
        <ele>510.792</ele>
        <time>2024-08-05T14:04:16+07:00</time>
      </trkpt>
      <trkpt lat="-1.97688545" lon="101.886582383333">
        <ele>511.8</ele>
        <time>2024-08-05T14:04:18+07:00</time>
      </trkpt>
      <trkpt lat="-1.97690173333333" lon="101.886593">
        <ele>512.572</ele>
        <time>2024-08-05T14:04:20+07:00</time>
      </trkpt>
      <trkpt lat="-1.97691738333333" lon="101.886643866667">
        <ele>511.927</ele>
        <time>2024-08-05T14:04:22+07:00</time>
      </trkpt>
      <trkpt lat="-1.97694241666667" lon="101.8866498">
        <ele>514.04</ele>
        <time>2024-08-05T14:04:24+07:00</time>
      </trkpt>
      <trkpt lat="-1.97696308333333" lon="101.88667185">
        <ele>514.415</ele>
        <time>2024-08-05T14:04:26+07:00</time>
      </trkpt>
      <trkpt lat="-1.97697858333333" lon="101.886693516667">
        <ele>515.457</ele>
        <time>2024-08-05T14:04:28+07:00</time>
      </trkpt>
      <trkpt lat="-1.97699503333333" lon="101.886707216667">
        <ele>516.66</ele>
        <time>2024-08-05T14:04:30+07:00</time>
      </trkpt>
      <trkpt lat="-1.97701556666667" lon="101.88672905">
        <ele>518.538</ele>
        <time>2024-08-05T14:04:32+07:00</time>
      </trkpt>
      <trkpt lat="-1.97705543333333" lon="101.8867676">
        <ele>521.774</ele>
        <time>2024-08-05T14:04:34+07:00</time>
      </trkpt>
      <trkpt lat="-1.97708798333333" lon="101.88680375">
        <ele>525.529</ele>
        <time>2024-08-05T14:04:36+07:00</time>
      </trkpt>
      <trkpt lat="-1.9771184" lon="101.886839916667">
        <ele>526.892</ele>
        <time>2024-08-05T14:04:38+07:00</time>
      </trkpt>
      <trkpt lat="-1.97715675" lon="101.886878983333">
        <ele>527.519</ele>
        <time>2024-08-05T14:04:40+07:00</time>
      </trkpt>
      <trkpt lat="-1.97719345" lon="101.88692105">
        <ele>528.937</ele>
        <time>2024-08-05T14:04:42+07:00</time>
      </trkpt>
      <trkpt lat="-1.97724243333333" lon="101.886954216667">
        <ele>530.504</ele>
        <time>2024-08-05T14:04:44+07:00</time>
      </trkpt>
      <trkpt lat="-1.97730658333333" lon="101.886991733333">
        <ele>528.581</ele>
        <time>2024-08-05T14:04:46+07:00</time>
      </trkpt>
      <trkpt lat="-1.97737001666667" lon="101.887013116667">
        <ele>532.036</ele>
        <time>2024-08-05T14:04:48+07:00</time>
      </trkpt>
      <trkpt lat="-1.97744333333333" lon="101.887045716667">
        <ele>533.196</ele>
        <time>2024-08-05T14:04:50+07:00</time>
      </trkpt>
      <trkpt lat="-1.97752125" lon="101.887084333333">
        <ele>530.953</ele>
        <time>2024-08-05T14:04:52+07:00</time>
      </trkpt>
      <trkpt lat="-1.97760215" lon="101.8871">
        <ele>532.344</ele>
        <time>2024-08-05T14:04:54+07:00</time>
      </trkpt>
      <trkpt lat="-1.97768433333333" lon="101.8871062">
        <ele>534.236</ele>
        <time>2024-08-05T14:04:56+07:00</time>
      </trkpt>
      <trkpt lat="-1.97775963333333" lon="101.887109733333">
        <ele>538.221</ele>
        <time>2024-08-05T14:04:58+07:00</time>
      </trkpt>
      <trkpt lat="-1.97783175" lon="101.887126633333">
        <ele>537.197</ele>
        <time>2024-08-05T14:05:00+07:00</time>
      </trkpt>
      <trkpt lat="-1.97791196666667" lon="101.88716105">
        <ele>538.677</ele>
        <time>2024-08-05T14:05:02+07:00</time>
      </trkpt>
      <trkpt lat="-1.9779914" lon="101.887206983333">
        <ele>542.121</ele>
        <time>2024-08-05T14:05:04+07:00</time>
      </trkpt>
      <trkpt lat="-1.97807473333333" lon="101.887249183333">
        <ele>546.762</ele>
        <time>2024-08-05T14:05:06+07:00</time>
      </trkpt>
      <trkpt lat="-1.9781338" lon="101.887285116667">
        <ele>547.159</ele>
        <time>2024-08-05T14:05:08+07:00</time>
      </trkpt>
      <trkpt lat="-1.97817818333333" lon="101.887357916667">
        <ele>546.2</ele>
        <time>2024-08-05T14:05:10+07:00</time>
      </trkpt>
      <trkpt lat="-1.97820778333333" lon="101.887449183333">
        <ele>546.113</ele>
        <time>2024-08-05T14:05:12+07:00</time>
      </trkpt>
      <trkpt lat="-1.97823341666667" lon="101.887549916667">
        <ele>548.779</ele>
        <time>2024-08-05T14:05:14+07:00</time>
      </trkpt>
      <trkpt lat="-1.9782691" lon="101.887633316667">
        <ele>551.406</ele>
        <time>2024-08-05T14:05:16+07:00</time>
      </trkpt>
      <trkpt lat="-1.97832838333333" lon="101.887686583333">
        <ele>552.638</ele>
        <time>2024-08-05T14:05:18+07:00</time>
      </trkpt>
      <trkpt lat="-1.97841483333333" lon="101.887728133333">
        <ele>556.408</ele>
        <time>2024-08-05T14:05:20+07:00</time>
      </trkpt>
      <trkpt lat="-1.97851615" lon="101.887773216667">
        <ele>557.074</ele>
        <time>2024-08-05T14:05:22+07:00</time>
      </trkpt>
      <trkpt lat="-1.97860468333333" lon="101.8878235">
        <ele>557.662</ele>
        <time>2024-08-05T14:05:24+07:00</time>
      </trkpt>
      <trkpt lat="-1.97869223333333" lon="101.887879016667">
        <ele>560.556</ele>
        <time>2024-08-05T14:05:26+07:00</time>
      </trkpt>
      <trkpt lat="-1.9787563" lon="101.8879127">
        <ele>560.81</ele>
        <time>2024-08-05T14:05:28+07:00</time>
      </trkpt>
      <trkpt lat="-1.97879925" lon="101.887944033333">
        <ele>561.102</ele>
        <time>2024-08-05T14:05:30+07:00</time>
      </trkpt>
      <trkpt lat="-1.9788439" lon="101.887958316667">
        <ele>565.718</ele>
        <time>2024-08-05T14:05:32+07:00</time>
      </trkpt>
      <trkpt lat="-1.97890255" lon="101.88797465">
        <ele>571.427</ele>
        <time>2024-08-05T14:05:34+07:00</time>
      </trkpt>
      <trkpt lat="-1.97895995" lon="101.887989433333">
        <ele>573.231</ele>
        <time>2024-08-05T14:05:36+07:00</time>
      </trkpt>
      <trkpt lat="-1.97903018333333" lon="101.887979533333">
        <ele>575.565</ele>
        <time>2024-08-05T14:05:38+07:00</time>
      </trkpt>
      <trkpt lat="-1.97907446666667" lon="101.88800165">
        <ele>573.089</ele>
        <time>2024-08-05T14:05:40+07:00</time>
      </trkpt>
      <trkpt lat="-1.97913308333333" lon="101.888008">
        <ele>572.922</ele>
        <time>2024-08-05T14:05:42+07:00</time>
      </trkpt>
      <trkpt lat="-1.97921838333333" lon="101.888018416667">
        <ele>574.494</ele>
        <time>2024-08-05T14:05:44+07:00</time>
      </trkpt>
      <trkpt lat="-1.97931371666667" lon="101.888009966667">
        <ele>576.033</ele>
        <time>2024-08-05T14:05:46+07:00</time>
      </trkpt>
      <trkpt lat="-1.97941845" lon="101.88796535">
        <ele>574.517</ele>
        <time>2024-08-05T14:05:48+07:00</time>
      </trkpt>
      <trkpt lat="-1.97949236666667" lon="101.887919716667">
        <ele>576.696</ele>
        <time>2024-08-05T14:05:50+07:00</time>
      </trkpt>
      <trkpt lat="-1.9795737" lon="101.88786835">
        <ele>579.488</ele>
        <time>2024-08-05T14:05:52+07:00</time>
      </trkpt>
      <trkpt lat="-1.97966255" lon="101.88779795">
        <ele>578.882</ele>
        <time>2024-08-05T14:05:54+07:00</time>
      </trkpt>
      <trkpt lat="-1.97973006666667" lon="101.887736183333">
        <ele>580.321</ele>
        <time>2024-08-05T14:05:56+07:00</time>
      </trkpt>
      <trkpt lat="-1.97977513333333" lon="101.887651666667">
        <ele>580.769</ele>
        <time>2024-08-05T14:05:58+07:00</time>
      </trkpt>
      <trkpt lat="-1.9797829" lon="101.887620783333">
        <ele>580.426</ele>
        <time>2024-08-05T14:06:00+07:00</time>
      </trkpt>
      <trkpt lat="-1.97979098333333" lon="101.8876774">
        <ele>574.054</ele>
        <time>2024-08-05T14:06:02+07:00</time>
      </trkpt>
      <trkpt lat="-1.97981008333333" lon="101.887648716667">
        <ele>575.146</ele>
        <time>2024-08-05T14:06:04+07:00</time>
      </trkpt>
      <trkpt lat="-1.97983988333333" lon="101.88759355">
        <ele>576.443</ele>
        <time>2024-08-05T14:06:06+07:00</time>
      </trkpt>
      <trkpt lat="-1.9798756" lon="101.88754515">
        <ele>577.164</ele>
        <time>2024-08-05T14:06:08+07:00</time>
      </trkpt>
      <trkpt lat="-1.97989251666667" lon="101.88751915">
        <ele>576.926</ele>
        <time>2024-08-05T14:06:10+07:00</time>
      </trkpt>
      <trkpt lat="-1.97992913333333" lon="101.8874971">
        <ele>577.837</ele>
        <time>2024-08-05T14:06:12+07:00</time>
      </trkpt>
      <trkpt lat="-1.97998431666667" lon="101.887455716667">
        <ele>577.267</ele>
        <time>2024-08-05T14:06:14+07:00</time>
      </trkpt>
      <trkpt lat="-1.9800379" lon="101.887430116667">
        <ele>576.824</ele>
        <time>2024-08-05T14:06:16+07:00</time>
      </trkpt>
      <trkpt lat="-1.98008318333333" lon="101.887412033333">
        <ele>578.44</ele>
        <time>2024-08-05T14:06:18+07:00</time>
      </trkpt>
      <trkpt lat="-1.98012995" lon="101.88738685">
        <ele>580.18</ele>
        <time>2024-08-05T14:06:20+07:00</time>
      </trkpt>
      <trkpt lat="-1.98018066666667" lon="101.887348516667">
        <ele>582.259</ele>
        <time>2024-08-05T14:06:22+07:00</time>
      </trkpt>
      <trkpt lat="-1.98021543333333" lon="101.887296133333">
        <ele>583.699</ele>
        <time>2024-08-05T14:06:24+07:00</time>
      </trkpt>
      <trkpt lat="-1.9802647" lon="101.88724475">
        <ele>585.174</ele>
        <time>2024-08-05T14:06:26+07:00</time>
      </trkpt>
      <trkpt lat="-1.98032463333333" lon="101.887208766667">
        <ele>585.04</ele>
        <time>2024-08-05T14:06:28+07:00</time>
      </trkpt>
      <trkpt lat="-1.98039133333333" lon="101.887191">
        <ele>587.061</ele>
        <time>2024-08-05T14:06:30+07:00</time>
      </trkpt>
      <trkpt lat="-1.98044595" lon="101.887185233333">
        <ele>588.852</ele>
        <time>2024-08-05T14:06:32+07:00</time>
      </trkpt>
      <trkpt lat="-1.9805038" lon="101.8871836">
        <ele>590.535</ele>
        <time>2024-08-05T14:06:34+07:00</time>
      </trkpt>
      <trkpt lat="-1.98058593333333" lon="101.887209266667">
        <ele>591.925</ele>
        <time>2024-08-05T14:06:36+07:00</time>
      </trkpt>
      <trkpt lat="-1.98067061666667" lon="101.887233033333">
        <ele>591.135</ele>
        <time>2024-08-05T14:06:38+07:00</time>
      </trkpt>
      <trkpt lat="-1.98075995" lon="101.88729485">
        <ele>587.869</ele>
        <time>2024-08-05T14:06:40+07:00</time>
      </trkpt>
      <trkpt lat="-1.9808611" lon="101.88735615">
        <ele>585.671</ele>
        <time>2024-08-05T14:06:42+07:00</time>
      </trkpt>
      <trkpt lat="-1.98096886666667" lon="101.8874018">
        <ele>584.137</ele>
        <time>2024-08-05T14:06:44+07:00</time>
      </trkpt>
      <trkpt lat="-1.98108918333333" lon="101.88743635">
        <ele>581.882</ele>
        <time>2024-08-05T14:06:46+07:00</time>
      </trkpt>
      <trkpt lat="-1.98120971666667" lon="101.887430766667">
        <ele>582.213</ele>
        <time>2024-08-05T14:06:48+07:00</time>
      </trkpt>
      <trkpt lat="-1.98131266666667" lon="101.887420766667">
        <ele>582.778</ele>
        <time>2024-08-05T14:06:50+07:00</time>
      </trkpt>
      <trkpt lat="-1.98140558333333" lon="101.887390866667">
        <ele>581.399</ele>
        <time>2024-08-05T14:06:52+07:00</time>
      </trkpt>
      <trkpt lat="-1.98153063333333" lon="101.887361816667">
        <ele>584.666</ele>
        <time>2024-08-05T14:06:54+07:00</time>
      </trkpt>
      <trkpt lat="-1.98167386666667" lon="101.8873538">
        <ele>586.39</ele>
        <time>2024-08-05T14:06:56+07:00</time>
      </trkpt>
      <trkpt lat="-1.98183068333333" lon="101.8873616">
        <ele>587.053</ele>
        <time>2024-08-05T14:06:58+07:00</time>
      </trkpt>
      <trkpt lat="-1.98198408333333" lon="101.8874087">
        <ele>587.978</ele>
        <time>2024-08-05T14:07:00+07:00</time>
      </trkpt>
      <trkpt lat="-1.98213326666667" lon="101.887471966667">
        <ele>588.173</ele>
        <time>2024-08-05T14:07:02+07:00</time>
      </trkpt>
      <trkpt lat="-1.98228353333333" lon="101.887520666667">
        <ele>589.008</ele>
        <time>2024-08-05T14:07:04+07:00</time>
      </trkpt>
      <trkpt lat="-1.9823792" lon="101.887577816667">
        <ele>589.811</ele>
        <time>2024-08-05T14:07:06+07:00</time>
      </trkpt>
      <trkpt lat="-1.98249461666667" lon="101.8876631">
        <ele>593.966</ele>
        <time>2024-08-05T14:07:08+07:00</time>
      </trkpt>
      <trkpt lat="-1.9826288" lon="101.88772725">
        <ele>595.214</ele>
        <time>2024-08-05T14:07:10+07:00</time>
      </trkpt>
      <trkpt lat="-1.98278603333333" lon="101.88779505">
        <ele>594.63</ele>
        <time>2024-08-05T14:07:12+07:00</time>
      </trkpt>
      <trkpt lat="-1.98292633333333" lon="101.8878311">
        <ele>592.541</ele>
        <time>2024-08-05T14:07:14+07:00</time>
      </trkpt>
      <trkpt lat="-1.98307818333333" lon="101.887848933333">
        <ele>592.041</ele>
        <time>2024-08-05T14:07:16+07:00</time>
      </trkpt>
      <trkpt lat="-1.98323026666667" lon="101.887868666667">
        <ele>592.971</ele>
        <time>2024-08-05T14:07:18+07:00</time>
      </trkpt>
      <trkpt lat="-1.98336346666667" lon="101.887883383333">
        <ele>595.973</ele>
        <time>2024-08-05T14:07:20+07:00</time>
      </trkpt>
      <trkpt lat="-1.98348458333333" lon="101.887901516667">
        <ele>600.042</ele>
        <time>2024-08-05T14:07:22+07:00</time>
      </trkpt>
      <trkpt lat="-1.98360026666667" lon="101.887952183333">
        <ele>602.929</ele>
        <time>2024-08-05T14:07:24+07:00</time>
      </trkpt>
      <trkpt lat="-1.98371828333333" lon="101.888022966667">
        <ele>601.393</ele>
        <time>2024-08-05T14:07:26+07:00</time>
      </trkpt>
      <trkpt lat="-1.98385736666667" lon="101.8880818">
        <ele>601.466</ele>
        <time>2024-08-05T14:07:28+07:00</time>
      </trkpt>
      <trkpt lat="-1.98398245" lon="101.888128433333">
        <ele>606.177</ele>
        <time>2024-08-05T14:07:30+07:00</time>
      </trkpt>
      <trkpt lat="-1.98408498333333" lon="101.888159433333">
        <ele>606.868</ele>
        <time>2024-08-05T14:07:32+07:00</time>
      </trkpt>
      <trkpt lat="-1.9841871" lon="101.8881649">
        <ele>604.405</ele>
        <time>2024-08-05T14:07:34+07:00</time>
      </trkpt>
      <trkpt lat="-1.98428941666667" lon="101.888148666667">
        <ele>606.29</ele>
        <time>2024-08-05T14:07:36+07:00</time>
      </trkpt>
      <trkpt lat="-1.98440835" lon="101.888115966667">
        <ele>610.407</ele>
        <time>2024-08-05T14:07:38+07:00</time>
      </trkpt>
      <trkpt lat="-1.98451923333333" lon="101.888075083333">
        <ele>609.66</ele>
        <time>2024-08-05T14:07:40+07:00</time>
      </trkpt>
      <trkpt lat="-1.98462553333333" lon="101.8880282">
        <ele>608.642</ele>
        <time>2024-08-05T14:07:42+07:00</time>
      </trkpt>
      <trkpt lat="-1.98471996666667" lon="101.887987366667">
        <ele>611.039</ele>
        <time>2024-08-05T14:07:44+07:00</time>
      </trkpt>
      <trkpt lat="-1.98481473333333" lon="101.8879836">
        <ele>612.116</ele>
        <time>2024-08-05T14:07:46+07:00</time>
      </trkpt>
      <trkpt lat="-1.9849075" lon="101.88797975">
        <ele>616.331</ele>
        <time>2024-08-05T14:07:48+07:00</time>
      </trkpt>
      <trkpt lat="-1.9850126" lon="101.888033033333">
        <ele>618.041</ele>
        <time>2024-08-05T14:07:50+07:00</time>
      </trkpt>
      <trkpt lat="-1.98511821666667" lon="101.8880658">
        <ele>621.779</ele>
        <time>2024-08-05T14:07:52+07:00</time>
      </trkpt>
      <trkpt lat="-1.98519596666667" lon="101.888102233333">
        <ele>622.276</ele>
        <time>2024-08-05T14:07:54+07:00</time>
      </trkpt>
      <trkpt lat="-1.985273" lon="101.888106233333">
        <ele>622.778</ele>
        <time>2024-08-05T14:07:56+07:00</time>
      </trkpt>
      <trkpt lat="-1.9853608" lon="101.888091666667">
        <ele>622.901</ele>
        <time>2024-08-05T14:07:58+07:00</time>
      </trkpt>
      <trkpt lat="-1.98545141666667" lon="101.888096316667">
        <ele>621.622</ele>
        <time>2024-08-05T14:08:00+07:00</time>
      </trkpt>
      <trkpt lat="-1.9855427" lon="101.888073633333">
        <ele>612.284</ele>
        <time>2024-08-05T14:08:02+07:00</time>
      </trkpt>
      <trkpt lat="-1.98560308333333" lon="101.88809395">
        <ele>604.544</ele>
        <time>2024-08-05T14:08:04+07:00</time>
      </trkpt>
      <trkpt lat="-1.98570158333333" lon="101.888136833333">
        <ele>599.908</ele>
        <time>2024-08-05T14:08:06+07:00</time>
      </trkpt>
      <trkpt lat="-1.98582963333333" lon="101.888109766667">
        <ele>604.573</ele>
        <time>2024-08-05T14:08:08+07:00</time>
      </trkpt>
      <trkpt lat="-1.98595076666667" lon="101.888133816667">
        <ele>602.469</ele>
        <time>2024-08-05T14:08:10+07:00</time>
      </trkpt>
      <trkpt lat="-1.98604778333333" lon="101.8881737">
        <ele>599.896</ele>
        <time>2024-08-05T14:08:12+07:00</time>
      </trkpt>
      <trkpt lat="-1.98614851666667" lon="101.8881521">
        <ele>603.016</ele>
        <time>2024-08-05T14:08:14+07:00</time>
      </trkpt>
      <trkpt lat="-1.98626066666667" lon="101.8880873">
        <ele>605.523</ele>
        <time>2024-08-05T14:08:16+07:00</time>
      </trkpt>
      <trkpt lat="-1.9863732" lon="101.888002566667">
        <ele>608.14</ele>
        <time>2024-08-05T14:08:18+07:00</time>
      </trkpt>
      <trkpt lat="-1.98644991666667" lon="101.887903683333">
        <ele>611.711</ele>
        <time>2024-08-05T14:08:20+07:00</time>
      </trkpt>
      <trkpt lat="-1.98651308333333" lon="101.88784035">
        <ele>617.014</ele>
        <time>2024-08-05T14:08:22+07:00</time>
      </trkpt>
      <trkpt lat="-1.98658431666667" lon="101.887833666667">
        <ele>618.407</ele>
        <time>2024-08-05T14:08:24+07:00</time>
      </trkpt>
      <trkpt lat="-1.9866464" lon="101.887863716667">
        <ele>624.336</ele>
        <time>2024-08-05T14:08:26+07:00</time>
      </trkpt>
      <trkpt lat="-1.98665683333333" lon="101.88792815">
        <ele>629.787</ele>
        <time>2024-08-05T14:08:28+07:00</time>
      </trkpt>
      <trkpt lat="-1.98663" lon="101.888027733333">
        <ele>628.9</ele>
        <time>2024-08-05T14:08:30+07:00</time>
      </trkpt>
      <trkpt lat="-1.98655473333333" lon="101.888124516667">
        <ele>633.08</ele>
        <time>2024-08-05T14:08:32+07:00</time>
      </trkpt>
      <trkpt lat="-1.98648043333333" lon="101.888251616667">
        <ele>636.067</ele>
        <time>2024-08-05T14:08:34+07:00</time>
      </trkpt>
      <trkpt lat="-1.98645286666667" lon="101.88837275">
        <ele>634.51</ele>
        <time>2024-08-05T14:08:36+07:00</time>
      </trkpt>
      <trkpt lat="-1.9864774" lon="101.888463333333">
        <ele>631.091</ele>
        <time>2024-08-05T14:08:38+07:00</time>
      </trkpt>
      <trkpt lat="-1.98652378333333" lon="101.888511966667">
        <ele>629.895</ele>
        <time>2024-08-05T14:08:40+07:00</time>
      </trkpt>
      <trkpt lat="-1.98654615" lon="101.888564083333">
        <ele>629.179</ele>
        <time>2024-08-05T14:08:42+07:00</time>
      </trkpt>
      <trkpt lat="-1.9865553" lon="101.888660816667">
        <ele>628.747</ele>
        <time>2024-08-05T14:08:44+07:00</time>
      </trkpt>
      <trkpt lat="-1.98654003333333" lon="101.88871485">
        <ele>625.971</ele>
        <time>2024-08-05T14:08:46+07:00</time>
      </trkpt>
      <trkpt lat="-1.98653695" lon="101.888762716667">
        <ele>625.729</ele>
        <time>2024-08-05T14:08:48+07:00</time>
      </trkpt>
      <trkpt lat="-1.98655668333333" lon="101.88880785">
        <ele>626.701</ele>
        <time>2024-08-05T14:08:50+07:00</time>
      </trkpt>
      <trkpt lat="-1.98657975" lon="101.88885615">
        <ele>626.131</ele>
        <time>2024-08-05T14:08:52+07:00</time>
      </trkpt>
      <trkpt lat="-1.98660191666667" lon="101.888904666667">
        <ele>626.698</ele>
        <time>2024-08-05T14:08:54+07:00</time>
      </trkpt>
      <trkpt lat="-1.9866277" lon="101.888948">
        <ele>625.937</ele>
        <time>2024-08-05T14:08:56+07:00</time>
      </trkpt>
      <trkpt lat="-1.98665451666667" lon="101.888994966667">
        <ele>623.153</ele>
        <time>2024-08-05T14:08:58+07:00</time>
      </trkpt>
      <trkpt lat="-1.98663775" lon="101.889061033333">
        <ele>620.812</ele>
        <time>2024-08-05T14:09:00+07:00</time>
      </trkpt>
      <trkpt lat="-1.98661188333333" lon="101.8891174">
        <ele>621.125</ele>
        <time>2024-08-05T14:09:02+07:00</time>
      </trkpt>
      <trkpt lat="-1.98660818333333" lon="101.889142383333">
        <ele>620.553</ele>
        <time>2024-08-05T14:09:04+07:00</time>
      </trkpt>
      <trkpt lat="-1.98661116666667" lon="101.889174816667">
        <ele>620.553</ele>
        <time>2024-08-05T14:09:06+07:00</time>
      </trkpt>
      <trkpt lat="-1.98660563333333" lon="101.88922935">
        <ele>622.33</ele>
        <time>2024-08-05T14:09:08+07:00</time>
      </trkpt>
      <trkpt lat="-1.98658983333333" lon="101.889277733333">
        <ele>623.706</ele>
        <time>2024-08-05T14:09:10+07:00</time>
      </trkpt>
      <trkpt lat="-1.98658661666667" lon="101.88932065">
        <ele>625.145</ele>
        <time>2024-08-05T14:09:12+07:00</time>
      </trkpt>
      <trkpt lat="-1.98658698333333" lon="101.8893641">
        <ele>626.068</ele>
        <time>2024-08-05T14:09:14+07:00</time>
      </trkpt>
      <trkpt lat="-1.9865891" lon="101.88939845">
        <ele>626.968</ele>
        <time>2024-08-05T14:09:16+07:00</time>
      </trkpt>
      <trkpt lat="-1.98657866666667" lon="101.889433666667">
        <ele>628.876</ele>
        <time>2024-08-05T14:09:18+07:00</time>
      </trkpt>
      <trkpt lat="-1.98655195" lon="101.889482166667">
        <ele>630.585</ele>
        <time>2024-08-05T14:09:20+07:00</time>
      </trkpt>
      <trkpt lat="-1.9865359" lon="101.8895394">
        <ele>628.235</ele>
        <time>2024-08-05T14:09:22+07:00</time>
      </trkpt>
      <trkpt lat="-1.9865392" lon="101.88958">
        <ele>627.838</ele>
        <time>2024-08-05T14:09:24+07:00</time>
      </trkpt>
      <trkpt lat="-1.98654853333333" lon="101.889602">
        <ele>628.227</ele>
        <time>2024-08-05T14:09:26+07:00</time>
      </trkpt>
      <trkpt lat="-1.98657056666667" lon="101.88962075">
        <ele>632.666</ele>
        <time>2024-08-05T14:09:28+07:00</time>
      </trkpt>
      <trkpt lat="-1.9865899" lon="101.88964315">
        <ele>636.08</ele>
        <time>2024-08-05T14:09:30+07:00</time>
      </trkpt>
      <trkpt lat="-1.98659568333333" lon="101.889661233333">
        <ele>638.635</ele>
        <time>2024-08-05T14:09:32+07:00</time>
      </trkpt>
      <trkpt lat="-1.98661438333333" lon="101.889685533333">
        <ele>641.272</ele>
        <time>2024-08-05T14:09:34+07:00</time>
      </trkpt>
      <trkpt lat="-1.9866371" lon="101.889716716667">
        <ele>641.847</ele>
        <time>2024-08-05T14:09:36+07:00</time>
      </trkpt>
      <trkpt lat="-1.98665788333333" lon="101.88975805">
        <ele>642.945</ele>
        <time>2024-08-05T14:09:38+07:00</time>
      </trkpt>
      <trkpt lat="-1.98668838333333" lon="101.889797983333">
        <ele>643.204</ele>
        <time>2024-08-05T14:09:40+07:00</time>
      </trkpt>
      <trkpt lat="-1.98672693333333" lon="101.889843366667">
        <ele>643.171</ele>
        <time>2024-08-05T14:09:42+07:00</time>
      </trkpt>
      <trkpt lat="-1.98678655" lon="101.889898916667">
        <ele>643.248</ele>
        <time>2024-08-05T14:09:44+07:00</time>
      </trkpt>
      <trkpt lat="-1.98685988333333" lon="101.88993605">
        <ele>650.285</ele>
        <time>2024-08-05T14:09:46+07:00</time>
      </trkpt>
      <trkpt lat="-1.98690716666667" lon="101.889994783333">
        <ele>653.484</ele>
        <time>2024-08-05T14:09:48+07:00</time>
      </trkpt>
      <trkpt lat="-1.98697271666667" lon="101.890049116667">
        <ele>658.959</ele>
        <time>2024-08-05T14:09:50+07:00</time>
      </trkpt>
      <trkpt lat="-1.98703383333333" lon="101.890108633333">
        <ele>661.171</ele>
        <time>2024-08-05T14:09:52+07:00</time>
      </trkpt>
      <trkpt lat="-1.9870834" lon="101.890177533333">
        <ele>656.019</ele>
        <time>2024-08-05T14:09:54+07:00</time>
      </trkpt>
      <trkpt lat="-1.9871604" lon="101.890246483333">
        <ele>654.582</ele>
        <time>2024-08-05T14:09:56+07:00</time>
      </trkpt>
      <trkpt lat="-1.98726213333333" lon="101.890319583333">
        <ele>650.633</ele>
        <time>2024-08-05T14:09:58+07:00</time>
      </trkpt>
      <trkpt lat="-1.98737505" lon="101.8903737">
        <ele>648.846</ele>
        <time>2024-08-05T14:10:00+07:00</time>
      </trkpt>
      <trkpt lat="-1.98749615" lon="101.8904128">
        <ele>650.514</ele>
        <time>2024-08-05T14:10:02+07:00</time>
      </trkpt>
      <trkpt lat="-1.98761048333333" lon="101.890431016667">
        <ele>651.499</ele>
        <time>2024-08-05T14:10:04+07:00</time>
      </trkpt>
      <trkpt lat="-1.98770893333333" lon="101.890472533333">
        <ele>648.282</ele>
        <time>2024-08-05T14:10:06+07:00</time>
      </trkpt>
      <trkpt lat="-1.98781541666667" lon="101.890512566667">
        <ele>643.57</ele>
        <time>2024-08-05T14:10:08+07:00</time>
      </trkpt>
      <trkpt lat="-1.98789515" lon="101.890568366667">
        <ele>638.872</ele>
        <time>2024-08-05T14:10:10+07:00</time>
      </trkpt>
      <trkpt lat="-1.9879606" lon="101.8906107">
        <ele>631.601</ele>
        <time>2024-08-05T14:10:12+07:00</time>
      </trkpt>
      <trkpt lat="-1.98804703333333" lon="101.890651016667">
        <ele>630.903</ele>
        <time>2024-08-05T14:10:14+07:00</time>
      </trkpt>
      <trkpt lat="-1.988129" lon="101.890692666667">
        <ele>624.409</ele>
        <time>2024-08-05T14:10:16+07:00</time>
      </trkpt>
      <trkpt lat="-1.98820408333333" lon="101.890739633333">
        <ele>612.778</ele>
        <time>2024-08-05T14:10:18+07:00</time>
      </trkpt>
      <trkpt lat="-1.98825345" lon="101.89078695">
        <ele>602.77</ele>
        <time>2024-08-05T14:10:20+07:00</time>
      </trkpt>
      <trkpt lat="-1.98832735" lon="101.89082265">
        <ele>599.652</ele>
        <time>2024-08-05T14:10:22+07:00</time>
      </trkpt>
      <trkpt lat="-1.98839291666667" lon="101.890874033333">
        <ele>601.055</ele>
        <time>2024-08-05T14:10:24+07:00</time>
      </trkpt>
      <trkpt lat="-1.9884423" lon="101.8908897">
        <ele>601.916</ele>
        <time>2024-08-05T14:10:26+07:00</time>
      </trkpt>
      <trkpt lat="-1.98849008333333" lon="101.890885383333">
        <ele>604.111</ele>
        <time>2024-08-05T14:10:28+07:00</time>
      </trkpt>
      <trkpt lat="-1.98855036666667" lon="101.89089955">
        <ele>606.995</ele>
        <time>2024-08-05T14:10:30+07:00</time>
      </trkpt>
      <trkpt lat="-1.98861311666667" lon="101.890913866667">
        <ele>608.301</ele>
        <time>2024-08-05T14:10:32+07:00</time>
      </trkpt>
      <trkpt lat="-1.98867551666667" lon="101.890927116667">
        <ele>610.354</ele>
        <time>2024-08-05T14:10:34+07:00</time>
      </trkpt>
      <trkpt lat="-1.98876086666667" lon="101.890934533333">
        <ele>613.776</ele>
        <time>2024-08-05T14:10:36+07:00</time>
      </trkpt>
      <trkpt lat="-1.98884306666667" lon="101.8909335">
        <ele>613.61</ele>
        <time>2024-08-05T14:10:38+07:00</time>
      </trkpt>
      <trkpt lat="-1.98893255" lon="101.8909176">
        <ele>611.804</ele>
        <time>2024-08-05T14:10:40+07:00</time>
      </trkpt>
      <trkpt lat="-1.98903256666667" lon="101.8908751">
        <ele>614.1</ele>
        <time>2024-08-05T14:10:42+07:00</time>
      </trkpt>
      <trkpt lat="-1.98916261666667" lon="101.890807633333">
        <ele>618.58</ele>
        <time>2024-08-05T14:10:44+07:00</time>
      </trkpt>
      <trkpt lat="-1.98930703333333" lon="101.890754016667">
        <ele>615.484</ele>
        <time>2024-08-05T14:10:46+07:00</time>
      </trkpt>
      <trkpt lat="-1.98941258333333" lon="101.8907231">
        <ele>617.833</ele>
        <time>2024-08-05T14:10:48+07:00</time>
      </trkpt>
      <trkpt lat="-1.9895129" lon="101.890682583333">
        <ele>615.459</ele>
        <time>2024-08-05T14:10:50+07:00</time>
      </trkpt>
      <trkpt lat="-1.98962783333333" lon="101.890630383333">
        <ele>614.669</ele>
        <time>2024-08-05T14:10:52+07:00</time>
      </trkpt>
      <trkpt lat="-1.98973105" lon="101.890569083333">
        <ele>612.706</ele>
        <time>2024-08-05T14:10:54+07:00</time>
      </trkpt>
      <trkpt lat="-1.98979655" lon="101.89052805">
        <ele>613.253</ele>
        <time>2024-08-05T14:10:56+07:00</time>
      </trkpt>
      <trkpt lat="-1.98985375" lon="101.890496766667">
        <ele>613.753</ele>
        <time>2024-08-05T14:10:58+07:00</time>
      </trkpt>
      <trkpt lat="-1.989918" lon="101.890464683333">
        <ele>613.564</ele>
        <time>2024-08-05T14:11:00+07:00</time>
      </trkpt>
      <trkpt lat="-1.98998658333333" lon="101.890442416667">
        <ele>613.873</ele>
        <time>2024-08-05T14:11:02+07:00</time>
      </trkpt>
      <trkpt lat="-1.99005696666667" lon="101.890419466667">
        <ele>613.688</ele>
        <time>2024-08-05T14:11:04+07:00</time>
      </trkpt>
      <trkpt lat="-1.99011373333333" lon="101.8904263">
        <ele>612.401</ele>
        <time>2024-08-05T14:11:06+07:00</time>
      </trkpt>
      <trkpt lat="-1.9901754" lon="101.89045015">
        <ele>609.705</ele>
        <time>2024-08-05T14:11:08+07:00</time>
      </trkpt>
      <trkpt lat="-1.9902344" lon="101.8904655">
        <ele>607.615</ele>
        <time>2024-08-05T14:11:10+07:00</time>
      </trkpt>
      <trkpt lat="-1.99029571666667" lon="101.890496">
        <ele>606.262</ele>
        <time>2024-08-05T14:11:12+07:00</time>
      </trkpt>
      <trkpt lat="-1.99035956666667" lon="101.890527466667">
        <ele>604.232</ele>
        <time>2024-08-05T14:11:14+07:00</time>
      </trkpt>
      <trkpt lat="-1.9904159" lon="101.890542716667">
        <ele>602.744</ele>
        <time>2024-08-05T14:11:16+07:00</time>
      </trkpt>
      <trkpt lat="-1.99047395" lon="101.890560533333">
        <ele>602.744</ele>
        <time>2024-08-05T14:11:18+07:00</time>
      </trkpt>
      <trkpt lat="-1.99053215" lon="101.890576283333">
        <ele>600.18</ele>
        <time>2024-08-05T14:11:20+07:00</time>
      </trkpt>
      <trkpt lat="-1.99059075" lon="101.89058455">
        <ele>600.533</ele>
        <time>2024-08-05T14:11:22+07:00</time>
      </trkpt>
      <trkpt lat="-1.99065473333333" lon="101.890599033333">
        <ele>601.887</ele>
        <time>2024-08-05T14:11:24+07:00</time>
      </trkpt>
      <trkpt lat="-1.99069596666667" lon="101.89057835">
        <ele>601.411</ele>
        <time>2024-08-05T14:11:26+07:00</time>
      </trkpt>
      <trkpt lat="-1.99073203333333" lon="101.890527933333">
        <ele>602.385</ele>
        <time>2024-08-05T14:11:28+07:00</time>
      </trkpt>
      <trkpt lat="-1.99076393333333" lon="101.890487066667">
        <ele>601.751</ele>
        <time>2024-08-05T14:11:30+07:00</time>
      </trkpt>
      <trkpt lat="-1.99082301666667" lon="101.890457333333">
        <ele>601.13</ele>
        <time>2024-08-05T14:11:32+07:00</time>
      </trkpt>
      <trkpt lat="-1.99087723333333" lon="101.890435383333">
        <ele>602.316</ele>
        <time>2024-08-05T14:11:34+07:00</time>
      </trkpt>
      <trkpt lat="-1.99091296666667" lon="101.89040385">
        <ele>600.013</ele>
        <time>2024-08-05T14:11:36+07:00</time>
      </trkpt>
      <trkpt lat="-1.99094778333333" lon="101.890373366667">
        <ele>598.526</ele>
        <time>2024-08-05T14:11:38+07:00</time>
      </trkpt>
      <trkpt lat="-1.99099085" lon="101.8903462">
        <ele>596.98</ele>
        <time>2024-08-05T14:11:40+07:00</time>
      </trkpt>
      <trkpt lat="-1.9910402" lon="101.890318133333">
        <ele>595.491</ele>
        <time>2024-08-05T14:11:42+07:00</time>
      </trkpt>
      <trkpt lat="-1.99109358333333" lon="101.8902873">
        <ele>590.599</ele>
        <time>2024-08-05T14:11:44+07:00</time>
      </trkpt>
      <trkpt lat="-1.99117575" lon="101.8902901">
        <ele>587.914</ele>
        <time>2024-08-05T14:11:46+07:00</time>
      </trkpt>
      <trkpt lat="-1.99125788333333" lon="101.890302333333">
        <ele>584.898</ele>
        <time>2024-08-05T14:11:48+07:00</time>
      </trkpt>
      <trkpt lat="-1.99133656666667" lon="101.890301766667">
        <ele>580.506</ele>
        <time>2024-08-05T14:11:50+07:00</time>
      </trkpt>
      <trkpt lat="-1.99140525" lon="101.890257766667">
        <ele>575.924</ele>
        <time>2024-08-05T14:11:52+07:00</time>
      </trkpt>
      <trkpt lat="-1.99149043333333" lon="101.890209883333">
        <ele>571.395</ele>
        <time>2024-08-05T14:11:54+07:00</time>
      </trkpt>
      <trkpt lat="-1.99155945" lon="101.890195633333">
        <ele>568.63</ele>
        <time>2024-08-05T14:11:56+07:00</time>
      </trkpt>
      <trkpt lat="-1.99160896666667" lon="101.890203">
        <ele>569.523</ele>
        <time>2024-08-05T14:11:58+07:00</time>
      </trkpt>
      <trkpt lat="-1.99166176666667" lon="101.8902235">
        <ele>568.08</ele>
        <time>2024-08-05T14:12:00+07:00</time>
      </trkpt>
      <trkpt lat="-1.99174873333333" lon="101.89023015">
        <ele>565.568</ele>
        <time>2024-08-05T14:12:02+07:00</time>
      </trkpt>
      <trkpt lat="-1.99186703333333" lon="101.89021075">
        <ele>569.645</ele>
        <time>2024-08-05T14:12:04+07:00</time>
      </trkpt>
      <trkpt lat="-1.9919733" lon="101.89018545">
        <ele>573.259</ele>
        <time>2024-08-05T14:12:06+07:00</time>
      </trkpt>
      <trkpt lat="-1.99204006666667" lon="101.89017245">
        <ele>573.336</ele>
        <time>2024-08-05T14:12:08+07:00</time>
      </trkpt>
      <trkpt lat="-1.99208558333333" lon="101.890153033333">
        <ele>573.9</ele>
        <time>2024-08-05T14:12:10+07:00</time>
      </trkpt>
      <trkpt lat="-1.99212033333333" lon="101.890128">
        <ele>573.531</ele>
        <time>2024-08-05T14:12:12+07:00</time>
      </trkpt>
      <trkpt lat="-1.99217591666667" lon="101.890107083333">
        <ele>576.499</ele>
        <time>2024-08-05T14:12:14+07:00</time>
      </trkpt>
      <trkpt lat="-1.99225716666667" lon="101.890092816667">
        <ele>577.545</ele>
        <time>2024-08-05T14:12:16+07:00</time>
      </trkpt>
      <trkpt lat="-1.99235485" lon="101.890094483333">
        <ele>575.677</ele>
        <time>2024-08-05T14:12:18+07:00</time>
      </trkpt>
      <trkpt lat="-1.9924479" lon="101.890138616667">
        <ele>572.966</ele>
        <time>2024-08-05T14:12:20+07:00</time>
      </trkpt>
      <trkpt lat="-1.99253196666667" lon="101.890184616667">
        <ele>571.809</ele>
        <time>2024-08-05T14:12:22+07:00</time>
      </trkpt>
      <trkpt lat="-1.99260223333333" lon="101.890238983333">
        <ele>569.621</ele>
        <time>2024-08-05T14:12:24+07:00</time>
      </trkpt>
      <trkpt lat="-1.9926656" lon="101.890282916667">
        <ele>565.968</ele>
        <time>2024-08-05T14:12:26+07:00</time>
      </trkpt>
      <trkpt lat="-1.99270943333333" lon="101.890358916667">
        <ele>571.747</ele>
        <time>2024-08-05T14:12:28+07:00</time>
      </trkpt>
      <trkpt lat="-1.99276495" lon="101.890385783333">
        <ele>573.106</ele>
        <time>2024-08-05T14:12:30+07:00</time>
      </trkpt>
      <trkpt lat="-1.99284278333333" lon="101.890380783333">
        <ele>569.326</ele>
        <time>2024-08-05T14:12:32+07:00</time>
      </trkpt>
      <trkpt lat="-1.9929439" lon="101.89041625">
        <ele>565.459</ele>
        <time>2024-08-05T14:12:34+07:00</time>
      </trkpt>
      <trkpt lat="-1.99305395" lon="101.890455966667">
        <ele>565.943</ele>
        <time>2024-08-05T14:12:36+07:00</time>
      </trkpt>
      <trkpt lat="-1.99313208333333" lon="101.890492666667">
        <ele>565.025</ele>
        <time>2024-08-05T14:12:38+07:00</time>
      </trkpt>
      <trkpt lat="-1.99319175" lon="101.890549966667">
        <ele>565.761</ele>
        <time>2024-08-05T14:12:40+07:00</time>
      </trkpt>
      <trkpt lat="-1.99323" lon="101.890587983333">
        <ele>564.673</ele>
        <time>2024-08-05T14:12:42+07:00</time>
      </trkpt>
      <trkpt lat="-1.99325691666667" lon="101.89064475">
        <ele>564.222</ele>
        <time>2024-08-05T14:12:44+07:00</time>
      </trkpt>
      <trkpt lat="-1.99328431666667" lon="101.890734533333">
        <ele>559.908</ele>
        <time>2024-08-05T14:12:46+07:00</time>
      </trkpt>
      <trkpt lat="-1.9933409" lon="101.890818816667">
        <ele>554.23</ele>
        <time>2024-08-05T14:12:48+07:00</time>
      </trkpt>
      <trkpt lat="-1.9933489" lon="101.890908766667">
        <ele>554.078</ele>
        <time>2024-08-05T14:12:50+07:00</time>
      </trkpt>
      <trkpt lat="-1.99337966666667" lon="101.890967283333">
        <ele>555.146</ele>
        <time>2024-08-05T14:12:52+07:00</time>
      </trkpt>
      <trkpt lat="-1.9934484" lon="101.8910016">
        <ele>552.693</ele>
        <time>2024-08-05T14:12:54+07:00</time>
      </trkpt>
      <trkpt lat="-1.99350631666667" lon="101.89104795">
        <ele>550.777</ele>
        <time>2024-08-05T14:12:56+07:00</time>
      </trkpt>
      <trkpt lat="-1.99356638333333" lon="101.891087816667">
        <ele>549.924</ele>
        <time>2024-08-05T14:12:58+07:00</time>
      </trkpt>
      <trkpt lat="-1.99363645" lon="101.891117833333">
        <ele>546.215</ele>
        <time>2024-08-05T14:13:00+07:00</time>
      </trkpt>
      <trkpt lat="-1.99370018333333" lon="101.8911558">
        <ele>546.976</ele>
        <time>2024-08-05T14:13:02+07:00</time>
      </trkpt>
      <trkpt lat="-1.99377826666667" lon="101.891196516667">
        <ele>546.675</ele>
        <time>2024-08-05T14:13:04+07:00</time>
      </trkpt>
      <trkpt lat="-1.99387046666667" lon="101.89124915">
        <ele>545.552</ele>
        <time>2024-08-05T14:13:06+07:00</time>
      </trkpt>
      <trkpt lat="-1.99395921666667" lon="101.8913012">
        <ele>542.244</ele>
        <time>2024-08-05T14:13:08+07:00</time>
      </trkpt>
      <trkpt lat="-1.99403898333333" lon="101.89136845">
        <ele>542.328</ele>
        <time>2024-08-05T14:13:10+07:00</time>
      </trkpt>
      <trkpt lat="-1.99412211666667" lon="101.891418866667">
        <ele>542.071</ele>
        <time>2024-08-05T14:13:12+07:00</time>
      </trkpt>
      <trkpt lat="-1.9942036" lon="101.891474516667">
        <ele>543.19</ele>
        <time>2024-08-05T14:13:14+07:00</time>
      </trkpt>
      <trkpt lat="-1.99428698333333" lon="101.891522266667">
        <ele>541.966</ele>
        <time>2024-08-05T14:13:16+07:00</time>
      </trkpt>
      <trkpt lat="-1.9943554" lon="101.891567716667">
        <ele>539.223</ele>
        <time>2024-08-05T14:13:18+07:00</time>
      </trkpt>
      <trkpt lat="-1.99442551666667" lon="101.891618366667">
        <ele>541.153</ele>
        <time>2024-08-05T14:13:20+07:00</time>
      </trkpt>
      <trkpt lat="-1.99451018333333" lon="101.89161265">
        <ele>546.031</ele>
        <time>2024-08-05T14:13:22+07:00</time>
      </trkpt>
      <trkpt lat="-1.99457126666667" lon="101.89165875">
        <ele>547.018</ele>
        <time>2024-08-05T14:13:24+07:00</time>
      </trkpt>
      <trkpt lat="-1.99464658333333" lon="101.89172255">
        <ele>539.979</ele>
        <time>2024-08-05T14:13:26+07:00</time>
      </trkpt>
      <trkpt lat="-1.9946979" lon="101.891793833333">
        <ele>532.771</ele>
        <time>2024-08-05T14:13:28+07:00</time>
      </trkpt>
      <trkpt lat="-1.99475736666667" lon="101.891897683333">
        <ele>534.366</ele>
        <time>2024-08-05T14:13:30+07:00</time>
      </trkpt>
      <trkpt lat="-1.9948248" lon="101.891958766667">
        <ele>533.462</ele>
        <time>2024-08-05T14:13:32+07:00</time>
      </trkpt>
      <trkpt lat="-1.99488303333333" lon="101.891931666667">
        <ele>532.215</ele>
        <time>2024-08-05T14:13:34+07:00</time>
      </trkpt>
      <trkpt lat="-1.99495453333333" lon="101.891972083333">
        <ele>529.175</ele>
        <time>2024-08-05T14:13:36+07:00</time>
      </trkpt>
      <trkpt lat="-1.99501686666667" lon="101.892018783333">
        <ele>528.503</ele>
        <time>2024-08-05T14:13:38+07:00</time>
      </trkpt>
      <trkpt lat="-1.99508011666667" lon="101.892038616667">
        <ele>523.204</ele>
        <time>2024-08-05T14:13:40+07:00</time>
      </trkpt>
      <trkpt lat="-1.9951512" lon="101.892017783333">
        <ele>519.991</ele>
        <time>2024-08-05T14:13:42+07:00</time>
      </trkpt>
      <trkpt lat="-1.99522133333333" lon="101.892017516667">
        <ele>515.399</ele>
        <time>2024-08-05T14:13:44+07:00</time>
      </trkpt>
      <trkpt lat="-1.99529118333333" lon="101.892059433333">
        <ele>510.084</ele>
        <time>2024-08-05T14:13:46+07:00</time>
      </trkpt>
      <trkpt lat="-1.99537008333333" lon="101.89211615">
        <ele>505.162</ele>
        <time>2024-08-05T14:13:48+07:00</time>
      </trkpt>
      <trkpt lat="-1.99542563333333" lon="101.8921483">
        <ele>501.978</ele>
        <time>2024-08-05T14:13:50+07:00</time>
      </trkpt>
      <trkpt lat="-1.99547865" lon="101.89219595">
        <ele>502.601</ele>
        <time>2024-08-05T14:13:52+07:00</time>
      </trkpt>
      <trkpt lat="-1.9955284" lon="101.892252533333">
        <ele>503.921</ele>
        <time>2024-08-05T14:13:54+07:00</time>
      </trkpt>
      <trkpt lat="-1.99558865" lon="101.892345233333">
        <ele>509.878</ele>
        <time>2024-08-05T14:13:56+07:00</time>
      </trkpt>
      <trkpt lat="-1.99566233333333" lon="101.8924533">
        <ele>513.458</ele>
        <time>2024-08-05T14:13:58+07:00</time>
      </trkpt>
      <trkpt lat="-1.9957676" lon="101.892579516667">
        <ele>513.259</ele>
        <time>2024-08-05T14:14:00+07:00</time>
      </trkpt>
      <trkpt lat="-1.9958796" lon="101.892665266667">
        <ele>513.96</ele>
        <time>2024-08-05T14:14:02+07:00</time>
      </trkpt>
      <trkpt lat="-1.99600795" lon="101.892777866667">
        <ele>515.1</ele>
        <time>2024-08-05T14:14:04+07:00</time>
      </trkpt>
      <trkpt lat="-1.99611383333333" lon="101.892818516667">
        <ele>517.788</ele>
        <time>2024-08-05T14:14:06+07:00</time>
      </trkpt>
      <trkpt lat="-1.99620596666667" lon="101.892840116667">
        <ele>519.135</ele>
        <time>2024-08-05T14:14:08+07:00</time>
      </trkpt>
      <trkpt lat="-1.99626436666667" lon="101.8928281">
        <ele>515.904</ele>
        <time>2024-08-05T14:14:10+07:00</time>
      </trkpt>
      <trkpt lat="-1.99628136666667" lon="101.892865666667">
        <ele>515.623</ele>
        <time>2024-08-05T14:14:12+07:00</time>
      </trkpt>
      <trkpt lat="-1.9963159" lon="101.8929069">
        <ele>512.915</ele>
        <time>2024-08-05T14:14:14+07:00</time>
      </trkpt>
      <trkpt lat="-1.99634285" lon="101.89296685">
        <ele>511.642</ele>
        <time>2024-08-05T14:14:16+07:00</time>
      </trkpt>
      <trkpt lat="-1.99638621666667" lon="101.892993133333">
        <ele>519.614</ele>
        <time>2024-08-05T14:14:18+07:00</time>
      </trkpt>
      <trkpt lat="-1.99647008333333" lon="101.8929798">
        <ele>527.003</ele>
        <time>2024-08-05T14:14:20+07:00</time>
      </trkpt>
      <trkpt lat="-1.99654603333333" lon="101.892923616667">
        <ele>532.031</ele>
        <time>2024-08-05T14:14:22+07:00</time>
      </trkpt>
      <trkpt lat="-1.99662471666667" lon="101.892829">
        <ele>532.663</ele>
        <time>2024-08-05T14:14:24+07:00</time>
      </trkpt>
      <trkpt lat="-1.99671368333333" lon="101.892722433333">
        <ele>526.751</ele>
        <time>2024-08-05T14:14:26+07:00</time>
      </trkpt>
      <trkpt lat="-1.99680408333333" lon="101.892647833333">
        <ele>521.597</ele>
        <time>2024-08-05T14:14:28+07:00</time>
      </trkpt>
      <trkpt lat="-1.99684023333333" lon="101.892595316667">
        <ele>513.768</ele>
        <time>2024-08-05T14:14:30+07:00</time>
      </trkpt>
      <trkpt lat="-1.9968961" lon="101.892554833333">
        <ele>510.827</ele>
        <time>2024-08-05T14:14:32+07:00</time>
      </trkpt>
      <trkpt lat="-1.99693623333333" lon="101.8925468">
        <ele>513.106</ele>
        <time>2024-08-05T14:14:34+07:00</time>
      </trkpt>
      <trkpt lat="-1.9970331" lon="101.892541466667">
        <ele>515.442</ele>
        <time>2024-08-05T14:14:36+07:00</time>
      </trkpt>
      <trkpt lat="-1.9971191" lon="101.892538916667">
        <ele>515.275</ele>
        <time>2024-08-05T14:14:38+07:00</time>
      </trkpt>
      <trkpt lat="-1.99718845" lon="101.892526616667">
        <ele>509.441</ele>
        <time>2024-08-05T14:14:40+07:00</time>
      </trkpt>
      <trkpt lat="-1.99726693333333" lon="101.892494916667">
        <ele>503.783</ele>
        <time>2024-08-05T14:14:42+07:00</time>
      </trkpt>
      <trkpt lat="-1.99733183333333" lon="101.892535433333">
        <ele>499.535</ele>
        <time>2024-08-05T14:14:44+07:00</time>
      </trkpt>
      <trkpt lat="-1.99738731666667" lon="101.89253695">
        <ele>498.574</ele>
        <time>2024-08-05T14:14:46+07:00</time>
      </trkpt>
      <trkpt lat="-1.99743855" lon="101.892556283333">
        <ele>501.913</ele>
        <time>2024-08-05T14:14:48+07:00</time>
      </trkpt>
      <trkpt lat="-1.99755313333333" lon="101.892578">
        <ele>501.225</ele>
        <time>2024-08-05T14:14:50+07:00</time>
      </trkpt>
      <trkpt lat="-1.99764206666667" lon="101.8926184">
        <ele>502.373</ele>
        <time>2024-08-05T14:14:52+07:00</time>
      </trkpt>
      <trkpt lat="-1.99773366666667" lon="101.892667816667">
        <ele>503.83</ele>
        <time>2024-08-05T14:14:54+07:00</time>
      </trkpt>
      <trkpt lat="-1.99782293333333" lon="101.892730866667">
        <ele>501.028</ele>
        <time>2024-08-05T14:14:56+07:00</time>
      </trkpt>
      <trkpt lat="-1.99792531666667" lon="101.8928003">
        <ele>495.947</ele>
        <time>2024-08-05T14:14:58+07:00</time>
      </trkpt>
      <trkpt lat="-1.99802038333333" lon="101.892876383333">
        <ele>493.501</ele>
        <time>2024-08-05T14:15:00+07:00</time>
      </trkpt>
      <trkpt lat="-1.99809211666667" lon="101.893008133333">
        <ele>498.99</ele>
        <time>2024-08-05T14:15:02+07:00</time>
      </trkpt>
      <trkpt lat="-1.99817858333333" lon="101.893050866667">
        <ele>497.632</ele>
        <time>2024-08-05T14:15:04+07:00</time>
      </trkpt>
      <trkpt lat="-1.99825736666667" lon="101.893083933333">
        <ele>493.626</ele>
        <time>2024-08-05T14:15:06+07:00</time>
      </trkpt>
      <trkpt lat="-1.99834723333333" lon="101.893092733333">
        <ele>490.158</ele>
        <time>2024-08-05T14:15:08+07:00</time>
      </trkpt>
      <trkpt lat="-1.99844006666667" lon="101.893092033333">
        <ele>485.816</ele>
        <time>2024-08-05T14:15:10+07:00</time>
      </trkpt>
      <trkpt lat="-1.9985368" lon="101.893064966667">
        <ele>483.363</ele>
        <time>2024-08-05T14:15:12+07:00</time>
      </trkpt>
      <trkpt lat="-1.99861928333333" lon="101.893033233333">
        <ele>484.633</ele>
        <time>2024-08-05T14:15:14+07:00</time>
      </trkpt>
      <trkpt lat="-1.99870605" lon="101.893044233333">
        <ele>485.078</ele>
        <time>2024-08-05T14:15:16+07:00</time>
      </trkpt>
      <trkpt lat="-1.99880578333333" lon="101.893088783333">
        <ele>490.882</ele>
        <time>2024-08-05T14:15:18+07:00</time>
      </trkpt>
      <trkpt lat="-1.9988578" lon="101.893179">
        <ele>487.935</ele>
        <time>2024-08-05T14:15:20+07:00</time>
      </trkpt>
      <trkpt lat="-1.99889161666667" lon="101.89329985">
        <ele>482.67</ele>
        <time>2024-08-05T14:15:22+07:00</time>
      </trkpt>
      <trkpt lat="-1.99893445" lon="101.893396716667">
        <ele>481.305</ele>
        <time>2024-08-05T14:15:24+07:00</time>
      </trkpt>
      <trkpt lat="-1.9989851" lon="101.8934645">
        <ele>480.091</ele>
        <time>2024-08-05T14:15:26+07:00</time>
      </trkpt>
      <trkpt lat="-1.99904816666667" lon="101.89352555">
        <ele>478.563</ele>
        <time>2024-08-05T14:15:28+07:00</time>
      </trkpt>
      <trkpt lat="-1.99911748333333" lon="101.89356135">
        <ele>477.947</ele>
        <time>2024-08-05T14:15:30+07:00</time>
      </trkpt>
      <trkpt lat="-1.9991867" lon="101.893601866667">
        <ele>477.939</ele>
        <time>2024-08-05T14:15:32+07:00</time>
      </trkpt>
      <trkpt lat="-1.99926205" lon="101.8936383">
        <ele>482.006</ele>
        <time>2024-08-05T14:15:34+07:00</time>
      </trkpt>
      <trkpt lat="-1.99934843333333" lon="101.89368235">
        <ele>478.087</ele>
        <time>2024-08-05T14:15:36+07:00</time>
      </trkpt>
      <trkpt lat="-1.99941" lon="101.893719933333">
        <ele>471.314</ele>
        <time>2024-08-05T14:15:38+07:00</time>
      </trkpt>
      <trkpt lat="-1.99945618333333" lon="101.893776483333">
        <ele>466.064</ele>
        <time>2024-08-05T14:15:40+07:00</time>
      </trkpt>
      <trkpt lat="-1.99952521666667" lon="101.8938003">
        <ele>462.34</ele>
        <time>2024-08-05T14:15:42+07:00</time>
      </trkpt>
      <trkpt lat="-1.99959248333333" lon="101.89382725">
        <ele>461.076</ele>
        <time>2024-08-05T14:15:44+07:00</time>
      </trkpt>
      <trkpt lat="-1.99967916666667" lon="101.893854633333">
        <ele>461.165</ele>
        <time>2024-08-05T14:15:46+07:00</time>
      </trkpt>
      <trkpt lat="-1.9997519" lon="101.893910666667">
        <ele>461.831</ele>
        <time>2024-08-05T14:15:48+07:00</time>
      </trkpt>
      <trkpt lat="-1.99981645" lon="101.893964633333">
        <ele>460.163</ele>
        <time>2024-08-05T14:15:50+07:00</time>
      </trkpt>
      <trkpt lat="-1.99990093333333" lon="101.894010033333">
        <ele>457.334</ele>
        <time>2024-08-05T14:15:52+07:00</time>
      </trkpt>
      <trkpt lat="-1.9999895" lon="101.8940472">
        <ele>457.568</ele>
        <time>2024-08-05T14:15:54+07:00</time>
      </trkpt>
      <trkpt lat="-2.00004641666667" lon="101.894111383333">
        <ele>458.602</ele>
        <time>2024-08-05T14:15:56+07:00</time>
      </trkpt>
      <trkpt lat="-2.00008021666667" lon="101.89417235">
        <ele>457.86</ele>
        <time>2024-08-05T14:15:58+07:00</time>
      </trkpt>
      <trkpt lat="-2.00013055" lon="101.89423245">
        <ele>452.745</ele>
        <time>2024-08-05T14:16:00+07:00</time>
      </trkpt>
      <trkpt lat="-2.00020983333333" lon="101.894300633333">
        <ele>447.187</ele>
        <time>2024-08-05T14:16:02+07:00</time>
      </trkpt>
      <trkpt lat="-2.0002996" lon="101.894399516667">
        <ele>447.442</ele>
        <time>2024-08-05T14:16:04+07:00</time>
      </trkpt>
      <trkpt lat="-2.00037206666667" lon="101.8944936">
        <ele>450.078</ele>
        <time>2024-08-05T14:16:06+07:00</time>
      </trkpt>
      <trkpt lat="-2.00045196666667" lon="101.89455955">
        <ele>448.308</ele>
        <time>2024-08-05T14:16:08+07:00</time>
      </trkpt>
      <trkpt lat="-2.00053095" lon="101.894631483333">
        <ele>445.041</ele>
        <time>2024-08-05T14:16:10+07:00</time>
      </trkpt>
      <trkpt lat="-2.00060981666667" lon="101.89472365">
        <ele>445.347</ele>
        <time>2024-08-05T14:16:12+07:00</time>
      </trkpt>
      <trkpt lat="-2.00067921666667" lon="101.894816383333">
        <ele>444.266</ele>
        <time>2024-08-05T14:16:14+07:00</time>
      </trkpt>
      <trkpt lat="-2.00074146666667" lon="101.894880466667">
        <ele>442.175</ele>
        <time>2024-08-05T14:16:16+07:00</time>
      </trkpt>
      <trkpt lat="-2.00080563333333" lon="101.894925216667">
        <ele>440.396</ele>
        <time>2024-08-05T14:16:18+07:00</time>
      </trkpt>
      <trkpt lat="-2.00087015" lon="101.8949634">
        <ele>440.598</ele>
        <time>2024-08-05T14:16:20+07:00</time>
      </trkpt>
      <trkpt lat="-2.00095228333333" lon="101.895030316667">
        <ele>438.229</ele>
        <time>2024-08-05T14:16:22+07:00</time>
      </trkpt>
      <trkpt lat="-2.001034" lon="101.895066516667">
        <ele>435.627</ele>
        <time>2024-08-05T14:16:24+07:00</time>
      </trkpt>
      <trkpt lat="-2.00111193333333" lon="101.895093333333">
        <ele>432.35</ele>
        <time>2024-08-05T14:16:26+07:00</time>
      </trkpt>
      <trkpt lat="-2.00119636666667" lon="101.89513535">
        <ele>429.207</ele>
        <time>2024-08-05T14:16:28+07:00</time>
      </trkpt>
      <trkpt lat="-2.00128705" lon="101.895171633333">
        <ele>425.468</ele>
        <time>2024-08-05T14:16:30+07:00</time>
      </trkpt>
      <trkpt lat="-2.00141478333333" lon="101.89524325">
        <ele>421.918</ele>
        <time>2024-08-05T14:16:32+07:00</time>
      </trkpt>
      <trkpt lat="-2.0015114" lon="101.895288466667">
        <ele>417.646</ele>
        <time>2024-08-05T14:16:34+07:00</time>
      </trkpt>
      <trkpt lat="-2.00161153333333" lon="101.895359766667">
        <ele>414.125</ele>
        <time>2024-08-05T14:16:36+07:00</time>
      </trkpt>
      <trkpt lat="-2.00168478333333" lon="101.895390783333">
        <ele>408.112</ele>
        <time>2024-08-05T14:16:38+07:00</time>
      </trkpt>
      <trkpt lat="-2.00177646666667" lon="101.895472166667">
        <ele>405.963</ele>
        <time>2024-08-05T14:16:40+07:00</time>
      </trkpt>
      <trkpt lat="-2.00183738333333" lon="101.89551915">
        <ele>404.512</ele>
        <time>2024-08-05T14:16:42+07:00</time>
      </trkpt>
      <trkpt lat="-2.00190186666667" lon="101.895563183333">
        <ele>405.036</ele>
        <time>2024-08-05T14:16:44+07:00</time>
      </trkpt>
      <trkpt lat="-2.00196596666667" lon="101.895616333333">
        <ele>405.411</ele>
        <time>2024-08-05T14:16:46+07:00</time>
      </trkpt>
      <trkpt lat="-2.00200761666667" lon="101.895658583333">
        <ele>405.091</ele>
        <time>2024-08-05T14:16:48+07:00</time>
      </trkpt>
      <trkpt lat="-2.00206675" lon="101.895705433333">
        <ele>403.446</ele>
        <time>2024-08-05T14:16:50+07:00</time>
      </trkpt>
      <trkpt lat="-2.00212465" lon="101.8957517">
        <ele>403.148</ele>
        <time>2024-08-05T14:16:52+07:00</time>
      </trkpt>
      <trkpt lat="-2.00219896666667" lon="101.895801333333">
        <ele>401.627</ele>
        <time>2024-08-05T14:16:54+07:00</time>
      </trkpt>
      <trkpt lat="-2.00231513333333" lon="101.895847283333">
        <ele>402.521</ele>
        <time>2024-08-05T14:16:56+07:00</time>
      </trkpt>
      <trkpt lat="-2.00240266666667" lon="101.89583">
        <ele>409.039</ele>
        <time>2024-08-05T14:16:58+07:00</time>
      </trkpt>
      <trkpt lat="-2.002528" lon="101.895869883333">
        <ele>416.408</ele>
        <time>2024-08-05T14:17:00+07:00</time>
      </trkpt>
      <trkpt lat="-2.00258663333333" lon="101.8958895">
        <ele>417.683</ele>
        <time>2024-08-05T14:17:02+07:00</time>
      </trkpt>
      <trkpt lat="-2.00262255" lon="101.895928183333">
        <ele>418.28</ele>
        <time>2024-08-05T14:17:04+07:00</time>
      </trkpt>
      <trkpt lat="-2.00266766666667" lon="101.895972066667">
        <ele>414.084</ele>
        <time>2024-08-05T14:17:06+07:00</time>
      </trkpt>
      <trkpt lat="-2.00269473333333" lon="101.896029033333">
        <ele>407.187</ele>
        <time>2024-08-05T14:17:08+07:00</time>
      </trkpt>
      <trkpt lat="-2.00273453333333" lon="101.8960899">
        <ele>404.805</ele>
        <time>2024-08-05T14:17:10+07:00</time>
      </trkpt>
      <trkpt lat="-2.0027661" lon="101.8961566">
        <ele>403.783</ele>
        <time>2024-08-05T14:17:12+07:00</time>
      </trkpt>
      <trkpt lat="-2.00279605" lon="101.896214283333">
        <ele>404.402</ele>
        <time>2024-08-05T14:17:14+07:00</time>
      </trkpt>
      <trkpt lat="-2.00283091666667" lon="101.8962703">
        <ele>404.358</ele>
        <time>2024-08-05T14:17:16+07:00</time>
      </trkpt>
      <trkpt lat="-2.00289168333333" lon="101.896283716667">
        <ele>403.349</ele>
        <time>2024-08-05T14:17:18+07:00</time>
      </trkpt>
      <trkpt lat="-2.0029565" lon="101.8963594">
        <ele>403.11</ele>
        <time>2024-08-05T14:17:20+07:00</time>
      </trkpt>
      <trkpt lat="-2.00300263333333" lon="101.896383">
        <ele>401.388</ele>
        <time>2024-08-05T14:17:22+07:00</time>
      </trkpt>
      <trkpt lat="-2.00302385" lon="101.896371766667">
        <ele>400.215</ele>
        <time>2024-08-05T14:17:24+07:00</time>
      </trkpt>
      <trkpt lat="-2.00305388333333" lon="101.896394616667">
        <ele>397.697</ele>
        <time>2024-08-05T14:17:26+07:00</time>
      </trkpt>
      <trkpt lat="-2.00311375" lon="101.896411433333">
        <ele>398.085</ele>
        <time>2024-08-05T14:17:28+07:00</time>
      </trkpt>
      <trkpt lat="-2.00318366666667" lon="101.89644515">
        <ele>397.981</ele>
        <time>2024-08-05T14:17:30+07:00</time>
      </trkpt>
      <trkpt lat="-2.00325733333333" lon="101.8964973">
        <ele>396.329</ele>
        <time>2024-08-05T14:17:32+07:00</time>
      </trkpt>
      <trkpt lat="-2.0033257" lon="101.8965841">
        <ele>388.917</ele>
        <time>2024-08-05T14:17:34+07:00</time>
      </trkpt>
      <trkpt lat="-2.00336651666667" lon="101.8966344">
        <ele>381.167</ele>
        <time>2024-08-05T14:17:36+07:00</time>
      </trkpt>
      <trkpt lat="-2.00341171666667" lon="101.896676583333">
        <ele>380.333</ele>
        <time>2024-08-05T14:17:38+07:00</time>
      </trkpt>
      <trkpt lat="-2.00345001666667" lon="101.896705216667">
        <ele>378.818</ele>
        <time>2024-08-05T14:17:40+07:00</time>
      </trkpt>
      <trkpt lat="-2.00348795" lon="101.89673125">
        <ele>378.723</ele>
        <time>2024-08-05T14:17:42+07:00</time>
      </trkpt>
      <trkpt lat="-2.00353441666667" lon="101.896723833333">
        <ele>378.979</ele>
        <time>2024-08-05T14:17:44+07:00</time>
      </trkpt>
      <trkpt lat="-2.00358516666667" lon="101.896699833333">
        <ele>379.475</ele>
        <time>2024-08-05T14:17:46+07:00</time>
      </trkpt>
      <trkpt lat="-2.00363088333333" lon="101.89686995">
        <ele>378.012</ele>
        <time>2024-08-05T14:17:48+07:00</time>
      </trkpt>
      <trkpt lat="-2.00371115" lon="101.897061766667">
        <ele>375.303</ele>
        <time>2024-08-05T14:17:50+07:00</time>
      </trkpt>
      <trkpt lat="-2.00379766666667" lon="101.897101516667">
        <ele>371.434</ele>
        <time>2024-08-05T14:17:52+07:00</time>
      </trkpt>
      <trkpt lat="-2.00390178333333" lon="101.897137333333">
        <ele>365.773</ele>
        <time>2024-08-05T14:17:54+07:00</time>
      </trkpt>
      <trkpt lat="-2.00400203333333" lon="101.897159783333">
        <ele>363.246</ele>
        <time>2024-08-05T14:17:56+07:00</time>
      </trkpt>
      <trkpt lat="-2.00410366666667" lon="101.897179266667">
        <ele>362.815</ele>
        <time>2024-08-05T14:17:58+07:00</time>
      </trkpt>
      <trkpt lat="-2.00423553333333" lon="101.89722625">
        <ele>362.047</ele>
        <time>2024-08-05T14:18:00+07:00</time>
      </trkpt>
      <trkpt lat="-2.00439648333333" lon="101.897287333333">
        <ele>366.019</ele>
        <time>2024-08-05T14:18:02+07:00</time>
      </trkpt>
      <trkpt lat="-2.00447163333333" lon="101.89731795">
        <ele>366.825</ele>
        <time>2024-08-05T14:18:04+07:00</time>
      </trkpt>
      <trkpt lat="-2.0045233" lon="101.8973597">
        <ele>364.674</ele>
        <time>2024-08-05T14:18:06+07:00</time>
      </trkpt>
      <trkpt lat="-2.00458675" lon="101.897431333333">
        <ele>360.082</ele>
        <time>2024-08-05T14:18:08+07:00</time>
      </trkpt>
      <trkpt lat="-2.004628" lon="101.897504633333">
        <ele>357.703</ele>
        <time>2024-08-05T14:18:10+07:00</time>
      </trkpt>
      <trkpt lat="-2.00465773333333" lon="101.89756325">
        <ele>354.637</ele>
        <time>2024-08-05T14:18:12+07:00</time>
      </trkpt>
      <trkpt lat="-2.0047038" lon="101.897594866667">
        <ele>351.16</ele>
        <time>2024-08-05T14:18:14+07:00</time>
      </trkpt>
      <trkpt lat="-2.00477496666667" lon="101.897613633333">
        <ele>346.452</ele>
        <time>2024-08-05T14:18:16+07:00</time>
      </trkpt>
      <trkpt lat="-2.0048437" lon="101.897637616667">
        <ele>339.857</ele>
        <time>2024-08-05T14:18:18+07:00</time>
      </trkpt>
      <trkpt lat="-2.00493086666667" lon="101.8976683">
        <ele>340.195</ele>
        <time>2024-08-05T14:18:20+07:00</time>
      </trkpt>
      <trkpt lat="-2.00501341666667" lon="101.897699">
        <ele>338.982</ele>
        <time>2024-08-05T14:18:22+07:00</time>
      </trkpt>
      <trkpt lat="-2.00509805" lon="101.897743383333">
        <ele>338.528</ele>
        <time>2024-08-05T14:18:24+07:00</time>
      </trkpt>
      <trkpt lat="-2.00514566666667" lon="101.897808483333">
        <ele>336.793</ele>
        <time>2024-08-05T14:18:26+07:00</time>
      </trkpt>
      <trkpt lat="-2.00518301666667" lon="101.89788525">
        <ele>339.114</ele>
        <time>2024-08-05T14:18:28+07:00</time>
      </trkpt>
      <trkpt lat="-2.00523396666667" lon="101.897927983333">
        <ele>341.162</ele>
        <time>2024-08-05T14:18:30+07:00</time>
      </trkpt>
      <trkpt lat="-2.00530883333333" lon="101.89795035">
        <ele>342.57</ele>
        <time>2024-08-05T14:18:32+07:00</time>
      </trkpt>
      <trkpt lat="-2.00538093333333" lon="101.89797005">
        <ele>340.535</ele>
        <time>2024-08-05T14:18:34+07:00</time>
      </trkpt>
      <trkpt lat="-2.00546968333333" lon="101.898022833333">
        <ele>336.102</ele>
        <time>2024-08-05T14:18:36+07:00</time>
      </trkpt>
      <trkpt lat="-2.00549683333333" lon="101.898040833333">
        <ele>334.925</ele>
        <time>2024-08-05T14:18:38+07:00</time>
      </trkpt>
      <trkpt lat="-2.00550991666667" lon="101.8980567">
        <ele>331.353</ele>
        <time>2024-08-05T14:18:40+07:00</time>
      </trkpt>
      <trkpt lat="-2.00556576666667" lon="101.8980666">
        <ele>329.568</ele>
        <time>2024-08-05T14:18:42+07:00</time>
      </trkpt>
      <trkpt lat="-2.00560568333333" lon="101.89807275">
        <ele>329.568</ele>
        <time>2024-08-05T14:18:44+07:00</time>
      </trkpt>
      <trkpt lat="-2.0056276" lon="101.898076133333">
        <ele>329.568</ele>
        <time>2024-08-05T14:18:46+07:00</time>
      </trkpt>
      <trkpt lat="-2.00561735" lon="101.898092866667">
        <ele>327.339</ele>
        <time>2024-08-05T14:18:48+07:00</time>
      </trkpt>
      <trkpt lat="-2.00560846666667" lon="101.898149266667">
        <ele>327.095</ele>
        <time>2024-08-05T14:18:50+07:00</time>
      </trkpt>
      <trkpt lat="-2.00558355" lon="101.8981924">
        <ele>326.05</ele>
        <time>2024-08-05T14:18:52+07:00</time>
      </trkpt>
      <trkpt lat="-2.00554893333333" lon="101.898246316667">
        <ele>327.281</ele>
        <time>2024-08-05T14:18:54+07:00</time>
      </trkpt>
      <trkpt lat="-2.00551396666667" lon="101.89829815">
        <ele>328.265</ele>
        <time>2024-08-05T14:18:56+07:00</time>
      </trkpt>
      <trkpt lat="-2.00548213333333" lon="101.898355116667">
        <ele>329.04</ele>
        <time>2024-08-05T14:18:58+07:00</time>
      </trkpt>
      <trkpt lat="-2.00540471666667" lon="101.8983965">
        <ele>328.52</ele>
        <time>2024-08-05T14:19:00+07:00</time>
      </trkpt>
      <trkpt lat="-2.00531248333333" lon="101.898462583333">
        <ele>321.62</ele>
        <time>2024-08-05T14:19:02+07:00</time>
      </trkpt>
      <trkpt lat="-2.00525991666667" lon="101.898611866667">
        <ele>317.331</ele>
        <time>2024-08-05T14:19:04+07:00</time>
      </trkpt>
      <trkpt lat="-2.00524321666667" lon="101.898728816667">
        <ele>318.483</ele>
        <time>2024-08-05T14:19:06+07:00</time>
      </trkpt>
      <trkpt lat="-2.0052313" lon="101.898834416667">
        <ele>321.596</ele>
        <time>2024-08-05T14:19:08+07:00</time>
      </trkpt>
      <trkpt lat="-2.00524901666667" lon="101.898968766667">
        <ele>319.543</ele>
        <time>2024-08-05T14:19:10+07:00</time>
      </trkpt>
      <trkpt lat="-2.00523988333333" lon="101.8990738">
        <ele>313.486</ele>
        <time>2024-08-05T14:19:12+07:00</time>
      </trkpt>
      <trkpt lat="-2.00524555" lon="101.899147616667">
        <ele>316.152</ele>
        <time>2024-08-05T14:19:14+07:00</time>
      </trkpt>
      <trkpt lat="-2.00529075" lon="101.899206416667">
        <ele>308.96</ele>
        <time>2024-08-05T14:19:16+07:00</time>
      </trkpt>
      <trkpt lat="-2.00537015" lon="101.899215716667">
        <ele>308.243</ele>
        <time>2024-08-05T14:19:18+07:00</time>
      </trkpt>
      <trkpt lat="-2.0054365" lon="101.899208466667">
        <ele>311.454</ele>
        <time>2024-08-05T14:19:20+07:00</time>
      </trkpt>
      <trkpt lat="-2.00549093333333" lon="101.899196316667">
        <ele>308.544</ele>
        <time>2024-08-05T14:19:22+07:00</time>
      </trkpt>
      <trkpt lat="-2.00553198333333" lon="101.899195133333">
        <ele>307.473</ele>
        <time>2024-08-05T14:19:24+07:00</time>
      </trkpt>
      <trkpt lat="-2.00558448333333" lon="101.89921055">
        <ele>304.372</ele>
        <time>2024-08-05T14:19:26+07:00</time>
      </trkpt>
      <trkpt lat="-2.00566301666667" lon="101.899245783333">
        <ele>302.059</ele>
        <time>2024-08-05T14:19:28+07:00</time>
      </trkpt>
      <trkpt lat="-2.00575608333333" lon="101.899302033333">
        <ele>300.087</ele>
        <time>2024-08-05T14:19:30+07:00</time>
      </trkpt>
      <trkpt lat="-2.00583341666667" lon="101.89936405">
        <ele>297.147</ele>
        <time>2024-08-05T14:19:32+07:00</time>
      </trkpt>
      <trkpt lat="-2.00591741666667" lon="101.899420866667">
        <ele>294.262</ele>
        <time>2024-08-05T14:19:34+07:00</time>
      </trkpt>
      <trkpt lat="-2.00597718333333" lon="101.899467533333">
        <ele>289.916</ele>
        <time>2024-08-05T14:19:36+07:00</time>
      </trkpt>
      <trkpt lat="-2.0060164" lon="101.899520033333">
        <ele>286.114</ele>
        <time>2024-08-05T14:19:38+07:00</time>
      </trkpt>
    </trkseg>
  </trk>
</gpx>