<?xml version="1.0"?>
    <gpx version="1.1"
    creator="Avenza Maps - https://www.avenzamaps.com/maps/how-it-works.html"
xmlns:xsi="http://www.w3.org/2001/XMLSchema-instance"
    xmlns="http://www.topografix.com/GPX/1/1"
xsi:schemaLocation="http://www.topografix.com/GPX/1/1 http://www.topografix.com/GPX/1/1/gpx.xsd">
<trk>
    <name><![CDATA[223.1 Jalan Lubuk Beringin - Durian Rambun]]></name>
    <desc><![CDATA[Description:]]></desc>
    <trkseg>
        <trkpt lat="-2.23685085" lon="102.0237493">
            <ele>239.353</ele>
            <time>2024-07-24T10:08:20+07:00</time>
        </trkpt>
        <trkpt lat="-2.23683336666667" lon="102.023728616667">
            <ele>242.324</ele>
            <time>2024-07-24T10:08:24+07:00</time>
        </trkpt>
        <trkpt lat="-2.23681948333333" lon="102.023688016667">
            <ele>238.718</ele>
            <time>2024-07-24T10:08:26+07:00</time>
        </trkpt>
        <trkpt lat="-2.23679093333333" lon="102.0236209">
            <ele>236.518</ele>
            <time>2024-07-24T10:08:28+07:00</time>
        </trkpt>
        <trkpt lat="-2.23671536666667" lon="102.0235059">
            <ele>235.435</ele>
            <time>2024-07-24T10:08:30+07:00</time>
        </trkpt>
        <trkpt lat="-2.23665948333333" lon="102.02341985">
            <ele>240.642</ele>
            <time>2024-07-24T10:08:32+07:00</time>
        </trkpt>
        <trkpt lat="-2.23665008333333" lon="102.02339555">
            <ele>240.462</ele>
            <time>2024-07-24T10:08:38+07:00</time>
        </trkpt>
        <trkpt lat="-2.23668316666667" lon="102.0233822">
            <ele>241.765</ele>
            <time>2024-07-24T10:08:40+07:00</time>
        </trkpt>
        <trkpt lat="-2.23674133333333" lon="102.0233697">
            <ele>242.09</ele>
            <time>2024-07-24T10:08:42+07:00</time>
        </trkpt>
        <trkpt lat="-2.2368078" lon="102.0233151">
            <ele>243.394</ele>
            <time>2024-07-24T10:08:44+07:00</time>
        </trkpt>
        <trkpt lat="-2.23686136666667" lon="102.023246466667">
            <ele>242.451</ele>
            <time>2024-07-24T10:08:46+07:00</time>
        </trkpt>
        <trkpt lat="-2.23691898333333" lon="102.023202516667">
            <ele>242.44</ele>
            <time>2024-07-24T10:08:48+07:00</time>
        </trkpt>
        <trkpt lat="-2.23699533333333" lon="102.023165433333">
            <ele>237.832</ele>
            <time>2024-07-24T10:08:50+07:00</time>
        </trkpt>
        <trkpt lat="-2.23710401666667" lon="102.0231299">
            <ele>233.957</ele>
            <time>2024-07-24T10:08:52+07:00</time>
        </trkpt>
        <trkpt lat="-2.2372075" lon="102.023095533333">
            <ele>229.388</ele>
            <time>2024-07-24T10:08:54+07:00</time>
        </trkpt>
        <trkpt lat="-2.23732773333333" lon="102.0230537">
            <ele>228.096</ele>
            <time>2024-07-24T10:08:56+07:00</time>
        </trkpt>
        <trkpt lat="-2.2374607" lon="102.02303945">
            <ele>223.982</ele>
            <time>2024-07-24T10:08:58+07:00</time>
        </trkpt>
        <trkpt lat="-2.2375946" lon="102.023052133333">
            <ele>224.399</ele>
            <time>2024-07-24T10:09:00+07:00</time>
        </trkpt>
        <trkpt lat="-2.23776753333333" lon="102.023074266667">
            <ele>225.177</ele>
            <time>2024-07-24T10:09:02+07:00</time>
        </trkpt>
        <trkpt lat="-2.23793153333333" lon="102.023064833333">
            <ele>228.608</ele>
            <time>2024-07-24T10:09:04+07:00</time>
        </trkpt>
        <trkpt lat="-2.23807811666667" lon="102.02302845">
            <ele>231.417</ele>
            <time>2024-07-24T10:09:06+07:00</time>
        </trkpt>
        <trkpt lat="-2.23820026666667" lon="102.0229841">
            <ele>237.422</ele>
            <time>2024-07-24T10:09:08+07:00</time>
        </trkpt>
        <trkpt lat="-2.23828556666667" lon="102.022943933333">
            <ele>242.234</ele>
            <time>2024-07-24T10:09:10+07:00</time>
        </trkpt>
        <trkpt lat="-2.23839485" lon="102.022904333333">
            <ele>246.77</ele>
            <time>2024-07-24T10:09:12+07:00</time>
        </trkpt>
        <trkpt lat="-2.2385249" lon="102.022837333333">
            <ele>246.115</ele>
            <time>2024-07-24T10:09:14+07:00</time>
        </trkpt>
        <trkpt lat="-2.2386482" lon="102.022782">
            <ele>245.17</ele>
            <time>2024-07-24T10:09:16+07:00</time>
        </trkpt>
        <trkpt lat="-2.23877121666667" lon="102.0227353">
            <ele>245.011</ele>
            <time>2024-07-24T10:09:18+07:00</time>
        </trkpt>
        <trkpt lat="-2.23887468333333" lon="102.022709183333">
            <ele>247.531</ele>
            <time>2024-07-24T10:09:20+07:00</time>
        </trkpt>
        <trkpt lat="-2.23894951666667" lon="102.02265945">
            <ele>250.981</ele>
            <time>2024-07-24T10:09:22+07:00</time>
        </trkpt>
        <trkpt lat="-2.23904336666667" lon="102.02261145">
            <ele>254.374</ele>
            <time>2024-07-24T10:09:24+07:00</time>
        </trkpt>
        <trkpt lat="-2.2391466" lon="102.02256665">
            <ele>254.08</ele>
            <time>2024-07-24T10:09:26+07:00</time>
        </trkpt>
        <trkpt lat="-2.23926485" lon="102.022554566667">
            <ele>255.119</ele>
            <time>2024-07-24T10:09:28+07:00</time>
        </trkpt>
        <trkpt lat="-2.2393568" lon="102.022565616667">
            <ele>256.27</ele>
            <time>2024-07-24T10:09:30+07:00</time>
        </trkpt>
        <trkpt lat="-2.23941158333333" lon="102.022596416667">
            <ele>261.694</ele>
            <time>2024-07-24T10:09:32+07:00</time>
        </trkpt>
        <trkpt lat="-2.23948513333333" lon="102.022653116667">
            <ele>266.335</ele>
            <time>2024-07-24T10:09:34+07:00</time>
        </trkpt>
        <trkpt lat="-2.23958903333333" lon="102.022712116667">
            <ele>268.903</ele>
            <time>2024-07-24T10:09:36+07:00</time>
        </trkpt>
        <trkpt lat="-2.23971805" lon="102.02274145">
            <ele>266.894</ele>
            <time>2024-07-24T10:09:38+07:00</time>
        </trkpt>
        <trkpt lat="-2.23981638333333" lon="102.02277495">
            <ele>268.569</ele>
            <time>2024-07-24T10:09:40+07:00</time>
        </trkpt>
        <trkpt lat="-2.23990361666667" lon="102.022789133333">
            <ele>270.301</ele>
            <time>2024-07-24T10:09:42+07:00</time>
        </trkpt>
        <trkpt lat="-2.23997288333333" lon="102.022808033333">
            <ele>266.694</ele>
            <time>2024-07-24T10:09:44+07:00</time>
        </trkpt>
        <trkpt lat="-2.24003491666667" lon="102.0228108">
            <ele>264.354</ele>
            <time>2024-07-24T10:09:46+07:00</time>
        </trkpt>
        <trkpt lat="-2.24011945" lon="102.022798866667">
            <ele>259.551</ele>
            <time>2024-07-24T10:09:48+07:00</time>
        </trkpt>
        <trkpt lat="-2.2402344" lon="102.022804316667">
            <ele>251.129</ele>
            <time>2024-07-24T10:09:50+07:00</time>
        </trkpt>
        <trkpt lat="-2.24034975" lon="102.022803766667">
            <ele>243.384</ele>
            <time>2024-07-24T10:09:52+07:00</time>
        </trkpt>
        <trkpt lat="-2.24045955" lon="102.02280175">
            <ele>235.997</ele>
            <time>2024-07-24T10:09:54+07:00</time>
        </trkpt>
        <trkpt lat="-2.24057343333333" lon="102.022792133333">
            <ele>229.238</ele>
            <time>2024-07-24T10:09:56+07:00</time>
        </trkpt>
        <trkpt lat="-2.24065308333333" lon="102.022761083333">
            <ele>227.834</ele>
            <time>2024-07-24T10:09:58+07:00</time>
        </trkpt>
        <trkpt lat="-2.2407197" lon="102.0227629">
            <ele>230.119</ele>
            <time>2024-07-24T10:10:00+07:00</time>
        </trkpt>
        <trkpt lat="-2.24081691666667" lon="102.022770033333">
            <ele>233.053</ele>
            <time>2024-07-24T10:10:02+07:00</time>
        </trkpt>
        <trkpt lat="-2.24094876666667" lon="102.0227936">
            <ele>234.837</ele>
            <time>2024-07-24T10:10:04+07:00</time>
        </trkpt>
        <trkpt lat="-2.24107805" lon="102.022793316667">
            <ele>235.518</ele>
            <time>2024-07-24T10:10:06+07:00</time>
        </trkpt>
        <trkpt lat="-2.24118696666667" lon="102.022754883333">
            <ele>239.663</ele>
            <time>2024-07-24T10:10:08+07:00</time>
        </trkpt>
        <trkpt lat="-2.24133506666667" lon="102.022699416667">
            <ele>238.451</ele>
            <time>2024-07-24T10:10:10+07:00</time>
        </trkpt>
        <trkpt lat="-2.24148403333333" lon="102.02267135">
            <ele>239.932</ele>
            <time>2024-07-24T10:10:12+07:00</time>
        </trkpt>
        <trkpt lat="-2.24160121666667" lon="102.0226592">
            <ele>248.293</ele>
            <time>2024-07-24T10:10:14+07:00</time>
        </trkpt>
        <trkpt lat="-2.24168335" lon="102.0226375">
            <ele>254.938</ele>
            <time>2024-07-24T10:10:16+07:00</time>
        </trkpt>
        <trkpt lat="-2.24176921666667" lon="102.022591616667">
            <ele>261.057</ele>
            <time>2024-07-24T10:10:18+07:00</time>
        </trkpt>
        <trkpt lat="-2.24185935" lon="102.022541566667">
            <ele>262.347</ele>
            <time>2024-07-24T10:10:20+07:00</time>
        </trkpt>
        <trkpt lat="-2.24194996666667" lon="102.022499466667">
            <ele>263.393</ele>
            <time>2024-07-24T10:10:22+07:00</time>
        </trkpt>
        <trkpt lat="-2.2420477" lon="102.022454583333">
            <ele>266.494</ele>
            <time>2024-07-24T10:10:24+07:00</time>
        </trkpt>
        <trkpt lat="-2.24218341666667" lon="102.022407933333">
            <ele>269.733</ele>
            <time>2024-07-24T10:10:26+07:00</time>
        </trkpt>
        <trkpt lat="-2.24231916666667" lon="102.022386866667">
            <ele>275.951</ele>
            <time>2024-07-24T10:10:28+07:00</time>
        </trkpt>
        <trkpt lat="-2.24245208333333" lon="102.0223488">
            <ele>278.268</ele>
            <time>2024-07-24T10:10:30+07:00</time>
        </trkpt>
        <trkpt lat="-2.2425917" lon="102.022287783333">
            <ele>279.003</ele>
            <time>2024-07-24T10:10:32+07:00</time>
        </trkpt>
        <trkpt lat="-2.24273275" lon="102.0222003">
            <ele>274.52</ele>
            <time>2024-07-24T10:10:34+07:00</time>
        </trkpt>
        <trkpt lat="-2.24283741666667" lon="102.022048983333">
            <ele>271.979</ele>
            <time>2024-07-24T10:10:36+07:00</time>
        </trkpt>
        <trkpt lat="-2.2429331" lon="102.02186605">
            <ele>267.665</ele>
            <time>2024-07-24T10:10:38+07:00</time>
        </trkpt>
        <trkpt lat="-2.24301865" lon="102.021723966667">
            <ele>261.528</ele>
            <time>2024-07-24T10:10:40+07:00</time>
        </trkpt>
        <trkpt lat="-2.24307566666667" lon="102.02160835">
            <ele>259.343</ele>
            <time>2024-07-24T10:10:42+07:00</time>
        </trkpt>
        <trkpt lat="-2.24310615" lon="102.0215152">
            <ele>258.991</ele>
            <time>2024-07-24T10:10:44+07:00</time>
        </trkpt>
        <trkpt lat="-2.24315371666667" lon="102.021440733333">
            <ele>260.777</ele>
            <time>2024-07-24T10:10:46+07:00</time>
        </trkpt>
        <trkpt lat="-2.24317865" lon="102.021362683333">
            <ele>264.394</ele>
            <time>2024-07-24T10:10:48+07:00</time>
        </trkpt>
        <trkpt lat="-2.24321173333333" lon="102.021257016667">
            <ele>264.253</ele>
            <time>2024-07-24T10:10:50+07:00</time>
        </trkpt>
        <trkpt lat="-2.24321576666667" lon="102.0211764">
            <ele>262.988</ele>
            <time>2024-07-24T10:10:52+07:00</time>
        </trkpt>
        <trkpt lat="-2.2432233" lon="102.0210879">
            <ele>257.587</ele>
            <time>2024-07-24T10:10:54+07:00</time>
        </trkpt>
        <trkpt lat="-2.24323128333333" lon="102.02097025">
            <ele>251.346</ele>
            <time>2024-07-24T10:10:56+07:00</time>
        </trkpt>
        <trkpt lat="-2.24324135" lon="102.0208426">
            <ele>246.994</ele>
            <time>2024-07-24T10:10:58+07:00</time>
        </trkpt>
        <trkpt lat="-2.24326615" lon="102.020730233333">
            <ele>238.796</ele>
            <time>2024-07-24T10:11:00+07:00</time>
        </trkpt>
        <trkpt lat="-2.243281" lon="102.0206358">
            <ele>238.206</ele>
            <time>2024-07-24T10:11:02+07:00</time>
        </trkpt>
        <trkpt lat="-2.24332813333333" lon="102.02054215">
            <ele>242.197</ele>
            <time>2024-07-24T10:11:04+07:00</time>
        </trkpt>
        <trkpt lat="-2.24338358333333" lon="102.020440466667">
            <ele>244.901</ele>
            <time>2024-07-24T10:11:06+07:00</time>
        </trkpt>
        <trkpt lat="-2.24348958333333" lon="102.020360566667">
            <ele>248.03</ele>
            <time>2024-07-24T10:11:08+07:00</time>
        </trkpt>
        <trkpt lat="-2.2436228" lon="102.020306033333">
            <ele>245.948</ele>
            <time>2024-07-24T10:11:10+07:00</time>
        </trkpt>
        <trkpt lat="-2.24375626666667" lon="102.020239466667">
            <ele>245.887</ele>
            <time>2024-07-24T10:11:12+07:00</time>
        </trkpt>
        <trkpt lat="-2.24385768333333" lon="102.020200283333">
            <ele>248.652</ele>
            <time>2024-07-24T10:11:14+07:00</time>
        </trkpt>
        <trkpt lat="-2.2439324" lon="102.020138133333">
            <ele>250.576</ele>
            <time>2024-07-24T10:11:16+07:00</time>
        </trkpt>
        <trkpt lat="-2.24402331666667" lon="102.02007435">
            <ele>251.756</ele>
            <time>2024-07-24T10:11:18+07:00</time>
        </trkpt>
        <trkpt lat="-2.24414068333333" lon="102.01999325">
            <ele>252.02</ele>
            <time>2024-07-24T10:11:20+07:00</time>
        </trkpt>
        <trkpt lat="-2.24424986666667" lon="102.019956716667">
            <ele>250.521</ele>
            <time>2024-07-24T10:11:22+07:00</time>
        </trkpt>
        <trkpt lat="-2.24434" lon="102.0199518">
            <ele>251.542</ele>
            <time>2024-07-24T10:11:24+07:00</time>
        </trkpt>
        <trkpt lat="-2.2444263" lon="102.01998895">
            <ele>257.951</ele>
            <time>2024-07-24T10:11:26+07:00</time>
        </trkpt>
        <trkpt lat="-2.24452508333333" lon="102.020019666667">
            <ele>264.516</ele>
            <time>2024-07-24T10:11:28+07:00</time>
        </trkpt>
        <trkpt lat="-2.24465586666667" lon="102.02003155">
            <ele>264.508</ele>
            <time>2024-07-24T10:11:30+07:00</time>
        </trkpt>
        <trkpt lat="-2.24482263333333" lon="102.020020033333">
            <ele>261.516</ele>
            <time>2024-07-24T10:11:32+07:00</time>
        </trkpt>
        <trkpt lat="-2.2449824" lon="102.019991266667">
            <ele>262.975</ele>
            <time>2024-07-24T10:11:34+07:00</time>
        </trkpt>
        <trkpt lat="-2.24512913333333" lon="102.01995605">
            <ele>263.095</ele>
            <time>2024-07-24T10:11:36+07:00</time>
        </trkpt>
        <trkpt lat="-2.24524068333333" lon="102.019895866667">
            <ele>264.892</ele>
            <time>2024-07-24T10:11:38+07:00</time>
        </trkpt>
        <trkpt lat="-2.24536696666667" lon="102.019820733333">
            <ele>268.883</ele>
            <time>2024-07-24T10:11:40+07:00</time>
        </trkpt>
        <trkpt lat="-2.24548043333333" lon="102.019762133333">
            <ele>274.128</ele>
            <time>2024-07-24T10:11:42+07:00</time>
        </trkpt>
        <trkpt lat="-2.24560946666667" lon="102.0196835">
            <ele>275.933</ele>
            <time>2024-07-24T10:11:44+07:00</time>
        </trkpt>
        <trkpt lat="-2.24577028333333" lon="102.01959865">
            <ele>275.997</ele>
            <time>2024-07-24T10:11:46+07:00</time>
        </trkpt>
        <trkpt lat="-2.245926" lon="102.019499383333">
            <ele>273.121</ele>
            <time>2024-07-24T10:11:48+07:00</time>
        </trkpt>
        <trkpt lat="-2.24604548333333" lon="102.019437966667">
            <ele>272.653</ele>
            <time>2024-07-24T10:11:50+07:00</time>
        </trkpt>
        <trkpt lat="-2.24616611666667" lon="102.019404916667">
            <ele>273.372</ele>
            <time>2024-07-24T10:11:52+07:00</time>
        </trkpt>
        <trkpt lat="-2.2462722" lon="102.0193401">
            <ele>275.214</ele>
            <time>2024-07-24T10:11:54+07:00</time>
        </trkpt>
        <trkpt lat="-2.2463831" lon="102.019308283333">
            <ele>277.803</ele>
            <time>2024-07-24T10:11:56+07:00</time>
        </trkpt>
        <trkpt lat="-2.24651656666667" lon="102.019233466667">
            <ele>275.919</ele>
            <time>2024-07-24T10:11:58+07:00</time>
        </trkpt>
        <trkpt lat="-2.24669096666667" lon="102.019127916667">
            <ele>276.756</ele>
            <time>2024-07-24T10:12:00+07:00</time>
        </trkpt>
        <trkpt lat="-2.24685741666667" lon="102.019013966667">
            <ele>277.801</ele>
            <time>2024-07-24T10:12:02+07:00</time>
        </trkpt>
        <trkpt lat="-2.24700565" lon="102.018900416667">
            <ele>280.252</ele>
            <time>2024-07-24T10:12:04+07:00</time>
        </trkpt>
        <trkpt lat="-2.24713451666667" lon="102.018792833333">
            <ele>281.323</ele>
            <time>2024-07-24T10:12:06+07:00</time>
        </trkpt>
        <trkpt lat="-2.24721305" lon="102.0186499">
            <ele>279.606</ele>
            <time>2024-07-24T10:12:08+07:00</time>
        </trkpt>
        <trkpt lat="-2.24730463333333" lon="102.018498016667">
            <ele>285.318</ele>
            <time>2024-07-24T10:12:10+07:00</time>
        </trkpt>
        <trkpt lat="-2.24742376666667" lon="102.018370883333">
            <ele>287.273</ele>
            <time>2024-07-24T10:12:12+07:00</time>
        </trkpt>
        <trkpt lat="-2.24751983333333" lon="102.018270966667">
            <ele>287.474</ele>
            <time>2024-07-24T10:12:14+07:00</time>
        </trkpt>
        <trkpt lat="-2.24762125" lon="102.018184466667">
            <ele>288.729</ele>
            <time>2024-07-24T10:12:16+07:00</time>
        </trkpt>
        <trkpt lat="-2.247715" lon="102.018073966667">
            <ele>291.481</ele>
            <time>2024-07-24T10:12:18+07:00</time>
        </trkpt>
        <trkpt lat="-2.24784286666667" lon="102.01802335">
            <ele>287.003</ele>
            <time>2024-07-24T10:12:20+07:00</time>
        </trkpt>
        <trkpt lat="-2.2480249" lon="102.018022">
            <ele>279.579</ele>
            <time>2024-07-24T10:12:22+07:00</time>
        </trkpt>
        <trkpt lat="-2.24817803333333" lon="102.018047416667">
            <ele>282.035</ele>
            <time>2024-07-24T10:12:24+07:00</time>
        </trkpt>
        <trkpt lat="-2.24833945" lon="102.018061183333">
            <ele>281.025</ele>
            <time>2024-07-24T10:12:26+07:00</time>
        </trkpt>
        <trkpt lat="-2.24849251666667" lon="102.018029383333">
            <ele>282.86</ele>
            <time>2024-07-24T10:12:28+07:00</time>
        </trkpt>
        <trkpt lat="-2.24867673333333" lon="102.017995416667">
            <ele>283.388</ele>
            <time>2024-07-24T10:12:30+07:00</time>
        </trkpt>
        <trkpt lat="-2.24885895" lon="102.0179756">
            <ele>281.314</ele>
            <time>2024-07-24T10:12:32+07:00</time>
        </trkpt>
        <trkpt lat="-2.24900703333333" lon="102.017939">
            <ele>273.667</ele>
            <time>2024-07-24T10:12:34+07:00</time>
        </trkpt>
        <trkpt lat="-2.24913433333333" lon="102.01792005">
            <ele>271.891</ele>
            <time>2024-07-24T10:12:36+07:00</time>
        </trkpt>
        <trkpt lat="-2.24924676666667" lon="102.0178676">
            <ele>279.914</ele>
            <time>2024-07-24T10:12:38+07:00</time>
        </trkpt>
        <trkpt lat="-2.24935356666667" lon="102.017780616667">
            <ele>290.966</ele>
            <time>2024-07-24T10:12:40+07:00</time>
        </trkpt>
        <trkpt lat="-2.24946881666667" lon="102.017673133333">
            <ele>290.005</ele>
            <time>2024-07-24T10:12:42+07:00</time>
        </trkpt>
        <trkpt lat="-2.24959488333333" lon="102.017555883333">
            <ele>294.453</ele>
            <time>2024-07-24T10:12:44+07:00</time>
        </trkpt>
        <trkpt lat="-2.2497378" lon="102.01743305">
            <ele>297.587</ele>
            <time>2024-07-24T10:12:46+07:00</time>
        </trkpt>
        <trkpt lat="-2.24988581666667" lon="102.017298216667">
            <ele>301.981</ele>
            <time>2024-07-24T10:12:48+07:00</time>
        </trkpt>
        <trkpt lat="-2.2500443" lon="102.017210583333">
            <ele>302.28</ele>
            <time>2024-07-24T10:12:50+07:00</time>
        </trkpt>
        <trkpt lat="-2.25021893333333" lon="102.017145316667">
            <ele>305.719</ele>
            <time>2024-07-24T10:12:52+07:00</time>
        </trkpt>
        <trkpt lat="-2.25037578333333" lon="102.017143733333">
            <ele>304.915</ele>
            <time>2024-07-24T10:12:54+07:00</time>
        </trkpt>
        <trkpt lat="-2.2505539" lon="102.01712115">
            <ele>300.669</ele>
            <time>2024-07-24T10:12:56+07:00</time>
        </trkpt>
        <trkpt lat="-2.25071105" lon="102.01705625">
            <ele>300.33</ele>
            <time>2024-07-24T10:12:58+07:00</time>
        </trkpt>
        <trkpt lat="-2.2508494" lon="102.017003666667">
            <ele>298.954</ele>
            <time>2024-07-24T10:13:00+07:00</time>
        </trkpt>
        <trkpt lat="-2.25096173333333" lon="102.016961433333">
            <ele>298.713</ele>
            <time>2024-07-24T10:13:02+07:00</time>
        </trkpt>
        <trkpt lat="-2.2510622" lon="102.016928566667">
            <ele>297.121</ele>
            <time>2024-07-24T10:13:04+07:00</time>
        </trkpt>
        <trkpt lat="-2.25116556666667" lon="102.016877566667">
            <ele>292.677</ele>
            <time>2024-07-24T10:13:06+07:00</time>
        </trkpt>
        <trkpt lat="-2.25129501666667" lon="102.016806833333">
            <ele>292.419</ele>
            <time>2024-07-24T10:13:08+07:00</time>
        </trkpt>
        <trkpt lat="-2.2514298" lon="102.016773133333">
            <ele>294.464</ele>
            <time>2024-07-24T10:13:10+07:00</time>
        </trkpt>
        <trkpt lat="-2.25156783333333" lon="102.016791833333">
            <ele>297.265</ele>
            <time>2024-07-24T10:13:12+07:00</time>
        </trkpt>
        <trkpt lat="-2.25170411666667" lon="102.016859233333">
            <ele>296.684</ele>
            <time>2024-07-24T10:13:14+07:00</time>
        </trkpt>
        <trkpt lat="-2.25183546666667" lon="102.016941716667">
            <ele>292.739</ele>
            <time>2024-07-24T10:13:16+07:00</time>
        </trkpt>
        <trkpt lat="-2.2519752" lon="102.016991866667">
            <ele>290.598</ele>
            <time>2024-07-24T10:13:18+07:00</time>
        </trkpt>
        <trkpt lat="-2.25216233333333" lon="102.017022616667">
            <ele>287.252</ele>
            <time>2024-07-24T10:13:20+07:00</time>
        </trkpt>
        <trkpt lat="-2.25231385" lon="102.017023266667">
            <ele>287.016</ele>
            <time>2024-07-24T10:13:22+07:00</time>
        </trkpt>
        <trkpt lat="-2.2524226" lon="102.016952416667">
            <ele>289.764</ele>
            <time>2024-07-24T10:13:24+07:00</time>
        </trkpt>
        <trkpt lat="-2.25251701666667" lon="102.016840533333">
            <ele>293.386</ele>
            <time>2024-07-24T10:13:26+07:00</time>
        </trkpt>
        <trkpt lat="-2.25262116666667" lon="102.01672645">
            <ele>293.337</ele>
            <time>2024-07-24T10:13:28+07:00</time>
        </trkpt>
        <trkpt lat="-2.25273753333333" lon="102.016591433333">
            <ele>289.098</ele>
            <time>2024-07-24T10:13:30+07:00</time>
        </trkpt>
        <trkpt lat="-2.25289623333333" lon="102.0164886">
            <ele>287.459</ele>
            <time>2024-07-24T10:13:32+07:00</time>
        </trkpt>
        <trkpt lat="-2.2530227" lon="102.01639465">
            <ele>293.228</ele>
            <time>2024-07-24T10:13:34+07:00</time>
        </trkpt>
        <trkpt lat="-2.25311963333333" lon="102.016306633333">
            <ele>296.714</ele>
            <time>2024-07-24T10:13:36+07:00</time>
        </trkpt>
        <trkpt lat="-2.25322908333333" lon="102.016231383333">
            <ele>298.195</ele>
            <time>2024-07-24T10:13:38+07:00</time>
        </trkpt>
        <trkpt lat="-2.25332486666667" lon="102.016117283333">
            <ele>294.471</ele>
            <time>2024-07-24T10:13:40+07:00</time>
        </trkpt>
        <trkpt lat="-2.25341823333333" lon="102.015978516667">
            <ele>293.793</ele>
            <time>2024-07-24T10:13:42+07:00</time>
        </trkpt>
        <trkpt lat="-2.25351125" lon="102.0158174">
            <ele>292.514</ele>
            <time>2024-07-24T10:13:44+07:00</time>
        </trkpt>
        <trkpt lat="-2.25356256666667" lon="102.015666216667">
            <ele>295.27</ele>
            <time>2024-07-24T10:13:46+07:00</time>
        </trkpt>
        <trkpt lat="-2.25359218333333" lon="102.015520616667">
            <ele>293.815</ele>
            <time>2024-07-24T10:13:48+07:00</time>
        </trkpt>
        <trkpt lat="-2.25363981666667" lon="102.015408466667">
            <ele>288.44</ele>
            <time>2024-07-24T10:13:50+07:00</time>
        </trkpt>
        <trkpt lat="-2.25370718333333" lon="102.01529795">
            <ele>282.455</ele>
            <time>2024-07-24T10:13:52+07:00</time>
        </trkpt>
        <trkpt lat="-2.25380345" lon="102.01516635">
            <ele>278.947</ele>
            <time>2024-07-24T10:13:54+07:00</time>
        </trkpt>
        <trkpt lat="-2.25387975" lon="102.015033133333">
            <ele>277.793</ele>
            <time>2024-07-24T10:13:56+07:00</time>
        </trkpt>
        <trkpt lat="-2.25391825" lon="102.014886016667">
            <ele>279.46</ele>
            <time>2024-07-24T10:13:58+07:00</time>
        </trkpt>
        <trkpt lat="-2.25396206666667" lon="102.014739416667">
            <ele>281.072</ele>
            <time>2024-07-24T10:14:00+07:00</time>
        </trkpt>
        <trkpt lat="-2.25403951666667" lon="102.014654816667">
            <ele>279.913</ele>
            <time>2024-07-24T10:14:02+07:00</time>
        </trkpt>
        <trkpt lat="-2.25410528333333" lon="102.014625">
            <ele>282.218</ele>
            <time>2024-07-24T10:14:04+07:00</time>
        </trkpt>
        <trkpt lat="-2.25419608333333" lon="102.014685316667">
            <ele>282.825</ele>
            <time>2024-07-24T10:14:06+07:00</time>
        </trkpt>
        <trkpt lat="-2.2542882" lon="102.014772066667">
            <ele>281.708</ele>
            <time>2024-07-24T10:14:08+07:00</time>
        </trkpt>
        <trkpt lat="-2.2543731" lon="102.014898033333">
            <ele>275.914</ele>
            <time>2024-07-24T10:14:10+07:00</time>
        </trkpt>
        <trkpt lat="-2.25448323333333" lon="102.0149994">
            <ele>267.22</ele>
            <time>2024-07-24T10:14:12+07:00</time>
        </trkpt>
        <trkpt lat="-2.25461283333333" lon="102.01509815">
            <ele>255.931</ele>
            <time>2024-07-24T10:14:14+07:00</time>
        </trkpt>
        <trkpt lat="-2.25476091666667" lon="102.015122883333">
            <ele>256.553</ele>
            <time>2024-07-24T10:14:16+07:00</time>
        </trkpt>
        <trkpt lat="-2.2548888" lon="102.015113966667">
            <ele>255.437</ele>
            <time>2024-07-24T10:14:18+07:00</time>
        </trkpt>
        <trkpt lat="-2.25493971666667" lon="102.01510025">
            <ele>253.769</ele>
            <time>2024-07-24T10:14:20+07:00</time>
        </trkpt>
        <trkpt lat="-2.25499478333333" lon="102.015069233333">
            <ele>252.065</ele>
            <time>2024-07-24T10:14:22+07:00</time>
        </trkpt>
        <trkpt lat="-2.25510525" lon="102.01501185">
            <ele>254.53</ele>
            <time>2024-07-24T10:14:24+07:00</time>
        </trkpt>
        <trkpt lat="-2.25525388333333" lon="102.01493645">
            <ele>256.61</ele>
            <time>2024-07-24T10:14:26+07:00</time>
        </trkpt>
        <trkpt lat="-2.25540956666667" lon="102.014852016667">
            <ele>257.635</ele>
            <time>2024-07-24T10:14:28+07:00</time>
        </trkpt>
        <trkpt lat="-2.25555175" lon="102.01474335">
            <ele>256.444</ele>
            <time>2024-07-24T10:14:30+07:00</time>
        </trkpt>
        <trkpt lat="-2.25568826666667" lon="102.014636283333">
            <ele>253.758</ele>
            <time>2024-07-24T10:14:32+07:00</time>
        </trkpt>
        <trkpt lat="-2.25578136666667" lon="102.014551283333">
            <ele>253.027</ele>
            <time>2024-07-24T10:14:34+07:00</time>
        </trkpt>
        <trkpt lat="-2.2558667" lon="102.014500316667">
            <ele>256.357</ele>
            <time>2024-07-24T10:14:36+07:00</time>
        </trkpt>
        <trkpt lat="-2.25595416666667" lon="102.014436216667">
            <ele>260.839</ele>
            <time>2024-07-24T10:14:38+07:00</time>
        </trkpt>
        <trkpt lat="-2.25601325" lon="102.014357283333">
            <ele>265.039</ele>
            <time>2024-07-24T10:14:40+07:00</time>
        </trkpt>
        <trkpt lat="-2.25601946666667" lon="102.014299783333">
            <ele>272.286</ele>
            <time>2024-07-24T10:14:42+07:00</time>
        </trkpt>
        <trkpt lat="-2.25602996666667" lon="102.014194316667">
            <ele>275.366</ele>
            <time>2024-07-24T10:14:44+07:00</time>
        </trkpt>
        <trkpt lat="-2.25605511666667" lon="102.01409115">
            <ele>284.72</ele>
            <time>2024-07-24T10:14:46+07:00</time>
        </trkpt>
        <trkpt lat="-2.25611573333333" lon="102.01397675">
            <ele>286.568</ele>
            <time>2024-07-24T10:14:48+07:00</time>
        </trkpt>
        <trkpt lat="-2.25621745" lon="102.01388715">
            <ele>289.202</ele>
            <time>2024-07-24T10:14:50+07:00</time>
        </trkpt>
        <trkpt lat="-2.25634938333333" lon="102.013795116667">
            <ele>290.983</ele>
            <time>2024-07-24T10:14:52+07:00</time>
        </trkpt>
        <trkpt lat="-2.25645811666667" lon="102.0137466">
            <ele>295.143</ele>
            <time>2024-07-24T10:14:54+07:00</time>
        </trkpt>
        <trkpt lat="-2.25656363333333" lon="102.01368635">
            <ele>295.806</ele>
            <time>2024-07-24T10:14:56+07:00</time>
        </trkpt>
        <trkpt lat="-2.25665938333333" lon="102.013629466667">
            <ele>293.156</ele>
            <time>2024-07-24T10:14:58+07:00</time>
        </trkpt>
        <trkpt lat="-2.2567334" lon="102.01364365">
            <ele>288.035</ele>
            <time>2024-07-24T10:15:00+07:00</time>
        </trkpt>
        <trkpt lat="-2.25681396666667" lon="102.013681566667">
            <ele>282.683</ele>
            <time>2024-07-24T10:15:02+07:00</time>
        </trkpt>
        <trkpt lat="-2.256906" lon="102.013712616667">
            <ele>279.494</ele>
            <time>2024-07-24T10:15:04+07:00</time>
        </trkpt>
        <trkpt lat="-2.2569913" lon="102.01376735">
            <ele>285.13</ele>
            <time>2024-07-24T10:15:06+07:00</time>
        </trkpt>
        <trkpt lat="-2.2570897" lon="102.013775816667">
            <ele>284.85</ele>
            <time>2024-07-24T10:15:08+07:00</time>
        </trkpt>
        <trkpt lat="-2.25718821666667" lon="102.013724866667">
            <ele>287.065</ele>
            <time>2024-07-24T10:15:10+07:00</time>
        </trkpt>
        <trkpt lat="-2.25730826666667" lon="102.0136128">
            <ele>287.608</ele>
            <time>2024-07-24T10:15:12+07:00</time>
        </trkpt>
        <trkpt lat="-2.25743496666667" lon="102.013511583333">
            <ele>289.437</ele>
            <time>2024-07-24T10:15:14+07:00</time>
        </trkpt>
        <trkpt lat="-2.25755313333333" lon="102.013398483333">
            <ele>292.089</ele>
            <time>2024-07-24T10:15:16+07:00</time>
        </trkpt>
        <trkpt lat="-2.25763791666667" lon="102.0133435">
            <ele>291.857</ele>
            <time>2024-07-24T10:15:18+07:00</time>
        </trkpt>
        <trkpt lat="-2.25773425" lon="102.013356833333">
            <ele>291.749</ele>
            <time>2024-07-24T10:15:20+07:00</time>
        </trkpt>
        <trkpt lat="-2.25785788333333" lon="102.01341505">
            <ele>290.002</ele>
            <time>2024-07-24T10:15:22+07:00</time>
        </trkpt>
        <trkpt lat="-2.2580064" lon="102.013498833333">
            <ele>286.063</ele>
            <time>2024-07-24T10:15:24+07:00</time>
        </trkpt>
        <trkpt lat="-2.25817691666667" lon="102.0135628">
            <ele>284.55</ele>
            <time>2024-07-24T10:15:26+07:00</time>
        </trkpt>
        <trkpt lat="-2.25832" lon="102.013592733333">
            <ele>283.349</ele>
            <time>2024-07-24T10:15:28+07:00</time>
        </trkpt>
        <trkpt lat="-2.2584003" lon="102.013614033333">
            <ele>281.887</ele>
            <time>2024-07-24T10:15:30+07:00</time>
        </trkpt>
        <trkpt lat="-2.25847945" lon="102.013642116667">
            <ele>281.308</ele>
            <time>2024-07-24T10:15:32+07:00</time>
        </trkpt>
        <trkpt lat="-2.25856548333333" lon="102.013689916667">
            <ele>278.944</ele>
            <time>2024-07-24T10:15:34+07:00</time>
        </trkpt>
        <trkpt lat="-2.2586612" lon="102.013731066667">
            <ele>274.923</ele>
            <time>2024-07-24T10:15:36+07:00</time>
        </trkpt>
        <trkpt lat="-2.25876953333333" lon="102.013726883333">
            <ele>271.922</ele>
            <time>2024-07-24T10:15:38+07:00</time>
        </trkpt>
        <trkpt lat="-2.25884203333333" lon="102.013659266667">
            <ele>280.094</ele>
            <time>2024-07-24T10:15:40+07:00</time>
        </trkpt>
        <trkpt lat="-2.25886963333333" lon="102.013552883333">
            <ele>284.513</ele>
            <time>2024-07-24T10:15:42+07:00</time>
        </trkpt>
        <trkpt lat="-2.25891908333333" lon="102.013485583333">
            <ele>281.026</ele>
            <time>2024-07-24T10:15:44+07:00</time>
        </trkpt>
        <trkpt lat="-2.2589954" lon="102.013416233333">
            <ele>273.116</ele>
            <time>2024-07-24T10:15:46+07:00</time>
        </trkpt>
        <trkpt lat="-2.25909185" lon="102.0133281">
            <ele>268.108</ele>
            <time>2024-07-24T10:15:48+07:00</time>
        </trkpt>
        <trkpt lat="-2.25915553333333" lon="102.013227116667">
            <ele>265.223</ele>
            <time>2024-07-24T10:15:50+07:00</time>
        </trkpt>
        <trkpt lat="-2.25924068333333" lon="102.013103716667">
            <ele>262.44</ele>
            <time>2024-07-24T10:15:52+07:00</time>
        </trkpt>
        <trkpt lat="-2.2592897" lon="102.0129988">
            <ele>261.426</ele>
            <time>2024-07-24T10:15:54+07:00</time>
        </trkpt>
        <trkpt lat="-2.25932593333333" lon="102.012879983333">
            <ele>265.143</ele>
            <time>2024-07-24T10:15:56+07:00</time>
        </trkpt>
        <trkpt lat="-2.25940163333333" lon="102.012745183333">
            <ele>271.21</ele>
            <time>2024-07-24T10:15:58+07:00</time>
        </trkpt>
        <trkpt lat="-2.25949876666667" lon="102.012642783333">
            <ele>272.663</ele>
            <time>2024-07-24T10:16:00+07:00</time>
        </trkpt>
        <trkpt lat="-2.2596144" lon="102.0125442">
            <ele>270.817</ele>
            <time>2024-07-24T10:16:02+07:00</time>
        </trkpt>
        <trkpt lat="-2.2597176" lon="102.012414266667">
            <ele>264.99</ele>
            <time>2024-07-24T10:16:04+07:00</time>
        </trkpt>
        <trkpt lat="-2.25984375" lon="102.012294233333">
            <ele>266.503</ele>
            <time>2024-07-24T10:16:06+07:00</time>
        </trkpt>
        <trkpt lat="-2.25997965" lon="102.012190766667">
            <ele>264.728</ele>
            <time>2024-07-24T10:16:08+07:00</time>
        </trkpt>
        <trkpt lat="-2.26008898333333" lon="102.012121416667">
            <ele>260.014</ele>
            <time>2024-07-24T10:16:10+07:00</time>
        </trkpt>
        <trkpt lat="-2.2601927" lon="102.01209405">
            <ele>263.229</ele>
            <time>2024-07-24T10:16:12+07:00</time>
        </trkpt>
        <trkpt lat="-2.26032871666667" lon="102.012027266667">
            <ele>267.436</ele>
            <time>2024-07-24T10:16:14+07:00</time>
        </trkpt>
        <trkpt lat="-2.2605014" lon="102.011969566667">
            <ele>267.45</ele>
            <time>2024-07-24T10:16:16+07:00</time>
        </trkpt>
        <trkpt lat="-2.26071923333333" lon="102.011938216667">
            <ele>267.246</ele>
            <time>2024-07-24T10:16:18+07:00</time>
        </trkpt>
        <trkpt lat="-2.26090826666667" lon="102.011919966667">
            <ele>269.241</ele>
            <time>2024-07-24T10:16:20+07:00</time>
        </trkpt>
        <trkpt lat="-2.26105678333333" lon="102.011902516667">
            <ele>264.832</ele>
            <time>2024-07-24T10:16:22+07:00</time>
        </trkpt>
        <trkpt lat="-2.26118426666667" lon="102.0118545">
            <ele>262.977</ele>
            <time>2024-07-24T10:16:24+07:00</time>
        </trkpt>
        <trkpt lat="-2.26131218333333" lon="102.011822016667">
            <ele>264.494</ele>
            <time>2024-07-24T10:16:26+07:00</time>
        </trkpt>
        <trkpt lat="-2.2614454" lon="102.0118014">
            <ele>273.676</ele>
            <time>2024-07-24T10:16:28+07:00</time>
        </trkpt>
        <trkpt lat="-2.26155498333333" lon="102.0117684">
            <ele>280.496</ele>
            <time>2024-07-24T10:16:30+07:00</time>
        </trkpt>
        <trkpt lat="-2.26165275" lon="102.011688716667">
            <ele>283.579</ele>
            <time>2024-07-24T10:16:32+07:00</time>
        </trkpt>
        <trkpt lat="-2.26173976666667" lon="102.0115848">
            <ele>283.911</ele>
            <time>2024-07-24T10:16:34+07:00</time>
        </trkpt>
        <trkpt lat="-2.26185113333333" lon="102.01148325">
            <ele>283.863</ele>
            <time>2024-07-24T10:16:36+07:00</time>
        </trkpt>
        <trkpt lat="-2.26195816666667" lon="102.011368616667">
            <ele>285.073</ele>
            <time>2024-07-24T10:16:38+07:00</time>
        </trkpt>
        <trkpt lat="-2.26202041666667" lon="102.011274516667">
            <ele>293.581</ele>
            <time>2024-07-24T10:16:40+07:00</time>
        </trkpt>
        <trkpt lat="-2.262077" lon="102.011212916667">
            <ele>298.267</ele>
            <time>2024-07-24T10:16:42+07:00</time>
        </trkpt>
        <trkpt lat="-2.26214061666667" lon="102.011142383333">
            <ele>306.302</ele>
            <time>2024-07-24T10:16:44+07:00</time>
        </trkpt>
        <trkpt lat="-2.26224385" lon="102.011033033333">
            <ele>305.661</ele>
            <time>2024-07-24T10:16:46+07:00</time>
        </trkpt>
        <trkpt lat="-2.2623419" lon="102.010910583333">
            <ele>297.918</ele>
            <time>2024-07-24T10:16:48+07:00</time>
        </trkpt>
        <trkpt lat="-2.26239106666667" lon="102.010818766667">
            <ele>294.71</ele>
            <time>2024-07-24T10:16:50+07:00</time>
        </trkpt>
        <trkpt lat="-2.26244373333333" lon="102.01071315">
            <ele>291.483</ele>
            <time>2024-07-24T10:16:52+07:00</time>
        </trkpt>
        <trkpt lat="-2.26251698333333" lon="102.01054625">
            <ele>289.16</ele>
            <time>2024-07-24T10:16:54+07:00</time>
        </trkpt>
        <trkpt lat="-2.26262698333333" lon="102.010394833333">
            <ele>285.53</ele>
            <time>2024-07-24T10:16:56+07:00</time>
        </trkpt>
        <trkpt lat="-2.26274765" lon="102.010258766667">
            <ele>286.325</ele>
            <time>2024-07-24T10:16:58+07:00</time>
        </trkpt>
        <trkpt lat="-2.26286958333333" lon="102.01011175">
            <ele>286.353</ele>
            <time>2024-07-24T10:17:00+07:00</time>
        </trkpt>
        <trkpt lat="-2.26297651666667" lon="102.0100027">
            <ele>291.107</ele>
            <time>2024-07-24T10:17:02+07:00</time>
        </trkpt>
        <trkpt lat="-2.26307" lon="102.0099052">
            <ele>293.773</ele>
            <time>2024-07-24T10:17:04+07:00</time>
        </trkpt>
        <trkpt lat="-2.26318201666667" lon="102.009794">
            <ele>293.535</ele>
            <time>2024-07-24T10:17:06+07:00</time>
        </trkpt>
        <trkpt lat="-2.26326043333333" lon="102.009713683333">
            <ele>292.023</ele>
            <time>2024-07-24T10:17:08+07:00</time>
        </trkpt>
        <trkpt lat="-2.2633594" lon="102.0096216">
            <ele>284.556</ele>
            <time>2024-07-24T10:17:10+07:00</time>
        </trkpt>
        <trkpt lat="-2.26347918333333" lon="102.009501283333">
            <ele>272.209</ele>
            <time>2024-07-24T10:17:12+07:00</time>
        </trkpt>
        <trkpt lat="-2.26364918333333" lon="102.009354933333">
            <ele>262.09</ele>
            <time>2024-07-24T10:17:14+07:00</time>
        </trkpt>
        <trkpt lat="-2.26380426666667" lon="102.009224333333">
            <ele>256.53</ele>
            <time>2024-07-24T10:17:16+07:00</time>
        </trkpt>
        <trkpt lat="-2.26390308333333" lon="102.009105833333">
            <ele>259.427</ele>
            <time>2024-07-24T10:17:18+07:00</time>
        </trkpt>
        <trkpt lat="-2.26402383333333" lon="102.00900625">
            <ele>263.862</ele>
            <time>2024-07-24T10:17:20+07:00</time>
        </trkpt>
        <trkpt lat="-2.26413618333333" lon="102.008916983333">
            <ele>271.27</ele>
            <time>2024-07-24T10:17:22+07:00</time>
        </trkpt>
        <trkpt lat="-2.26426281666667" lon="102.008852166667">
            <ele>277.23</ele>
            <time>2024-07-24T10:17:24+07:00</time>
        </trkpt>
        <trkpt lat="-2.264442" lon="102.00878065">
            <ele>275.681</ele>
            <time>2024-07-24T10:17:26+07:00</time>
        </trkpt>
        <trkpt lat="-2.26462593333333" lon="102.0087279">
            <ele>272.505</ele>
            <time>2024-07-24T10:17:28+07:00</time>
        </trkpt>
        <trkpt lat="-2.26480466666667" lon="102.008654916667">
            <ele>275.339</ele>
            <time>2024-07-24T10:17:30+07:00</time>
        </trkpt>
        <trkpt lat="-2.26501313333333" lon="102.0085563">
            <ele>284.557</ele>
            <time>2024-07-24T10:17:32+07:00</time>
        </trkpt>
        <trkpt lat="-2.2651889" lon="102.008490583333">
            <ele>290.877</ele>
            <time>2024-07-24T10:17:34+07:00</time>
        </trkpt>
        <trkpt lat="-2.26533511666667" lon="102.0084442">
            <ele>295.51</ele>
            <time>2024-07-24T10:17:36+07:00</time>
        </trkpt>
        <trkpt lat="-2.26548831666667" lon="102.008368616667">
            <ele>305.577</ele>
            <time>2024-07-24T10:17:38+07:00</time>
        </trkpt>
        <trkpt lat="-2.26567206666667" lon="102.0083052">
            <ele>306.564</ele>
            <time>2024-07-24T10:17:40+07:00</time>
        </trkpt>
        <trkpt lat="-2.26583776666667" lon="102.008229383333">
            <ele>304.036</ele>
            <time>2024-07-24T10:17:42+07:00</time>
        </trkpt>
        <trkpt lat="-2.26597995" lon="102.008140933333">
            <ele>305.105</ele>
            <time>2024-07-24T10:17:44+07:00</time>
        </trkpt>
        <trkpt lat="-2.26612761666667" lon="102.008011">
            <ele>308.271</ele>
            <time>2024-07-24T10:17:46+07:00</time>
        </trkpt>
        <trkpt lat="-2.26626993333333" lon="102.007905116667">
            <ele>318.585</ele>
            <time>2024-07-24T10:17:48+07:00</time>
        </trkpt>
        <trkpt lat="-2.2664182" lon="102.007878833333">
            <ele>322.382</ele>
            <time>2024-07-24T10:17:50+07:00</time>
        </trkpt>
        <trkpt lat="-2.26658058333333" lon="102.007939183333">
            <ele>323.759</ele>
            <time>2024-07-24T10:17:52+07:00</time>
        </trkpt>
        <trkpt lat="-2.26670898333333" lon="102.008033383333">
            <ele>327.518</ele>
            <time>2024-07-24T10:17:54+07:00</time>
        </trkpt>
        <trkpt lat="-2.26686125" lon="102.008127716667">
            <ele>326.878</ele>
            <time>2024-07-24T10:17:56+07:00</time>
        </trkpt>
        <trkpt lat="-2.2670175" lon="102.008181416667">
            <ele>325.154</ele>
            <time>2024-07-24T10:17:58+07:00</time>
        </trkpt>
        <trkpt lat="-2.26715975" lon="102.00822835">
            <ele>316.463</ele>
            <time>2024-07-24T10:18:00+07:00</time>
        </trkpt>
        <trkpt lat="-2.2672967" lon="102.008213766667">
            <ele>303.758</ele>
            <time>2024-07-24T10:18:02+07:00</time>
        </trkpt>
        <trkpt lat="-2.26744028333333" lon="102.00819185">
            <ele>299.817</ele>
            <time>2024-07-24T10:18:04+07:00</time>
        </trkpt>
        <trkpt lat="-2.26758738333333" lon="102.008143216667">
            <ele>300.816</ele>
            <time>2024-07-24T10:18:06+07:00</time>
        </trkpt>
        <trkpt lat="-2.26770915" lon="102.00807065">
            <ele>302.708</ele>
            <time>2024-07-24T10:18:08+07:00</time>
        </trkpt>
        <trkpt lat="-2.2678243" lon="102.007957283333">
            <ele>305.501</ele>
            <time>2024-07-24T10:18:10+07:00</time>
        </trkpt>
        <trkpt lat="-2.26791255" lon="102.007821533333">
            <ele>304.452</ele>
            <time>2024-07-24T10:18:12+07:00</time>
        </trkpt>
        <trkpt lat="-2.2680235" lon="102.007646966667">
            <ele>305.701</ele>
            <time>2024-07-24T10:18:14+07:00</time>
        </trkpt>
        <trkpt lat="-2.26813753333333" lon="102.007472383333">
            <ele>304.169</ele>
            <time>2024-07-24T10:18:16+07:00</time>
        </trkpt>
        <trkpt lat="-2.2682463" lon="102.0073272">
            <ele>304.554</ele>
            <time>2024-07-24T10:18:18+07:00</time>
        </trkpt>
        <trkpt lat="-2.26837888333333" lon="102.00726445">
            <ele>299.489</ele>
            <time>2024-07-24T10:18:20+07:00</time>
        </trkpt>
        <trkpt lat="-2.26846558333333" lon="102.007198866667">
            <ele>292.506</ele>
            <time>2024-07-24T10:18:22+07:00</time>
        </trkpt>
        <trkpt lat="-2.26851005" lon="102.00709605">
            <ele>283.731</ele>
            <time>2024-07-24T10:18:24+07:00</time>
        </trkpt>
        <trkpt lat="-2.26852141666667" lon="102.0069807">
            <ele>278.978</ele>
            <time>2024-07-24T10:18:26+07:00</time>
        </trkpt>
        <trkpt lat="-2.26850835" lon="102.006868383333">
            <ele>273.636</ele>
            <time>2024-07-24T10:18:28+07:00</time>
        </trkpt>
        <trkpt lat="-2.26852516666667" lon="102.0067529">
            <ele>276.102</ele>
            <time>2024-07-24T10:18:30+07:00</time>
        </trkpt>
        <trkpt lat="-2.26857898333333" lon="102.0066406">
            <ele>280.535</ele>
            <time>2024-07-24T10:18:32+07:00</time>
        </trkpt>
        <trkpt lat="-2.26866666666667" lon="102.006532633333">
            <ele>287.358</ele>
            <time>2024-07-24T10:18:34+07:00</time>
        </trkpt>
        <trkpt lat="-2.26879365" lon="102.006409166667">
            <ele>291.465</ele>
            <time>2024-07-24T10:18:36+07:00</time>
        </trkpt>
        <trkpt lat="-2.26890455" lon="102.006268233333">
            <ele>289.514</ele>
            <time>2024-07-24T10:18:38+07:00</time>
        </trkpt>
        <trkpt lat="-2.26895458333333" lon="102.00613325">
            <ele>285.266</ele>
            <time>2024-07-24T10:18:40+07:00</time>
        </trkpt>
        <trkpt lat="-2.26902666666667" lon="102.005988333333">
            <ele>282.93</ele>
            <time>2024-07-24T10:18:42+07:00</time>
        </trkpt>
        <trkpt lat="-2.26909781666667" lon="102.005811333333">
            <ele>281.746</ele>
            <time>2024-07-24T10:18:44+07:00</time>
        </trkpt>
        <trkpt lat="-2.2691643" lon="102.00561915">
            <ele>283.385</ele>
            <time>2024-07-24T10:18:46+07:00</time>
        </trkpt>
        <trkpt lat="-2.26922761666667" lon="102.005414616667">
            <ele>279.492</ele>
            <time>2024-07-24T10:18:48+07:00</time>
        </trkpt>
        <trkpt lat="-2.26924731666667" lon="102.005229166667">
            <ele>276.984</ele>
            <time>2024-07-24T10:18:50+07:00</time>
        </trkpt>
        <trkpt lat="-2.26924705" lon="102.005093333333">
            <ele>279.672</ele>
            <time>2024-07-24T10:18:52+07:00</time>
        </trkpt>
        <trkpt lat="-2.26924421666667" lon="102.005010866667">
            <ele>288.25</ele>
            <time>2024-07-24T10:18:54+07:00</time>
        </trkpt>
        <trkpt lat="-2.2692605" lon="102.004905366667">
            <ele>290.305</ele>
            <time>2024-07-24T10:18:56+07:00</time>
        </trkpt>
        <trkpt lat="-2.26934453333333" lon="102.004794583333">
            <ele>291.158</ele>
            <time>2024-07-24T10:18:58+07:00</time>
        </trkpt>
        <trkpt lat="-2.2694503" lon="102.004604816667">
            <ele>290.006</ele>
            <time>2024-07-24T10:19:00+07:00</time>
        </trkpt>
        <trkpt lat="-2.26951525" lon="102.004391983333">
            <ele>298.013</ele>
            <time>2024-07-24T10:19:02+07:00</time>
        </trkpt>
        <trkpt lat="-2.26954888333333" lon="102.004216933333">
            <ele>302.518</ele>
            <time>2024-07-24T10:19:04+07:00</time>
        </trkpt>
        <trkpt lat="-2.26961043333333" lon="102.004062633333">
            <ele>301.093</ele>
            <time>2024-07-24T10:19:06+07:00</time>
        </trkpt>
        <trkpt lat="-2.2697113" lon="102.003915633333">
            <ele>295.802</ele>
            <time>2024-07-24T10:19:08+07:00</time>
        </trkpt>
        <trkpt lat="-2.26981158333333" lon="102.003785533333">
            <ele>291.126</ele>
            <time>2024-07-24T10:19:10+07:00</time>
        </trkpt>
        <trkpt lat="-2.26992693333333" lon="102.003692033333">
            <ele>290.245</ele>
            <time>2024-07-24T10:19:12+07:00</time>
        </trkpt>
        <trkpt lat="-2.27000528333333" lon="102.003606233333">
            <ele>283.421</ele>
            <time>2024-07-24T10:19:14+07:00</time>
        </trkpt>
        <trkpt lat="-2.27001988333333" lon="102.003565183333">
            <ele>275.072</ele>
            <time>2024-07-24T10:19:16+07:00</time>
        </trkpt>
        <trkpt lat="-2.27005208333333" lon="102.003506466667">
            <ele>275.072</ele>
            <time>2024-07-24T10:19:19+07:00</time>
        </trkpt>
        <trkpt lat="-2.27006775" lon="102.0034227">
            <ele>275.334</ele>
            <time>2024-07-24T10:19:21+07:00</time>
        </trkpt>
        <trkpt lat="-2.2700567" lon="102.0032987">
            <ele>277.533</ele>
            <time>2024-07-24T10:19:23+07:00</time>
        </trkpt>
        <trkpt lat="-2.27004086666667" lon="102.003163816667">
            <ele>277.608</ele>
            <time>2024-07-24T10:19:25+07:00</time>
        </trkpt>
        <trkpt lat="-2.27002198333333" lon="102.00300475">
            <ele>278.994</ele>
            <time>2024-07-24T10:19:27+07:00</time>
        </trkpt>
        <trkpt lat="-2.26999933333333" lon="102.002888533333">
            <ele>285.236</ele>
            <time>2024-07-24T10:19:29+07:00</time>
        </trkpt>
        <trkpt lat="-2.2700336" lon="102.00277755">
            <ele>291.269</ele>
            <time>2024-07-24T10:19:31+07:00</time>
        </trkpt>
        <trkpt lat="-2.270097" lon="102.002684766667">
            <ele>291.715</ele>
            <time>2024-07-24T10:19:33+07:00</time>
        </trkpt>
        <trkpt lat="-2.27014095" lon="102.002566716667">
            <ele>292.819</ele>
            <time>2024-07-24T10:19:35+07:00</time>
        </trkpt>
        <trkpt lat="-2.2701548" lon="102.002405033333">
            <ele>300.472</ele>
            <time>2024-07-24T10:19:37+07:00</time>
        </trkpt>
        <trkpt lat="-2.2702175" lon="102.002208066667">
            <ele>305.38</ele>
            <time>2024-07-24T10:19:39+07:00</time>
        </trkpt>
        <trkpt lat="-2.27032743333333" lon="102.002037166667">
            <ele>308.213</ele>
            <time>2024-07-24T10:19:41+07:00</time>
        </trkpt>
        <trkpt lat="-2.27043541666667" lon="102.001953433333">
            <ele>310.817</ele>
            <time>2024-07-24T10:19:43+07:00</time>
        </trkpt>
        <trkpt lat="-2.27056815" lon="102.001878766667">
            <ele>316.968</ele>
            <time>2024-07-24T10:19:45+07:00</time>
        </trkpt>
        <trkpt lat="-2.27068488333333" lon="102.001839433333">
            <ele>314.339</ele>
            <time>2024-07-24T10:19:47+07:00</time>
        </trkpt>
        <trkpt lat="-2.27076848333333" lon="102.001758116667">
            <ele>303.463</ele>
            <time>2024-07-24T10:19:49+07:00</time>
        </trkpt>
        <trkpt lat="-2.27078096666667" lon="102.001646216667">
            <ele>304.817</ele>
            <time>2024-07-24T10:19:51+07:00</time>
        </trkpt>
        <trkpt lat="-2.27076063333333" lon="102.001534166667">
            <ele>307.977</ele>
            <time>2024-07-24T10:19:53+07:00</time>
        </trkpt>
        <trkpt lat="-2.27065806666667" lon="102.001418133333">
            <ele>310.808</ele>
            <time>2024-07-24T10:19:55+07:00</time>
        </trkpt>
        <trkpt lat="-2.2705311" lon="102.001340833333">
            <ele>316.203</ele>
            <time>2024-07-24T10:19:57+07:00</time>
        </trkpt>
        <trkpt lat="-2.27043371666667" lon="102.001294816667">
            <ele>319.071</ele>
            <time>2024-07-24T10:19:59+07:00</time>
        </trkpt>
        <trkpt lat="-2.27033166666667" lon="102.001244516667">
            <ele>323.826</ele>
            <time>2024-07-24T10:20:01+07:00</time>
        </trkpt>
        <trkpt lat="-2.27023113333333" lon="102.0011606">
            <ele>318.122</ele>
            <time>2024-07-24T10:20:03+07:00</time>
        </trkpt>
        <trkpt lat="-2.27013523333333" lon="102.001034016667">
            <ele>310.39</ele>
            <time>2024-07-24T10:20:05+07:00</time>
        </trkpt>
        <trkpt lat="-2.27007545" lon="102.0008652">
            <ele>300.082</ele>
            <time>2024-07-24T10:20:07+07:00</time>
        </trkpt>
        <trkpt lat="-2.27003166666667" lon="102.0007143">
            <ele>295.682</ele>
            <time>2024-07-24T10:20:09+07:00</time>
        </trkpt>
        <trkpt lat="-2.27003865" lon="102.0005662">
            <ele>296.742</ele>
            <time>2024-07-24T10:20:11+07:00</time>
        </trkpt>
        <trkpt lat="-2.27005265" lon="102.000432733333">
            <ele>296.809</ele>
            <time>2024-07-24T10:20:13+07:00</time>
        </trkpt>
        <trkpt lat="-2.27010433333333" lon="102.000322666667">
            <ele>297.212</ele>
            <time>2024-07-24T10:20:15+07:00</time>
        </trkpt>
        <trkpt lat="-2.27010651666667" lon="102.000186566667">
            <ele>296.907</ele>
            <time>2024-07-24T10:20:17+07:00</time>
        </trkpt>
        <trkpt lat="-2.27007068333333" lon="102.000091583333">
            <ele>297.09</ele>
            <time>2024-07-24T10:20:19+07:00</time>
        </trkpt>
        <trkpt lat="-2.27003528333333" lon="101.9999546">
            <ele>297.217</ele>
            <time>2024-07-24T10:20:21+07:00</time>
        </trkpt>
        <trkpt lat="-2.26997698333333" lon="101.999795483333">
            <ele>300.162</ele>
            <time>2024-07-24T10:20:23+07:00</time>
        </trkpt>
        <trkpt lat="-2.26991286666667" lon="101.999656383333">
            <ele>303.167</ele>
            <time>2024-07-24T10:20:25+07:00</time>
        </trkpt>
        <trkpt lat="-2.26986775" lon="101.999563533333">
            <ele>299.885</ele>
            <time>2024-07-24T10:20:27+07:00</time>
        </trkpt>
        <trkpt lat="-2.26987628333333" lon="101.9994838">
            <ele>296.962</ele>
            <time>2024-07-24T10:20:29+07:00</time>
        </trkpt>
        <trkpt lat="-2.26990941666667" lon="101.999381583333">
            <ele>294.106</ele>
            <time>2024-07-24T10:20:31+07:00</time>
        </trkpt>
        <trkpt lat="-2.2699346" lon="101.999256816667">
            <ele>290.949</ele>
            <time>2024-07-24T10:20:33+07:00</time>
        </trkpt>
        <trkpt lat="-2.26990648333333" lon="101.999163666667">
            <ele>294.395</ele>
            <time>2024-07-24T10:20:35+07:00</time>
        </trkpt>
        <trkpt lat="-2.26987053333333" lon="101.999086833333">
            <ele>294.525</ele>
            <time>2024-07-24T10:20:37+07:00</time>
        </trkpt>
        <trkpt lat="-2.2697907" lon="101.99900345">
            <ele>294.604</ele>
            <time>2024-07-24T10:20:39+07:00</time>
        </trkpt>
        <trkpt lat="-2.26971661666667" lon="101.998936016667">
            <ele>300.057</ele>
            <time>2024-07-24T10:20:41+07:00</time>
        </trkpt>
        <trkpt lat="-2.26963885" lon="101.99890795">
            <ele>303.857</ele>
            <time>2024-07-24T10:20:43+07:00</time>
        </trkpt>
        <trkpt lat="-2.26957613333333" lon="101.998850866667">
            <ele>302.886</ele>
            <time>2024-07-24T10:20:45+07:00</time>
        </trkpt>
        <trkpt lat="-2.26955588333333" lon="101.9987584">
            <ele>299.415</ele>
            <time>2024-07-24T10:20:47+07:00</time>
        </trkpt>
        <trkpt lat="-2.26956391666667" lon="101.998623933333">
            <ele>296.228</ele>
            <time>2024-07-24T10:20:49+07:00</time>
        </trkpt>
        <trkpt lat="-2.26959575" lon="101.998495283333">
            <ele>289.204</ele>
            <time>2024-07-24T10:20:51+07:00</time>
        </trkpt>
        <trkpt lat="-2.2695843" lon="101.9983932">
            <ele>290.694</ele>
            <time>2024-07-24T10:20:53+07:00</time>
        </trkpt>
        <trkpt lat="-2.26955536666667" lon="101.998332483333">
            <ele>294.702</ele>
            <time>2024-07-24T10:20:55+07:00</time>
        </trkpt>
        <trkpt lat="-2.26952781666667" lon="101.9982771">
            <ele>296.918</ele>
            <time>2024-07-24T10:20:57+07:00</time>
        </trkpt>
        <trkpt lat="-2.2695223" lon="101.998248566667">
            <ele>298.557</ele>
            <time>2024-07-24T10:20:59+07:00</time>
        </trkpt>
        <trkpt lat="-2.26952101666667" lon="101.99820775">
            <ele>301.117</ele>
            <time>2024-07-24T10:21:01+07:00</time>
        </trkpt>
        <trkpt lat="-2.26951718333333" lon="101.998142783333">
            <ele>298.867</ele>
            <time>2024-07-24T10:21:03+07:00</time>
        </trkpt>
        <trkpt lat="-2.26950478333333" lon="101.998047516667">
            <ele>294.675</ele>
            <time>2024-07-24T10:21:05+07:00</time>
        </trkpt>
        <trkpt lat="-2.26948103333333" lon="101.997949016667">
            <ele>290.85</ele>
            <time>2024-07-24T10:21:07+07:00</time>
        </trkpt>
        <trkpt lat="-2.2694302" lon="101.997850333333">
            <ele>289.064</ele>
            <time>2024-07-24T10:21:09+07:00</time>
        </trkpt>
        <trkpt lat="-2.26939168333333" lon="101.9977531">
            <ele>285.533</ele>
            <time>2024-07-24T10:21:11+07:00</time>
        </trkpt>
        <trkpt lat="-2.26934803333333" lon="101.997664">
            <ele>287.533</ele>
            <time>2024-07-24T10:21:13+07:00</time>
        </trkpt>
        <trkpt lat="-2.26932573333333" lon="101.997548333333">
            <ele>288.985</ele>
            <time>2024-07-24T10:21:15+07:00</time>
        </trkpt>
        <trkpt lat="-2.26928441666667" lon="101.997414966667">
            <ele>291.089</ele>
            <time>2024-07-24T10:21:17+07:00</time>
        </trkpt>
        <trkpt lat="-2.26923671666667" lon="101.997293733333">
            <ele>292.852</ele>
            <time>2024-07-24T10:21:19+07:00</time>
        </trkpt>
        <trkpt lat="-2.26919828333333" lon="101.99719335">
            <ele>293.942</ele>
            <time>2024-07-24T10:21:21+07:00</time>
        </trkpt>
        <trkpt lat="-2.26914876666667" lon="101.9971225">
            <ele>296.282</ele>
            <time>2024-07-24T10:21:23+07:00</time>
        </trkpt>
        <trkpt lat="-2.26910166666667" lon="101.997018333333">
            <ele>298.028</ele>
            <time>2024-07-24T10:21:25+07:00</time>
        </trkpt>
        <trkpt lat="-2.26904046666667" lon="101.996920916667">
            <ele>299.953</ele>
            <time>2024-07-24T10:21:27+07:00</time>
        </trkpt>
        <trkpt lat="-2.26897041666667" lon="101.99682845">
            <ele>299.907</ele>
            <time>2024-07-24T10:21:29+07:00</time>
        </trkpt>
        <trkpt lat="-2.26894501666667" lon="101.996697016667">
            <ele>304.246</ele>
            <time>2024-07-24T10:21:31+07:00</time>
        </trkpt>
        <trkpt lat="-2.26889698333333" lon="101.996584966667">
            <ele>305.671</ele>
            <time>2024-07-24T10:21:33+07:00</time>
        </trkpt>
        <trkpt lat="-2.26883996666667" lon="101.996440416667">
            <ele>305.873</ele>
            <time>2024-07-24T10:21:35+07:00</time>
        </trkpt>
        <trkpt lat="-2.26880191666667" lon="101.996281366667">
            <ele>302.192</ele>
            <time>2024-07-24T10:21:37+07:00</time>
        </trkpt>
        <trkpt lat="-2.26874048333333" lon="101.99612895">
            <ele>299.661</ele>
            <time>2024-07-24T10:21:39+07:00</time>
        </trkpt>
        <trkpt lat="-2.26868311666667" lon="101.995955633333">
            <ele>298.581</ele>
            <time>2024-07-24T10:21:41+07:00</time>
        </trkpt>
        <trkpt lat="-2.26862465" lon="101.995784116667">
            <ele>298.829</ele>
            <time>2024-07-24T10:21:43+07:00</time>
        </trkpt>
        <trkpt lat="-2.26855203333333" lon="101.995637416667">
            <ele>297.669</ele>
            <time>2024-07-24T10:21:45+07:00</time>
        </trkpt>
        <trkpt lat="-2.26848868333333" lon="101.995483816667">
            <ele>294.838</ele>
            <time>2024-07-24T10:21:47+07:00</time>
        </trkpt>
        <trkpt lat="-2.26840211666667" lon="101.995318816667">
            <ele>295.681</ele>
            <time>2024-07-24T10:21:49+07:00</time>
        </trkpt>
        <trkpt lat="-2.26831091666667" lon="101.9951469">
            <ele>300.056</ele>
            <time>2024-07-24T10:21:51+07:00</time>
        </trkpt>
        <trkpt lat="-2.26824755" lon="101.994975183333">
            <ele>302.35</ele>
            <time>2024-07-24T10:21:53+07:00</time>
        </trkpt>
        <trkpt lat="-2.26819546666667" lon="101.994826766667">
            <ele>302.67</ele>
            <time>2024-07-24T10:21:55+07:00</time>
        </trkpt>
        <trkpt lat="-2.26813156666667" lon="101.994684266667">
            <ele>305.046</ele>
            <time>2024-07-24T10:21:57+07:00</time>
        </trkpt>
        <trkpt lat="-2.26809788333333" lon="101.994544616667">
            <ele>305.628</ele>
            <time>2024-07-24T10:21:59+07:00</time>
        </trkpt>
        <trkpt lat="-2.26806398333333" lon="101.994409316667">
            <ele>304.736</ele>
            <time>2024-07-24T10:22:01+07:00</time>
        </trkpt>
        <trkpt lat="-2.26801128333333" lon="101.994270333333">
            <ele>305.103</ele>
            <time>2024-07-24T10:22:03+07:00</time>
        </trkpt>
        <trkpt lat="-2.26800275" lon="101.99412935">
            <ele>306.737</ele>
            <time>2024-07-24T10:22:05+07:00</time>
        </trkpt>
        <trkpt lat="-2.26799548333333" lon="101.99397125">
            <ele>308.728</ele>
            <time>2024-07-24T10:22:07+07:00</time>
        </trkpt>
        <trkpt lat="-2.2679958" lon="101.99382215">
            <ele>306.295</ele>
            <time>2024-07-24T10:22:09+07:00</time>
        </trkpt>
        <trkpt lat="-2.26801726666667" lon="101.99369355">
            <ele>300.619</ele>
            <time>2024-07-24T10:22:11+07:00</time>
        </trkpt>
        <trkpt lat="-2.26801573333333" lon="101.993559883333">
            <ele>301.645</ele>
            <time>2024-07-24T10:22:13+07:00</time>
        </trkpt>
        <trkpt lat="-2.2679943" lon="101.993419116667">
            <ele>304.178</ele>
            <time>2024-07-24T10:22:15+07:00</time>
        </trkpt>
        <trkpt lat="-2.26798756666667" lon="101.993263733333">
            <ele>307.501</ele>
            <time>2024-07-24T10:22:17+07:00</time>
        </trkpt>
        <trkpt lat="-2.26798466666667" lon="101.9931164">
            <ele>309.785</ele>
            <time>2024-07-24T10:22:19+07:00</time>
        </trkpt>
        <trkpt lat="-2.26798006666667" lon="101.992959216667">
            <ele>312.775</ele>
            <time>2024-07-24T10:22:21+07:00</time>
        </trkpt>
        <trkpt lat="-2.26797375" lon="101.992790816667">
            <ele>312.707</ele>
            <time>2024-07-24T10:22:23+07:00</time>
        </trkpt>
        <trkpt lat="-2.2679491" lon="101.992629766667">
            <ele>311.27</ele>
            <time>2024-07-24T10:22:25+07:00</time>
        </trkpt>
        <trkpt lat="-2.26794041666667" lon="101.992479483333">
            <ele>312.918</ele>
            <time>2024-07-24T10:22:27+07:00</time>
        </trkpt>
        <trkpt lat="-2.2679353" lon="101.99234635">
            <ele>310.67</ele>
            <time>2024-07-24T10:22:29+07:00</time>
        </trkpt>
        <trkpt lat="-2.26791588333333" lon="101.992209683333">
            <ele>310.526</ele>
            <time>2024-07-24T10:22:31+07:00</time>
        </trkpt>
        <trkpt lat="-2.26789041666667" lon="101.9920381">
            <ele>313.061</ele>
            <time>2024-07-24T10:22:33+07:00</time>
        </trkpt>
        <trkpt lat="-2.26788678333333" lon="101.9918606">
            <ele>312.919</ele>
            <time>2024-07-24T10:22:35+07:00</time>
        </trkpt>
        <trkpt lat="-2.26794063333333" lon="101.991674383333">
            <ele>309.739</ele>
            <time>2024-07-24T10:22:37+07:00</time>
        </trkpt>
        <trkpt lat="-2.26797828333333" lon="101.9914944">
            <ele>309.789</ele>
            <time>2024-07-24T10:22:39+07:00</time>
        </trkpt>
        <trkpt lat="-2.26799963333333" lon="101.991306733333">
            <ele>310.283</ele>
            <time>2024-07-24T10:22:41+07:00</time>
        </trkpt>
        <trkpt lat="-2.26798615" lon="101.991103866667">
            <ele>313.824</ele>
            <time>2024-07-24T10:22:43+07:00</time>
        </trkpt>
        <trkpt lat="-2.26797855" lon="101.99090135">
            <ele>321.31</ele>
            <time>2024-07-24T10:22:45+07:00</time>
        </trkpt>
        <trkpt lat="-2.267969" lon="101.99068815">
            <ele>327.564</ele>
            <time>2024-07-24T10:22:47+07:00</time>
        </trkpt>
        <trkpt lat="-2.26795218333333" lon="101.990471433333">
            <ele>330.63</ele>
            <time>2024-07-24T10:22:49+07:00</time>
        </trkpt>
        <trkpt lat="-2.26795001666667" lon="101.990241016667">
            <ele>331.744</ele>
            <time>2024-07-24T10:22:51+07:00</time>
        </trkpt>
        <trkpt lat="-2.26796865" lon="101.990007716667">
            <ele>330.362</ele>
            <time>2024-07-24T10:22:53+07:00</time>
        </trkpt>
        <trkpt lat="-2.26798755" lon="101.98983085">
            <ele>329.847</ele>
            <time>2024-07-24T10:22:55+07:00</time>
        </trkpt>
        <trkpt lat="-2.26800171666667" lon="101.989682016667">
            <ele>331.237</ele>
            <time>2024-07-24T10:22:57+07:00</time>
        </trkpt>
        <trkpt lat="-2.26803603333333" lon="101.989531483333">
            <ele>335.136</ele>
            <time>2024-07-24T10:22:59+07:00</time>
        </trkpt>
        <trkpt lat="-2.26808575" lon="101.989384816667">
            <ele>336.1</ele>
            <time>2024-07-24T10:23:01+07:00</time>
        </trkpt>
        <trkpt lat="-2.26813486666667" lon="101.989213316667">
            <ele>339.325</ele>
            <time>2024-07-24T10:23:03+07:00</time>
        </trkpt>
        <trkpt lat="-2.26817833333333" lon="101.989045066667">
            <ele>343.719</ele>
            <time>2024-07-24T10:23:05+07:00</time>
        </trkpt>
        <trkpt lat="-2.26821686666667" lon="101.98887915">
            <ele>331.061</ele>
            <time>2024-07-24T10:23:07+07:00</time>
        </trkpt>
        <trkpt lat="-2.26827408333333" lon="101.988687616667">
            <ele>320.498</ele>
            <time>2024-07-24T10:23:09+07:00</time>
        </trkpt>
        <trkpt lat="-2.26835103333333" lon="101.988507783333">
            <ele>315.375</ele>
            <time>2024-07-24T10:23:11+07:00</time>
        </trkpt>
        <trkpt lat="-2.26844105" lon="101.9883396">
            <ele>311.213</ele>
            <time>2024-07-24T10:23:13+07:00</time>
        </trkpt>
        <trkpt lat="-2.26849123333333" lon="101.98816325">
            <ele>317.126</ele>
            <time>2024-07-24T10:23:15+07:00</time>
        </trkpt>
        <trkpt lat="-2.26858551666667" lon="101.98800155">
            <ele>320.426</ele>
            <time>2024-07-24T10:23:17+07:00</time>
        </trkpt>
        <trkpt lat="-2.268669" lon="101.98779605">
            <ele>319.949</ele>
            <time>2024-07-24T10:23:19+07:00</time>
        </trkpt>
        <trkpt lat="-2.26873801666667" lon="101.987607516667">
            <ele>325.823</ele>
            <time>2024-07-24T10:23:21+07:00</time>
        </trkpt>
        <trkpt lat="-2.2688401" lon="101.987406133333">
            <ele>325.385</ele>
            <time>2024-07-24T10:23:23+07:00</time>
        </trkpt>
        <trkpt lat="-2.26893066666667" lon="101.987208683333">
            <ele>322.59</ele>
            <time>2024-07-24T10:23:25+07:00</time>
        </trkpt>
        <trkpt lat="-2.26899663333333" lon="101.987046966667">
            <ele>323.166</ele>
            <time>2024-07-24T10:23:27+07:00</time>
        </trkpt>
        <trkpt lat="-2.26905916666667" lon="101.986932733333">
            <ele>323.215</ele>
            <time>2024-07-24T10:23:29+07:00</time>
        </trkpt>
        <trkpt lat="-2.26910996666667" lon="101.986805866667">
            <ele>325.277</ele>
            <time>2024-07-24T10:23:31+07:00</time>
        </trkpt>
        <trkpt lat="-2.26916696666667" lon="101.986682216667">
            <ele>327.958</ele>
            <time>2024-07-24T10:23:33+07:00</time>
        </trkpt>
        <trkpt lat="-2.26927933333333" lon="101.986562933333">
            <ele>328.556</ele>
            <time>2024-07-24T10:23:35+07:00</time>
        </trkpt>
        <trkpt lat="-2.26940446666667" lon="101.986454766667">
            <ele>329.586</ele>
            <time>2024-07-24T10:23:37+07:00</time>
        </trkpt>
        <trkpt lat="-2.26954456666667" lon="101.986317433333">
            <ele>330.433</ele>
            <time>2024-07-24T10:23:39+07:00</time>
        </trkpt>
        <trkpt lat="-2.26970273333333" lon="101.9861825">
            <ele>333.357</ele>
            <time>2024-07-24T10:23:41+07:00</time>
        </trkpt>
        <trkpt lat="-2.26982428333333" lon="101.986041133333">
            <ele>338.559</ele>
            <time>2024-07-24T10:23:43+07:00</time>
        </trkpt>
        <trkpt lat="-2.2699319" lon="101.985959983333">
            <ele>339.637</ele>
            <time>2024-07-24T10:23:45+07:00</time>
        </trkpt>
        <trkpt lat="-2.27000431666667" lon="101.9858763">
            <ele>346.996</ele>
            <time>2024-07-24T10:23:47+07:00</time>
        </trkpt>
        <trkpt lat="-2.27004196666667" lon="101.985826416667">
            <ele>354.561</ele>
            <time>2024-07-24T10:23:49+07:00</time>
        </trkpt>
        <trkpt lat="-2.27007693333333" lon="101.9857831">
            <ele>359.335</ele>
            <time>2024-07-24T10:23:51+07:00</time>
        </trkpt>
        <trkpt lat="-2.27012648333333" lon="101.98571185">
            <ele>359.569</ele>
            <time>2024-07-24T10:23:53+07:00</time>
        </trkpt>
        <trkpt lat="-2.27018493333333" lon="101.985608766667">
            <ele>352.1</ele>
            <time>2024-07-24T10:23:55+07:00</time>
        </trkpt>
        <trkpt lat="-2.27025928333333" lon="101.985481133333">
            <ele>350.353</ele>
            <time>2024-07-24T10:23:57+07:00</time>
        </trkpt>
        <trkpt lat="-2.27033371666667" lon="101.985329216667">
            <ele>346.758</ele>
            <time>2024-07-24T10:23:59+07:00</time>
        </trkpt>
        <trkpt lat="-2.27040371666667" lon="101.985233166667">
            <ele>342.059</ele>
            <time>2024-07-24T10:24:01+07:00</time>
        </trkpt>
        <trkpt lat="-2.2704664" lon="101.985186433333">
            <ele>338.949</ele>
            <time>2024-07-24T10:24:03+07:00</time>
        </trkpt>
        <trkpt lat="-2.27051896666667" lon="101.985095316667">
            <ele>330.605</ele>
            <time>2024-07-24T10:24:05+07:00</time>
        </trkpt>
        <trkpt lat="-2.2705531" lon="101.985011066667">
            <ele>324.244</ele>
            <time>2024-07-24T10:24:07+07:00</time>
        </trkpt>
        <trkpt lat="-2.27053266666667" lon="101.984922066667">
            <ele>317.091</ele>
            <time>2024-07-24T10:24:09+07:00</time>
        </trkpt>
        <trkpt lat="-2.27047428333333" lon="101.984783666667">
            <ele>316.007</ele>
            <time>2024-07-24T10:24:11+07:00</time>
        </trkpt>
        <trkpt lat="-2.27040915" lon="101.984642716667">
            <ele>319.769</ele>
            <time>2024-07-24T10:24:13+07:00</time>
        </trkpt>
        <trkpt lat="-2.27032918333333" lon="101.984439833333">
            <ele>323.667</ele>
            <time>2024-07-24T10:24:15+07:00</time>
        </trkpt>
        <trkpt lat="-2.27034301666667" lon="101.984292366667">
            <ele>329.077</ele>
            <time>2024-07-24T10:24:17+07:00</time>
        </trkpt>
        <trkpt lat="-2.27045621666667" lon="101.984175233333">
            <ele>323.672</ele>
            <time>2024-07-24T10:24:19+07:00</time>
        </trkpt>
        <trkpt lat="-2.27061855" lon="101.984074333333">
            <ele>320.998</ele>
            <time>2024-07-24T10:24:21+07:00</time>
        </trkpt>
        <trkpt lat="-2.2707583" lon="101.983987116667">
            <ele>327.265</ele>
            <time>2024-07-24T10:24:23+07:00</time>
        </trkpt>
        <trkpt lat="-2.2708803" lon="101.983881383333">
            <ele>326.565</ele>
            <time>2024-07-24T10:24:25+07:00</time>
        </trkpt>
        <trkpt lat="-2.27098115" lon="101.98374365">
            <ele>324.967</ele>
            <time>2024-07-24T10:24:27+07:00</time>
        </trkpt>
        <trkpt lat="-2.27106743333333" lon="101.98360575">
            <ele>320.661</ele>
            <time>2024-07-24T10:24:29+07:00</time>
        </trkpt>
        <trkpt lat="-2.27113058333333" lon="101.98347">
            <ele>321.685</ele>
            <time>2024-07-24T10:24:31+07:00</time>
        </trkpt>
        <trkpt lat="-2.27118936666667" lon="101.983325733333">
            <ele>321.609</ele>
            <time>2024-07-24T10:24:33+07:00</time>
        </trkpt>
        <trkpt lat="-2.27124453333333" lon="101.983190266667">
            <ele>323.566</ele>
            <time>2024-07-24T10:24:35+07:00</time>
        </trkpt>
        <trkpt lat="-2.27130711666667" lon="101.983057033333">
            <ele>327.797</ele>
            <time>2024-07-24T10:24:37+07:00</time>
        </trkpt>
        <trkpt lat="-2.27139046666667" lon="101.982927533333">
            <ele>333.674</ele>
            <time>2024-07-24T10:24:39+07:00</time>
        </trkpt>
        <trkpt lat="-2.27146293333333" lon="101.982793866667">
            <ele>336.834</ele>
            <time>2024-07-24T10:24:41+07:00</time>
        </trkpt>
        <trkpt lat="-2.27153345" lon="101.982616916667">
            <ele>344.898</ele>
            <time>2024-07-24T10:24:43+07:00</time>
        </trkpt>
        <trkpt lat="-2.27161403333333" lon="101.9824558">
            <ele>361.471</ele>
            <time>2024-07-24T10:24:45+07:00</time>
        </trkpt>
        <trkpt lat="-2.27171458333333" lon="101.982282983333">
            <ele>363.345</ele>
            <time>2024-07-24T10:24:47+07:00</time>
        </trkpt>
        <trkpt lat="-2.27174343333333" lon="101.982251566667">
            <ele>359.779</ele>
            <time>2024-07-24T10:24:49+07:00</time>
        </trkpt>
        <trkpt lat="-2.27176476666667" lon="101.98221065">
            <ele>357.585</ele>
            <time>2024-07-24T10:24:51+07:00</time>
        </trkpt>
        <trkpt lat="-2.27184471666667" lon="101.982039133333">
            <ele>353.656</ele>
            <time>2024-07-24T10:24:53+07:00</time>
        </trkpt>
        <trkpt lat="-2.27186388333333" lon="101.981912483333">
            <ele>351.336</ele>
            <time>2024-07-24T10:24:55+07:00</time>
        </trkpt>
        <trkpt lat="-2.27188683333333" lon="101.981850633333">
            <ele>346.24</ele>
            <time>2024-07-24T10:24:57+07:00</time>
        </trkpt>
        <trkpt lat="-2.27192248333333" lon="101.981782966667">
            <ele>340.842</ele>
            <time>2024-07-24T10:24:59+07:00</time>
        </trkpt>
        <trkpt lat="-2.27195253333333" lon="101.981688983333">
            <ele>340.958</ele>
            <time>2024-07-24T10:25:01+07:00</time>
        </trkpt>
        <trkpt lat="-2.27201376666667" lon="101.981584266667">
            <ele>338.598</ele>
            <time>2024-07-24T10:25:03+07:00</time>
        </trkpt>
        <trkpt lat="-2.27210483333333" lon="101.981472783333">
            <ele>332.833</ele>
            <time>2024-07-24T10:25:05+07:00</time>
        </trkpt>
        <trkpt lat="-2.27216851666667" lon="101.981339466667">
            <ele>330.17</ele>
            <time>2024-07-24T10:25:07+07:00</time>
        </trkpt>
        <trkpt lat="-2.27218173333333" lon="101.981186833333">
            <ele>327.945</ele>
            <time>2024-07-24T10:25:09+07:00</time>
        </trkpt>
        <trkpt lat="-2.27215175" lon="101.98107735">
            <ele>329.559</ele>
            <time>2024-07-24T10:25:11+07:00</time>
        </trkpt>
        <trkpt lat="-2.27212421666667" lon="101.980918183333">
            <ele>329.515</ele>
            <time>2024-07-24T10:25:13+07:00</time>
        </trkpt>
        <trkpt lat="-2.27211625" lon="101.98073375">
            <ele>334.303</ele>
            <time>2024-07-24T10:25:15+07:00</time>
        </trkpt>
        <trkpt lat="-2.27206835" lon="101.980535333333">
            <ele>334.635</ele>
            <time>2024-07-24T10:25:17+07:00</time>
        </trkpt>
        <trkpt lat="-2.2720206" lon="101.980338333333">
            <ele>336.223</ele>
            <time>2024-07-24T10:25:19+07:00</time>
        </trkpt>
        <trkpt lat="-2.27199285" lon="101.980156583333">
            <ele>336.781</ele>
            <time>2024-07-24T10:25:21+07:00</time>
        </trkpt>
        <trkpt lat="-2.27195551666667" lon="101.979951616667">
            <ele>338.375</ele>
            <time>2024-07-24T10:25:23+07:00</time>
        </trkpt>
        <trkpt lat="-2.27191953333333" lon="101.97974035">
            <ele>337.1</ele>
            <time>2024-07-24T10:25:25+07:00</time>
        </trkpt>
        <trkpt lat="-2.2719008" lon="101.979550166667">
            <ele>336.132</ele>
            <time>2024-07-24T10:25:27+07:00</time>
        </trkpt>
        <trkpt lat="-2.27188576666667" lon="101.9793705">
            <ele>331.396</ele>
            <time>2024-07-24T10:25:29+07:00</time>
        </trkpt>
        <trkpt lat="-2.27188481666667" lon="101.979234466667">
            <ele>325.796</ele>
            <time>2024-07-24T10:25:31+07:00</time>
        </trkpt>
        <trkpt lat="-2.27186715" lon="101.979097666667">
            <ele>327.606</ele>
            <time>2024-07-24T10:25:33+07:00</time>
        </trkpt>
        <trkpt lat="-2.27185618333333" lon="101.978954716667">
            <ele>329.553</ele>
            <time>2024-07-24T10:25:35+07:00</time>
        </trkpt>
        <trkpt lat="-2.27188518333333" lon="101.978821516667">
            <ele>328.528</ele>
            <time>2024-07-24T10:25:37+07:00</time>
        </trkpt>
        <trkpt lat="-2.27194335" lon="101.978673733333">
            <ele>333.675</ele>
            <time>2024-07-24T10:25:39+07:00</time>
        </trkpt>
        <trkpt lat="-2.27200423333333" lon="101.978541783333">
            <ele>333.392</ele>
            <time>2024-07-24T10:25:41+07:00</time>
        </trkpt>
        <trkpt lat="-2.27206091666667" lon="101.978406116667">
            <ele>332.527</ele>
            <time>2024-07-24T10:25:43+07:00</time>
        </trkpt>
        <trkpt lat="-2.27209231666667" lon="101.97827455">
            <ele>334.189</ele>
            <time>2024-07-24T10:25:45+07:00</time>
        </trkpt>
        <trkpt lat="-2.27209686666667" lon="101.978151083333">
            <ele>338.276</ele>
            <time>2024-07-24T10:25:47+07:00</time>
        </trkpt>
        <trkpt lat="-2.27211878333333" lon="101.978030616667">
            <ele>333.489</ele>
            <time>2024-07-24T10:25:49+07:00</time>
        </trkpt>
        <trkpt lat="-2.2722071" lon="101.977850583333">
            <ele>328.28</ele>
            <time>2024-07-24T10:25:51+07:00</time>
        </trkpt>
        <trkpt lat="-2.27235618333333" lon="101.97771695">
            <ele>328.162</ele>
            <time>2024-07-24T10:25:53+07:00</time>
        </trkpt>
        <trkpt lat="-2.27245771666667" lon="101.977601683333">
            <ele>327.957</ele>
            <time>2024-07-24T10:25:55+07:00</time>
        </trkpt>
        <trkpt lat="-2.27254603333333" lon="101.977507533333">
            <ele>329.069</ele>
            <time>2024-07-24T10:25:57+07:00</time>
        </trkpt>
        <trkpt lat="-2.27263426666667" lon="101.977447183333">
            <ele>338.46</ele>
            <time>2024-07-24T10:25:59+07:00</time>
        </trkpt>
        <trkpt lat="-2.27274426666667" lon="101.977393766667">
            <ele>347.555</ele>
            <time>2024-07-24T10:26:01+07:00</time>
        </trkpt>
        <trkpt lat="-2.27287196666667" lon="101.977371783333">
            <ele>346.556</ele>
            <time>2024-07-24T10:26:03+07:00</time>
        </trkpt>
        <trkpt lat="-2.27301616666667" lon="101.97739825">
            <ele>339.44</ele>
            <time>2024-07-24T10:26:05+07:00</time>
        </trkpt>
        <trkpt lat="-2.27315478333333" lon="101.977359216667">
            <ele>335.425</ele>
            <time>2024-07-24T10:26:07+07:00</time>
        </trkpt>
        <trkpt lat="-2.27327791666667" lon="101.97730545">
            <ele>339.877</ele>
            <time>2024-07-24T10:26:09+07:00</time>
        </trkpt>
        <trkpt lat="-2.27338591666667" lon="101.9772508">
            <ele>349.003</ele>
            <time>2024-07-24T10:26:11+07:00</time>
        </trkpt>
        <trkpt lat="-2.27349513333333" lon="101.977201516667">
            <ele>357.587</ele>
            <time>2024-07-24T10:26:13+07:00</time>
        </trkpt>
        <trkpt lat="-2.27358748333333" lon="101.977114266667">
            <ele>367.076</ele>
            <time>2024-07-24T10:26:15+07:00</time>
        </trkpt>
        <trkpt lat="-2.27368976666667" lon="101.97697105">
            <ele>368.908</ele>
            <time>2024-07-24T10:26:17+07:00</time>
        </trkpt>
        <trkpt lat="-2.27371733333333" lon="101.9767792">
            <ele>369.56</ele>
            <time>2024-07-24T10:26:19+07:00</time>
        </trkpt>
        <trkpt lat="-2.27376098333333" lon="101.976623733333">
            <ele>369.45</ele>
            <time>2024-07-24T10:26:21+07:00</time>
        </trkpt>
        <trkpt lat="-2.2738142" lon="101.976467816667">
            <ele>373.594</ele>
            <time>2024-07-24T10:26:23+07:00</time>
        </trkpt>
        <trkpt lat="-2.27387463333333" lon="101.976326716667">
            <ele>373.474</ele>
            <time>2024-07-24T10:26:25+07:00</time>
        </trkpt>
        <trkpt lat="-2.27391341666667" lon="101.976186966667">
            <ele>376.255</ele>
            <time>2024-07-24T10:26:27+07:00</time>
        </trkpt>
        <trkpt lat="-2.2739916" lon="101.976130783333">
            <ele>379.17</ele>
            <time>2024-07-24T10:26:29+07:00</time>
        </trkpt>
        <trkpt lat="-2.27410526666667" lon="101.9762048">
            <ele>381.021</ele>
            <time>2024-07-24T10:26:31+07:00</time>
        </trkpt>
        <trkpt lat="-2.27422598333333" lon="101.976224633333">
            <ele>380.735</ele>
            <time>2024-07-24T10:26:33+07:00</time>
        </trkpt>
        <trkpt lat="-2.27436346666667" lon="101.976245316667">
            <ele>380.664</ele>
            <time>2024-07-24T10:26:35+07:00</time>
        </trkpt>
        <trkpt lat="-2.27450218333333" lon="101.976267816667">
            <ele>375.121</ele>
            <time>2024-07-24T10:26:37+07:00</time>
        </trkpt>
        <trkpt lat="-2.27463645" lon="101.976292966667">
            <ele>375.584</ele>
            <time>2024-07-24T10:26:39+07:00</time>
        </trkpt>
        <trkpt lat="-2.27472561666667" lon="101.976339216667">
            <ele>370.798</ele>
            <time>2024-07-24T10:26:41+07:00</time>
        </trkpt>
        <trkpt lat="-2.2748123" lon="101.97636365">
            <ele>365.399</ele>
            <time>2024-07-24T10:26:43+07:00</time>
        </trkpt>
        <trkpt lat="-2.27490913333333" lon="101.976328483333">
            <ele>363.727</ele>
            <time>2024-07-24T10:26:45+07:00</time>
        </trkpt>
        <trkpt lat="-2.27498403333333" lon="101.976242983333">
            <ele>361.968</ele>
            <time>2024-07-24T10:26:47+07:00</time>
        </trkpt>
        <trkpt lat="-2.27499705" lon="101.97612945">
            <ele>360.702</ele>
            <time>2024-07-24T10:26:49+07:00</time>
        </trkpt>
        <trkpt lat="-2.2749962" lon="101.975985">
            <ele>362.259</ele>
            <time>2024-07-24T10:26:51+07:00</time>
        </trkpt>
        <trkpt lat="-2.27497373333333" lon="101.975851566667">
            <ele>360.109</ele>
            <time>2024-07-24T10:26:53+07:00</time>
        </trkpt>
        <trkpt lat="-2.2749942" lon="101.97574865">
            <ele>357.99</ele>
            <time>2024-07-24T10:26:55+07:00</time>
        </trkpt>
        <trkpt lat="-2.27504415" lon="101.9756732">
            <ele>358.35</ele>
            <time>2024-07-24T10:26:57+07:00</time>
        </trkpt>
        <trkpt lat="-2.27510791666667" lon="101.975602016667">
            <ele>360.852</ele>
            <time>2024-07-24T10:26:59+07:00</time>
        </trkpt>
        <trkpt lat="-2.2752004" lon="101.97554095">
            <ele>361.016</ele>
            <time>2024-07-24T10:27:01+07:00</time>
        </trkpt>
        <trkpt lat="-2.27528591666667" lon="101.97549335">
            <ele>361.796</ele>
            <time>2024-07-24T10:27:03+07:00</time>
        </trkpt>
        <trkpt lat="-2.27539045" lon="101.9754629">
            <ele>361.725</ele>
            <time>2024-07-24T10:27:05+07:00</time>
        </trkpt>
        <trkpt lat="-2.27554161666667" lon="101.975462616667">
            <ele>363.406</ele>
            <time>2024-07-24T10:27:07+07:00</time>
        </trkpt>
        <trkpt lat="-2.2757034" lon="101.975413316667">
            <ele>361.777</ele>
            <time>2024-07-24T10:27:09+07:00</time>
        </trkpt>
        <trkpt lat="-2.27587153333333" lon="101.975359533333">
            <ele>361.557</ele>
            <time>2024-07-24T10:27:11+07:00</time>
        </trkpt>
        <trkpt lat="-2.27599948333333" lon="101.975304816667">
            <ele>362.652</ele>
            <time>2024-07-24T10:27:13+07:00</time>
        </trkpt>
        <trkpt lat="-2.2761134" lon="101.975285716667">
            <ele>366.12</ele>
            <time>2024-07-24T10:27:15+07:00</time>
        </trkpt>
        <trkpt lat="-2.2762092" lon="101.975246">
            <ele>373.319</ele>
            <time>2024-07-24T10:27:17+07:00</time>
        </trkpt>
        <trkpt lat="-2.2762958" lon="101.97517775">
            <ele>378.301</ele>
            <time>2024-07-24T10:27:19+07:00</time>
        </trkpt>
        <trkpt lat="-2.2763495" lon="101.975098883333">
            <ele>378.271</ele>
            <time>2024-07-24T10:27:21+07:00</time>
        </trkpt>
        <trkpt lat="-2.27635498333333" lon="101.975071">
            <ele>376.418</ele>
            <time>2024-07-24T10:27:23+07:00</time>
        </trkpt>
        <trkpt lat="-2.27636753333333" lon="101.975045866667">
            <ele>374.671</ele>
            <time>2024-07-24T10:27:25+07:00</time>
        </trkpt>
        <trkpt lat="-2.27636936666667" lon="101.975027616667">
            <ele>373.937</ele>
            <time>2024-07-24T10:27:27+07:00</time>
        </trkpt>
        <trkpt lat="-2.27638581666667" lon="101.975001016667">
            <ele>372.705</ele>
            <time>2024-07-24T10:27:29+07:00</time>
        </trkpt>
        <trkpt lat="-2.276425" lon="101.9749571">
            <ele>372.466</ele>
            <time>2024-07-24T10:27:31+07:00</time>
        </trkpt>
        <trkpt lat="-2.27649833333333" lon="101.974911416667">
            <ele>371.314</ele>
            <time>2024-07-24T10:27:33+07:00</time>
        </trkpt>
        <trkpt lat="-2.27659526666667" lon="101.974848016667">
            <ele>369.293</ele>
            <time>2024-07-24T10:27:35+07:00</time>
        </trkpt>
        <trkpt lat="-2.2766774" lon="101.9747694">
            <ele>367.023</ele>
            <time>2024-07-24T10:27:37+07:00</time>
        </trkpt>
        <trkpt lat="-2.27679638333333" lon="101.974701366667">
            <ele>363.055</ele>
            <time>2024-07-24T10:27:39+07:00</time>
        </trkpt>
        <trkpt lat="-2.2768907" lon="101.974635016667">
            <ele>365.692</ele>
            <time>2024-07-24T10:27:41+07:00</time>
        </trkpt>
        <trkpt lat="-2.27699498333333" lon="101.97455885">
            <ele>372.842</ele>
            <time>2024-07-24T10:27:43+07:00</time>
        </trkpt>
        <trkpt lat="-2.27709181666667" lon="101.974492366667">
            <ele>375.169</ele>
            <time>2024-07-24T10:27:45+07:00</time>
        </trkpt>
        <trkpt lat="-2.27714368333333" lon="101.974431916667">
            <ele>379.678</ele>
            <time>2024-07-24T10:27:47+07:00</time>
        </trkpt>
        <trkpt lat="-2.27722123333333" lon="101.974361016667">
            <ele>380.706</ele>
            <time>2024-07-24T10:27:49+07:00</time>
        </trkpt>
        <trkpt lat="-2.27728573333333" lon="101.974259766667">
            <ele>386.449</ele>
            <time>2024-07-24T10:27:51+07:00</time>
        </trkpt>
        <trkpt lat="-2.27738758333333" lon="101.97415595">
            <ele>387.848</ele>
            <time>2024-07-24T10:27:53+07:00</time>
        </trkpt>
        <trkpt lat="-2.27749161666667" lon="101.97403535">
            <ele>392.508</ele>
            <time>2024-07-24T10:27:55+07:00</time>
        </trkpt>
        <trkpt lat="-2.2776241" lon="101.973972533333">
            <ele>389.558</ele>
            <time>2024-07-24T10:27:57+07:00</time>
        </trkpt>
        <trkpt lat="-2.27777411666667" lon="101.973932766667">
            <ele>387.577</ele>
            <time>2024-07-24T10:27:59+07:00</time>
        </trkpt>
        <trkpt lat="-2.27793883333333" lon="101.973909733333">
            <ele>382.297</ele>
            <time>2024-07-24T10:28:01+07:00</time>
        </trkpt>
        <trkpt lat="-2.27812141666667" lon="101.97392875">
            <ele>379.463</ele>
            <time>2024-07-24T10:28:03+07:00</time>
        </trkpt>
        <trkpt lat="-2.27832693333333" lon="101.973936633333">
            <ele>378.438</ele>
            <time>2024-07-24T10:28:05+07:00</time>
        </trkpt>
        <trkpt lat="-2.2785378" lon="101.973926883333">
            <ele>379.366</ele>
            <time>2024-07-24T10:28:07+07:00</time>
        </trkpt>
        <trkpt lat="-2.27872793333333" lon="101.973906183333">
            <ele>379.361</ele>
            <time>2024-07-24T10:28:09+07:00</time>
        </trkpt>
        <trkpt lat="-2.27886893333333" lon="101.973887683333">
            <ele>381.782</ele>
            <time>2024-07-24T10:28:11+07:00</time>
        </trkpt>
        <trkpt lat="-2.27896303333333" lon="101.97385985">
            <ele>384.142</ele>
            <time>2024-07-24T10:28:13+07:00</time>
        </trkpt>
        <trkpt lat="-2.27909638333333" lon="101.9737949">
            <ele>384.06</ele>
            <time>2024-07-24T10:28:15+07:00</time>
        </trkpt>
        <trkpt lat="-2.27924843333333" lon="101.973707683333">
            <ele>382.855</ele>
            <time>2024-07-24T10:28:17+07:00</time>
        </trkpt>
        <trkpt lat="-2.27939498333333" lon="101.973563183333">
            <ele>381.777</ele>
            <time>2024-07-24T10:28:19+07:00</time>
        </trkpt>
        <trkpt lat="-2.27951886666667" lon="101.973402516667">
            <ele>381.456</ele>
            <time>2024-07-24T10:28:21+07:00</time>
        </trkpt>
        <trkpt lat="-2.27959663333333" lon="101.9732666">
            <ele>380.624</ele>
            <time>2024-07-24T10:28:23+07:00</time>
        </trkpt>
        <trkpt lat="-2.27960846666667" lon="101.973185083333">
            <ele>389.015</ele>
            <time>2024-07-24T10:28:25+07:00</time>
        </trkpt>
        <trkpt lat="-2.27963743333333" lon="101.973095083333">
            <ele>396.14</ele>
            <time>2024-07-24T10:28:27+07:00</time>
        </trkpt>
        <trkpt lat="-2.27970215" lon="101.97297875">
            <ele>395.489</ele>
            <time>2024-07-24T10:28:29+07:00</time>
        </trkpt>
        <trkpt lat="-2.2797695" lon="101.972853466667">
            <ele>394.777</ele>
            <time>2024-07-24T10:28:31+07:00</time>
        </trkpt>
        <trkpt lat="-2.27988578333333" lon="101.97269635">
            <ele>389.105</ele>
            <time>2024-07-24T10:28:33+07:00</time>
        </trkpt>
        <trkpt lat="-2.28001325" lon="101.972510966667">
            <ele>385.443</ele>
            <time>2024-07-24T10:28:35+07:00</time>
        </trkpt>
        <trkpt lat="-2.28017528333333" lon="101.972326883333">
            <ele>380.023</ele>
            <time>2024-07-24T10:28:37+07:00</time>
        </trkpt>
        <trkpt lat="-2.28034923333333" lon="101.972138533333">
            <ele>374.562</ele>
            <time>2024-07-24T10:28:39+07:00</time>
        </trkpt>
        <trkpt lat="-2.28050953333333" lon="101.97199445">
            <ele>372.479</ele>
            <time>2024-07-24T10:28:41+07:00</time>
        </trkpt>
        <trkpt lat="-2.28062738333333" lon="101.971830533333">
            <ele>370.927</ele>
            <time>2024-07-24T10:28:43+07:00</time>
        </trkpt>
        <trkpt lat="-2.28073005" lon="101.971719783333">
            <ele>369.676</ele>
            <time>2024-07-24T10:28:45+07:00</time>
        </trkpt>
        <trkpt lat="-2.28086575" lon="101.97166135">
            <ele>383.485</ele>
            <time>2024-07-24T10:28:47+07:00</time>
        </trkpt>
        <trkpt lat="-2.28097818333333" lon="101.971605333333">
            <ele>389.985</ele>
            <time>2024-07-24T10:28:49+07:00</time>
        </trkpt>
        <trkpt lat="-2.28108048333333" lon="101.971569133333">
            <ele>382.88</ele>
            <time>2024-07-24T10:28:51+07:00</time>
        </trkpt>
        <trkpt lat="-2.28117088333333" lon="101.97153145">
            <ele>378.228</ele>
            <time>2024-07-24T10:28:53+07:00</time>
        </trkpt>
        <trkpt lat="-2.2812037" lon="101.971451933333">
            <ele>375.258</ele>
            <time>2024-07-24T10:28:55+07:00</time>
        </trkpt>
        <trkpt lat="-2.28124913333333" lon="101.971358033333">
            <ele>375.048</ele>
            <time>2024-07-24T10:28:57+07:00</time>
        </trkpt>
        <trkpt lat="-2.28127461666667" lon="101.971267083333">
            <ele>379.608</ele>
            <time>2024-07-24T10:28:59+07:00</time>
        </trkpt>
        <trkpt lat="-2.28128866666667" lon="101.971202616667">
            <ele>387.467</ele>
            <time>2024-07-24T10:29:01+07:00</time>
        </trkpt>
        <trkpt lat="-2.28136338333333" lon="101.9711173">
            <ele>385.886</ele>
            <time>2024-07-24T10:29:03+07:00</time>
        </trkpt>
        <trkpt lat="-2.28145983333333" lon="101.9710373">
            <ele>387.652</ele>
            <time>2024-07-24T10:29:05+07:00</time>
        </trkpt>
        <trkpt lat="-2.28159091666667" lon="101.97094885">
            <ele>378.534</ele>
            <time>2024-07-24T10:29:07+07:00</time>
        </trkpt>
        <trkpt lat="-2.2817006" lon="101.9708517">
            <ele>372.268</ele>
            <time>2024-07-24T10:29:09+07:00</time>
        </trkpt>
        <trkpt lat="-2.28178271666667" lon="101.970754533333">
            <ele>375.812</ele>
            <time>2024-07-24T10:29:11+07:00</time>
        </trkpt>
        <trkpt lat="-2.2818134" lon="101.970665516667">
            <ele>381.342</ele>
            <time>2024-07-24T10:29:13+07:00</time>
        </trkpt>
        <trkpt lat="-2.28184655" lon="101.970574333333">
            <ele>389.264</ele>
            <time>2024-07-24T10:29:15+07:00</time>
        </trkpt>
        <trkpt lat="-2.28186703333333" lon="101.970427983333">
            <ele>399.553</ele>
            <time>2024-07-24T10:29:17+07:00</time>
        </trkpt>
        <trkpt lat="-2.28190366666667" lon="101.9702422">
            <ele>401.65</ele>
            <time>2024-07-24T10:29:19+07:00</time>
        </trkpt>
        <trkpt lat="-2.28196446666667" lon="101.970054183333">
            <ele>402.871</ele>
            <time>2024-07-24T10:29:21+07:00</time>
        </trkpt>
        <trkpt lat="-2.28202015" lon="101.969878016667">
            <ele>402.942</ele>
            <time>2024-07-24T10:29:23+07:00</time>
        </trkpt>
        <trkpt lat="-2.28207346666667" lon="101.96973045">
            <ele>394.156</ele>
            <time>2024-07-24T10:29:25+07:00</time>
        </trkpt>
        <trkpt lat="-2.28212516666667" lon="101.969610566667">
            <ele>393.786</ele>
            <time>2024-07-24T10:29:27+07:00</time>
        </trkpt>
        <trkpt lat="-2.28215641666667" lon="101.969541433333">
            <ele>396.592</ele>
            <time>2024-07-24T10:29:29+07:00</time>
        </trkpt>
        <trkpt lat="-2.28224425" lon="101.969497633333">
            <ele>386.932</ele>
            <time>2024-07-24T10:29:31+07:00</time>
        </trkpt>
        <trkpt lat="-2.28235255" lon="101.969447533333">
            <ele>382.37</ele>
            <time>2024-07-24T10:29:33+07:00</time>
        </trkpt>
        <trkpt lat="-2.28246626666667" lon="101.96941605">
            <ele>382.395</ele>
            <time>2024-07-24T10:29:35+07:00</time>
        </trkpt>
        <trkpt lat="-2.28251738333333" lon="101.969358733333">
            <ele>382.921</ele>
            <time>2024-07-24T10:29:37+07:00</time>
        </trkpt>
        <trkpt lat="-2.28262816666667" lon="101.969308166667">
            <ele>383.348</ele>
            <time>2024-07-24T10:29:39+07:00</time>
        </trkpt>
        <trkpt lat="-2.282766" lon="101.969237533333">
            <ele>377.48</ele>
            <time>2024-07-24T10:29:41+07:00</time>
        </trkpt>
        <trkpt lat="-2.28292056666667" lon="101.96915955">
            <ele>371.167</ele>
            <time>2024-07-24T10:29:43+07:00</time>
        </trkpt>
        <trkpt lat="-2.28306708333333" lon="101.9691395">
            <ele>368.939</ele>
            <time>2024-07-24T10:29:45+07:00</time>
        </trkpt>
        <trkpt lat="-2.28320223333333" lon="101.969139216667">
            <ele>367.976</ele>
            <time>2024-07-24T10:29:47+07:00</time>
        </trkpt>
        <trkpt lat="-2.28332446666667" lon="101.96911365">
            <ele>369.973</ele>
            <time>2024-07-24T10:29:49+07:00</time>
        </trkpt>
        <trkpt lat="-2.2834583" lon="101.969023116667">
            <ele>370.13</ele>
            <time>2024-07-24T10:29:51+07:00</time>
        </trkpt>
        <trkpt lat="-2.2835664" lon="101.968896816667">
            <ele>370.349</ele>
            <time>2024-07-24T10:29:53+07:00</time>
        </trkpt>
        <trkpt lat="-2.2836366" lon="101.968771533333">
            <ele>372.94</ele>
            <time>2024-07-24T10:29:55+07:00</time>
        </trkpt>
        <trkpt lat="-2.2836757" lon="101.968691683333">
            <ele>378.641</ele>
            <time>2024-07-24T10:29:57+07:00</time>
        </trkpt>
        <trkpt lat="-2.28375001666667" lon="101.9686433">
            <ele>379.407</ele>
            <time>2024-07-24T10:29:59+07:00</time>
        </trkpt>
        <trkpt lat="-2.2838358" lon="101.968595433333">
            <ele>390.829</ele>
            <time>2024-07-24T10:30:01+07:00</time>
        </trkpt>
        <trkpt lat="-2.28389616666667" lon="101.968551183333">
            <ele>395.127</ele>
            <time>2024-07-24T10:30:03+07:00</time>
        </trkpt>
        <trkpt lat="-2.2839533" lon="101.968514016667">
            <ele>395.718</ele>
            <time>2024-07-24T10:30:05+07:00</time>
        </trkpt>
        <trkpt lat="-2.28398986666667" lon="101.968460283333">
            <ele>394.513</ele>
            <time>2024-07-24T10:30:07+07:00</time>
        </trkpt>
        <trkpt lat="-2.28404425" lon="101.968396616667">
            <ele>388.563</ele>
            <time>2024-07-24T10:30:09+07:00</time>
        </trkpt>
        <trkpt lat="-2.28409171666667" lon="101.968352633333">
            <ele>383.048</ele>
            <time>2024-07-24T10:30:11+07:00</time>
        </trkpt>
        <trkpt lat="-2.28414865" lon="101.968288166667">
            <ele>377.965</ele>
            <time>2024-07-24T10:30:13+07:00</time>
        </trkpt>
        <trkpt lat="-2.28419925" lon="101.96823445">
            <ele>373.16</ele>
            <time>2024-07-24T10:30:15+07:00</time>
        </trkpt>
        <trkpt lat="-2.2842388" lon="101.9681286">
            <ele>369.636</ele>
            <time>2024-07-24T10:30:17+07:00</time>
        </trkpt>
        <trkpt lat="-2.2842963" lon="101.96802945">
            <ele>369.255</ele>
            <time>2024-07-24T10:30:19+07:00</time>
        </trkpt>
        <trkpt lat="-2.28433643333333" lon="101.9679438">
            <ele>370.918</ele>
            <time>2024-07-24T10:30:21+07:00</time>
        </trkpt>
        <trkpt lat="-2.28439468333333" lon="101.967871016667">
            <ele>375.226</ele>
            <time>2024-07-24T10:30:23+07:00</time>
        </trkpt>
        <trkpt lat="-2.284452" lon="101.967837083333">
            <ele>378.426</ele>
            <time>2024-07-24T10:30:25+07:00</time>
        </trkpt>
        <trkpt lat="-2.28450098333333" lon="101.967822083333">
            <ele>380.16</ele>
            <time>2024-07-24T10:30:27+07:00</time>
        </trkpt>
        <trkpt lat="-2.28456653333333" lon="101.96778615">
            <ele>382.989</ele>
            <time>2024-07-24T10:30:29+07:00</time>
        </trkpt>
        <trkpt lat="-2.28462408333333" lon="101.967738233333">
            <ele>384.243</ele>
            <time>2024-07-24T10:30:31+07:00</time>
        </trkpt>
        <trkpt lat="-2.28476035" lon="101.967677">
            <ele>384.745</ele>
            <time>2024-07-24T10:30:33+07:00</time>
        </trkpt>
        <trkpt lat="-2.2848463" lon="101.967675283333">
            <ele>382.805</ele>
            <time>2024-07-24T10:30:35+07:00</time>
        </trkpt>
        <trkpt lat="-2.28493271666667" lon="101.96768415">
            <ele>386.259</ele>
            <time>2024-07-24T10:30:37+07:00</time>
        </trkpt>
        <trkpt lat="-2.28502233333333" lon="101.9677004">
            <ele>380.424</ele>
            <time>2024-07-24T10:30:39+07:00</time>
        </trkpt>
        <trkpt lat="-2.28513111666667" lon="101.967669733333">
            <ele>374.524</ele>
            <time>2024-07-24T10:30:41+07:00</time>
        </trkpt>
        <trkpt lat="-2.28520708333333" lon="101.96760155">
            <ele>371.774</ele>
            <time>2024-07-24T10:30:43+07:00</time>
        </trkpt>
        <trkpt lat="-2.28525461666667" lon="101.96750945">
            <ele>373.502</ele>
            <time>2024-07-24T10:30:45+07:00</time>
        </trkpt>
        <trkpt lat="-2.28526986666667" lon="101.967416216667">
            <ele>373.69</ele>
            <time>2024-07-24T10:30:47+07:00</time>
        </trkpt>
        <trkpt lat="-2.28526696666667" lon="101.9673174">
            <ele>375.251</ele>
            <time>2024-07-24T10:30:49+07:00</time>
        </trkpt>
        <trkpt lat="-2.28529631666667" lon="101.967226083333">
            <ele>371.605</ele>
            <time>2024-07-24T10:30:51+07:00</time>
        </trkpt>
        <trkpt lat="-2.2853179" lon="101.967102616667">
            <ele>370.321</ele>
            <time>2024-07-24T10:30:53+07:00</time>
        </trkpt>
        <trkpt lat="-2.28536535" lon="101.96699795">
            <ele>368.909</ele>
            <time>2024-07-24T10:30:55+07:00</time>
        </trkpt>
        <trkpt lat="-2.28539496666667" lon="101.966913766667">
            <ele>372.97</ele>
            <time>2024-07-24T10:30:57+07:00</time>
        </trkpt>
        <trkpt lat="-2.28538991666667" lon="101.966789483333">
            <ele>367.895</ele>
            <time>2024-07-24T10:30:59+07:00</time>
        </trkpt>
        <trkpt lat="-2.28532901666667" lon="101.96669905">
            <ele>373.732</ele>
            <time>2024-07-24T10:31:01+07:00</time>
        </trkpt>
        <trkpt lat="-2.2851681" lon="101.966609833333">
            <ele>378.511</ele>
            <time>2024-07-24T10:31:03+07:00</time>
        </trkpt>
        <trkpt lat="-2.28506993333333" lon="101.96649295">
            <ele>378.116</ele>
            <time>2024-07-24T10:31:05+07:00</time>
        </trkpt>
        <trkpt lat="-2.28495208333333" lon="101.966432">
            <ele>381.125</ele>
            <time>2024-07-24T10:31:07+07:00</time>
        </trkpt>
        <trkpt lat="-2.28487126666667" lon="101.9663699">
            <ele>382.914</ele>
            <time>2024-07-24T10:31:09+07:00</time>
        </trkpt>
        <trkpt lat="-2.28480391666667" lon="101.96631785">
            <ele>382.08</ele>
            <time>2024-07-24T10:31:11+07:00</time>
        </trkpt>
        <trkpt lat="-2.28471718333333" lon="101.966246933333">
            <ele>382.983</ele>
            <time>2024-07-24T10:31:13+07:00</time>
        </trkpt>
        <trkpt lat="-2.28461523333333" lon="101.966190333333">
            <ele>383.986</ele>
            <time>2024-07-24T10:31:15+07:00</time>
        </trkpt>
        <trkpt lat="-2.28452751666667" lon="101.96613975">
            <ele>388.201</ele>
            <time>2024-07-24T10:31:17+07:00</time>
        </trkpt>
        <trkpt lat="-2.28442943333333" lon="101.966108533333">
            <ele>393.538</ele>
            <time>2024-07-24T10:31:19+07:00</time>
        </trkpt>
        <trkpt lat="-2.28429891666667" lon="101.96606925">
            <ele>401.265</ele>
            <time>2024-07-24T10:31:21+07:00</time>
        </trkpt>
        <trkpt lat="-2.28417968333333" lon="101.96601305">
            <ele>407.463</ele>
            <time>2024-07-24T10:31:23+07:00</time>
        </trkpt>
        <trkpt lat="-2.28412513333333" lon="101.9659497">
            <ele>409.511</ele>
            <time>2024-07-24T10:31:25+07:00</time>
        </trkpt>
        <trkpt lat="-2.28412698333333" lon="101.9658772">
            <ele>408.675</ele>
            <time>2024-07-24T10:31:27+07:00</time>
        </trkpt>
        <trkpt lat="-2.28417493333333" lon="101.965790666667">
            <ele>402.752</ele>
            <time>2024-07-24T10:31:29+07:00</time>
        </trkpt>
        <trkpt lat="-2.28417193333333" lon="101.965733966667">
            <ele>397.808</ele>
            <time>2024-07-24T10:31:31+07:00</time>
        </trkpt>
        <trkpt lat="-2.28417928333333" lon="101.965669216667">
            <ele>392.409</ele>
            <time>2024-07-24T10:31:33+07:00</time>
        </trkpt>
        <trkpt lat="-2.28418613333333" lon="101.9655757">
            <ele>389.57</ele>
            <time>2024-07-24T10:31:35+07:00</time>
        </trkpt>
        <trkpt lat="-2.28418208333333" lon="101.965456266667">
            <ele>385.569</ele>
            <time>2024-07-24T10:31:37+07:00</time>
        </trkpt>
        <trkpt lat="-2.28416995" lon="101.965350233333">
            <ele>378.466</ele>
            <time>2024-07-24T10:31:39+07:00</time>
        </trkpt>
        <trkpt lat="-2.2841121" lon="101.965274066667">
            <ele>378.637</ele>
            <time>2024-07-24T10:31:41+07:00</time>
        </trkpt>
        <trkpt lat="-2.28405806666667" lon="101.9652393">
            <ele>382.897</ele>
            <time>2024-07-24T10:31:43+07:00</time>
        </trkpt>
        <trkpt lat="-2.28400375" lon="101.9652037">
            <ele>383.973</ele>
            <time>2024-07-24T10:31:45+07:00</time>
        </trkpt>
        <trkpt lat="-2.28395273333333" lon="101.965172766667">
            <ele>388.66</ele>
            <time>2024-07-24T10:31:47+07:00</time>
        </trkpt>
        <trkpt lat="-2.28388831666667" lon="101.965153516667">
            <ele>394.453</ele>
            <time>2024-07-24T10:31:49+07:00</time>
        </trkpt>
        <trkpt lat="-2.28382251666667" lon="101.9651377">
            <ele>396.014</ele>
            <time>2024-07-24T10:31:51+07:00</time>
        </trkpt>
        <trkpt lat="-2.28375286666667" lon="101.965069333333">
            <ele>397.706</ele>
            <time>2024-07-24T10:31:53+07:00</time>
        </trkpt>
        <trkpt lat="-2.28373471666667" lon="101.964932383333">
            <ele>396.55</ele>
            <time>2024-07-24T10:31:55+07:00</time>
        </trkpt>
        <trkpt lat="-2.28371408333333" lon="101.964817966667">
            <ele>397.42</ele>
            <time>2024-07-24T10:31:57+07:00</time>
        </trkpt>
        <trkpt lat="-2.2836609" lon="101.964741766667">
            <ele>400.937</ele>
            <time>2024-07-24T10:31:59+07:00</time>
        </trkpt>
        <trkpt lat="-2.28359316666667" lon="101.964681166667">
            <ele>403.907</ele>
            <time>2024-07-24T10:32:01+07:00</time>
        </trkpt>
        <trkpt lat="-2.28356583333333" lon="101.964578866667">
            <ele>402.101</ele>
            <time>2024-07-24T10:32:03+07:00</time>
        </trkpt>
        <trkpt lat="-2.28352091666667" lon="101.964497666667">
            <ele>402.007</ele>
            <time>2024-07-24T10:32:05+07:00</time>
        </trkpt>
        <trkpt lat="-2.28348436666667" lon="101.964426766667">
            <ele>402.302</ele>
            <time>2024-07-24T10:32:07+07:00</time>
        </trkpt>
        <trkpt lat="-2.28342453333333" lon="101.964350233333">
            <ele>405.86</ele>
            <time>2024-07-24T10:32:09+07:00</time>
        </trkpt>
        <trkpt lat="-2.28341323333333" lon="101.9642749">
            <ele>405.872</ele>
            <time>2024-07-24T10:32:11+07:00</time>
        </trkpt>
        <trkpt lat="-2.28340781666667" lon="101.964195316667">
            <ele>402.911</ele>
            <time>2024-07-24T10:32:13+07:00</time>
        </trkpt>
        <trkpt lat="-2.28338388333333" lon="101.964074566667">
            <ele>399.883</ele>
            <time>2024-07-24T10:32:15+07:00</time>
        </trkpt>
        <trkpt lat="-2.28336228333333" lon="101.963990733333">
            <ele>399.867</ele>
            <time>2024-07-24T10:32:17+07:00</time>
        </trkpt>
        <trkpt lat="-2.28340176666667" lon="101.963928083333">
            <ele>400.724</ele>
            <time>2024-07-24T10:32:19+07:00</time>
        </trkpt>
        <trkpt lat="-2.28349148333333" lon="101.96386335">
            <ele>402.218</ele>
            <time>2024-07-24T10:32:21+07:00</time>
        </trkpt>
        <trkpt lat="-2.28360953333333" lon="101.963814516667">
            <ele>407.16</ele>
            <time>2024-07-24T10:32:23+07:00</time>
        </trkpt>
        <trkpt lat="-2.28376273333333" lon="101.963777616667">
            <ele>404.951</ele>
            <time>2024-07-24T10:32:25+07:00</time>
        </trkpt>
        <trkpt lat="-2.28396235" lon="101.96376475">
            <ele>396.845</ele>
            <time>2024-07-24T10:32:27+07:00</time>
        </trkpt>
        <trkpt lat="-2.28411093333333" lon="101.963730616667">
            <ele>393.566</ele>
            <time>2024-07-24T10:32:29+07:00</time>
        </trkpt>
        <trkpt lat="-2.28423203333333" lon="101.963741366667">
            <ele>396.917</ele>
            <time>2024-07-24T10:32:31+07:00</time>
        </trkpt>
        <trkpt lat="-2.2843499" lon="101.963771583333">
            <ele>396.737</ele>
            <time>2024-07-24T10:32:33+07:00</time>
        </trkpt>
        <trkpt lat="-2.28443993333333" lon="101.963789">
            <ele>397.002</ele>
            <time>2024-07-24T10:32:35+07:00</time>
        </trkpt>
        <trkpt lat="-2.2845022" lon="101.963783733333">
            <ele>402.406</ele>
            <time>2024-07-24T10:32:37+07:00</time>
        </trkpt>
        <trkpt lat="-2.28453118333333" lon="101.963697766667">
            <ele>402.099</ele>
            <time>2024-07-24T10:32:39+07:00</time>
        </trkpt>
        <trkpt lat="-2.28456236666667" lon="101.963551016667">
            <ele>402.764</ele>
            <time>2024-07-24T10:32:41+07:00</time>
        </trkpt>
        <trkpt lat="-2.28458935" lon="101.96339435">
            <ele>410.481</ele>
            <time>2024-07-24T10:32:43+07:00</time>
        </trkpt>
        <trkpt lat="-2.2846208" lon="101.963267816667">
            <ele>412.197</ele>
            <time>2024-07-24T10:32:45+07:00</time>
        </trkpt>
        <trkpt lat="-2.28464705" lon="101.963104383333">
            <ele>405.539</ele>
            <time>2024-07-24T10:32:47+07:00</time>
        </trkpt>
        <trkpt lat="-2.28461188333333" lon="101.963004616667">
            <ele>402.868</ele>
            <time>2024-07-24T10:32:49+07:00</time>
        </trkpt>
        <trkpt lat="-2.28457618333333" lon="101.962901933333">
            <ele>400.901</ele>
            <time>2024-07-24T10:32:51+07:00</time>
        </trkpt>
        <trkpt lat="-2.28458611666667" lon="101.9628024">
            <ele>395.201</ele>
            <time>2024-07-24T10:32:53+07:00</time>
        </trkpt>
        <trkpt lat="-2.28475195" lon="101.96280265">
            <ele>389.198</ele>
            <time>2024-07-24T10:32:55+07:00</time>
        </trkpt>
        <trkpt lat="-2.28489155" lon="101.962824633333">
            <ele>384.085</ele>
            <time>2024-07-24T10:32:57+07:00</time>
        </trkpt>
        <trkpt lat="-2.28499575" lon="101.96286775">
            <ele>379.696</ele>
            <time>2024-07-24T10:32:59+07:00</time>
        </trkpt>
        <trkpt lat="-2.28506281666667" lon="101.96293545">
            <ele>393.121</ele>
            <time>2024-07-24T10:33:01+07:00</time>
        </trkpt>
        <trkpt lat="-2.28514111666667" lon="101.96304685">
            <ele>402.722</ele>
            <time>2024-07-24T10:33:03+07:00</time>
        </trkpt>
        <trkpt lat="-2.28524263333333" lon="101.9631445">
            <ele>394.996</ele>
            <time>2024-07-24T10:33:05+07:00</time>
        </trkpt>
        <trkpt lat="-2.28531366666667" lon="101.963218816667">
            <ele>396.533</ele>
            <time>2024-07-24T10:33:07+07:00</time>
        </trkpt>
        <trkpt lat="-2.28541353333333" lon="101.9632523">
            <ele>403.618</ele>
            <time>2024-07-24T10:33:09+07:00</time>
        </trkpt>
        <trkpt lat="-2.28549121666667" lon="101.96323845">
            <ele>406.183</ele>
            <time>2024-07-24T10:33:11+07:00</time>
        </trkpt>
        <trkpt lat="-2.28554443333333" lon="101.963167766667">
            <ele>405.068</ele>
            <time>2024-07-24T10:33:13+07:00</time>
        </trkpt>
        <trkpt lat="-2.28559788333333" lon="101.963075983333">
            <ele>408.449</ele>
            <time>2024-07-24T10:33:15+07:00</time>
        </trkpt>
        <trkpt lat="-2.2856588" lon="101.963000416667">
            <ele>407.139</ele>
            <time>2024-07-24T10:33:17+07:00</time>
        </trkpt>
        <trkpt lat="-2.2857162" lon="101.962896933333">
            <ele>408.283</ele>
            <time>2024-07-24T10:33:19+07:00</time>
        </trkpt>
        <trkpt lat="-2.28573898333333" lon="101.962785666667">
            <ele>414.092</ele>
            <time>2024-07-24T10:33:21+07:00</time>
        </trkpt>
        <trkpt lat="-2.28573218333333" lon="101.962647366667">
            <ele>419.533</ele>
            <time>2024-07-24T10:33:23+07:00</time>
        </trkpt>
        <trkpt lat="-2.28570648333333" lon="101.9624876">
            <ele>422.433</ele>
            <time>2024-07-24T10:33:25+07:00</time>
        </trkpt>
        <trkpt lat="-2.2856832" lon="101.96234475">
            <ele>424.518</ele>
            <time>2024-07-24T10:33:27+07:00</time>
        </trkpt>
        <trkpt lat="-2.28566081666667" lon="101.962209333333">
            <ele>422.839</ele>
            <time>2024-07-24T10:33:29+07:00</time>
        </trkpt>
        <trkpt lat="-2.28565026666667" lon="101.962072383333">
            <ele>420.242</ele>
            <time>2024-07-24T10:33:31+07:00</time>
        </trkpt>
        <trkpt lat="-2.28568475" lon="101.961977">
            <ele>419.409</ele>
            <time>2024-07-24T10:33:33+07:00</time>
        </trkpt>
        <trkpt lat="-2.28573823333333" lon="101.96187305">
            <ele>419.237</ele>
            <time>2024-07-24T10:33:35+07:00</time>
        </trkpt>
        <trkpt lat="-2.28581786666667" lon="101.961788566667">
            <ele>426.605</ele>
            <time>2024-07-24T10:33:37+07:00</time>
        </trkpt>
        <trkpt lat="-2.28594203333333" lon="101.9617098">
            <ele>418.591</ele>
            <time>2024-07-24T10:33:39+07:00</time>
        </trkpt>
        <trkpt lat="-2.28606735" lon="101.961595316667">
            <ele>421.973</ele>
            <time>2024-07-24T10:33:41+07:00</time>
        </trkpt>
        <trkpt lat="-2.28624403333333" lon="101.961467033333">
            <ele>423.703</ele>
            <time>2024-07-24T10:33:43+07:00</time>
        </trkpt>
        <trkpt lat="-2.2864509" lon="101.961360366667">
            <ele>426.505</ele>
            <time>2024-07-24T10:33:45+07:00</time>
        </trkpt>
        <trkpt lat="-2.2865876" lon="101.961244033333">
            <ele>422.086</ele>
            <time>2024-07-24T10:33:47+07:00</time>
        </trkpt>
        <trkpt lat="-2.28673978333333" lon="101.961098083333">
            <ele>415.218</ele>
            <time>2024-07-24T10:33:49+07:00</time>
        </trkpt>
        <trkpt lat="-2.28688805" lon="101.960935133333">
            <ele>411.146</ele>
            <time>2024-07-24T10:33:51+07:00</time>
        </trkpt>
        <trkpt lat="-2.28700711666667" lon="101.960821866667">
            <ele>410.17</ele>
            <time>2024-07-24T10:33:53+07:00</time>
        </trkpt>
        <trkpt lat="-2.2871607" lon="101.960781783333">
            <ele>415.586</ele>
            <time>2024-07-24T10:33:55+07:00</time>
        </trkpt>
        <trkpt lat="-2.28731775" lon="101.96080005">
            <ele>420.037</ele>
            <time>2024-07-24T10:33:57+07:00</time>
        </trkpt>
        <trkpt lat="-2.28744643333333" lon="101.960786066667">
            <ele>418.493</ele>
            <time>2024-07-24T10:33:59+07:00</time>
        </trkpt>
        <trkpt lat="-2.28751643333333" lon="101.960758733333">
            <ele>420.158</ele>
            <time>2024-07-24T10:34:01+07:00</time>
        </trkpt>
        <trkpt lat="-2.28757076666667" lon="101.96074785">
            <ele>420.223</ele>
            <time>2024-07-24T10:34:03+07:00</time>
        </trkpt>
        <trkpt lat="-2.2876147" lon="101.9606889">
            <ele>410.189</ele>
            <time>2024-07-24T10:34:05+07:00</time>
        </trkpt>
        <trkpt lat="-2.2876524" lon="101.960615666667">
            <ele>403.843</ele>
            <time>2024-07-24T10:34:07+07:00</time>
        </trkpt>
        <trkpt lat="-2.28769503333333" lon="101.960527266667">
            <ele>401.125</ele>
            <time>2024-07-24T10:34:09+07:00</time>
        </trkpt>
        <trkpt lat="-2.28774815" lon="101.9604483">
            <ele>396.489</ele>
            <time>2024-07-24T10:34:11+07:00</time>
        </trkpt>
        <trkpt lat="-2.28778523333333" lon="101.9603635">
            <ele>392.862</ele>
            <time>2024-07-24T10:34:13+07:00</time>
        </trkpt>
        <trkpt lat="-2.2878077" lon="101.960249866667">
            <ele>391.966</ele>
            <time>2024-07-24T10:34:15+07:00</time>
        </trkpt>
        <trkpt lat="-2.2878265" lon="101.96013015">
            <ele>387.814</ele>
            <time>2024-07-24T10:34:17+07:00</time>
        </trkpt>
        <trkpt lat="-2.2878377" lon="101.960023516667">
            <ele>388.119</ele>
            <time>2024-07-24T10:34:19+07:00</time>
        </trkpt>
        <trkpt lat="-2.28785103333333" lon="101.9599598">
            <ele>388.149</ele>
            <time>2024-07-24T10:34:21+07:00</time>
        </trkpt>
        <trkpt lat="-2.28792573333333" lon="101.959901766667">
            <ele>384.393</ele>
            <time>2024-07-24T10:34:23+07:00</time>
        </trkpt>
        <trkpt lat="-2.28799755" lon="101.9598457">
            <ele>388.547</ele>
            <time>2024-07-24T10:34:25+07:00</time>
        </trkpt>
        <trkpt lat="-2.28807458333333" lon="101.9597696">
            <ele>398.952</ele>
            <time>2024-07-24T10:34:27+07:00</time>
        </trkpt>
        <trkpt lat="-2.28818085" lon="101.959718616667">
            <ele>404.837</ele>
            <time>2024-07-24T10:34:29+07:00</time>
        </trkpt>
        <trkpt lat="-2.28831553333333" lon="101.959673483333">
            <ele>402.031</ele>
            <time>2024-07-24T10:34:31+07:00</time>
        </trkpt>
        <trkpt lat="-2.28842751666667" lon="101.959590866667">
            <ele>403.982</ele>
            <time>2024-07-24T10:34:33+07:00</time>
        </trkpt>
        <trkpt lat="-2.28851973333333" lon="101.9595002">
            <ele>404.691</ele>
            <time>2024-07-24T10:34:35+07:00</time>
        </trkpt>
        <trkpt lat="-2.28854115" lon="101.959420683333">
            <ele>415.829</ele>
            <time>2024-07-24T10:34:37+07:00</time>
        </trkpt>
        <trkpt lat="-2.2886622" lon="101.959334983333">
            <ele>421.302</ele>
            <time>2024-07-24T10:34:39+07:00</time>
        </trkpt>
        <trkpt lat="-2.28881408333333" lon="101.959288983333">
            <ele>417.898</ele>
            <time>2024-07-24T10:34:41+07:00</time>
        </trkpt>
        <trkpt lat="-2.2889579" lon="101.959208016667">
            <ele>410.064</ele>
            <time>2024-07-24T10:34:43+07:00</time>
        </trkpt>
        <trkpt lat="-2.28908666666667" lon="101.95911195">
            <ele>412.838</ele>
            <time>2024-07-24T10:34:45+07:00</time>
        </trkpt>
        <trkpt lat="-2.28920038333333" lon="101.959027183333">
            <ele>414.331</ele>
            <time>2024-07-24T10:34:47+07:00</time>
        </trkpt>
        <trkpt lat="-2.28931105" lon="101.958964183333">
            <ele>419.098</ele>
            <time>2024-07-24T10:34:49+07:00</time>
        </trkpt>
        <trkpt lat="-2.28944121666667" lon="101.9589103">
            <ele>416.628</ele>
            <time>2024-07-24T10:34:51+07:00</time>
        </trkpt>
        <trkpt lat="-2.28960816666667" lon="101.958858">
            <ele>409.733</ele>
            <time>2024-07-24T10:34:53+07:00</time>
        </trkpt>
        <trkpt lat="-2.28976198333333" lon="101.958874633333">
            <ele>407.339</ele>
            <time>2024-07-24T10:34:55+07:00</time>
        </trkpt>
        <trkpt lat="-2.28991261666667" lon="101.95887215">
            <ele>406.428</ele>
            <time>2024-07-24T10:34:57+07:00</time>
        </trkpt>
        <trkpt lat="-2.2900343" lon="101.958856366667">
            <ele>404.242</ele>
            <time>2024-07-24T10:34:59+07:00</time>
        </trkpt>
        <trkpt lat="-2.29013558333333" lon="101.95884125">
            <ele>409.919</ele>
            <time>2024-07-24T10:35:01+07:00</time>
        </trkpt>
        <trkpt lat="-2.29026151666667" lon="101.958873466667">
            <ele>410.721</ele>
            <time>2024-07-24T10:35:03+07:00</time>
        </trkpt>
        <trkpt lat="-2.29037298333333" lon="101.958913483333">
            <ele>410.948</ele>
            <time>2024-07-24T10:35:05+07:00</time>
        </trkpt>
        <trkpt lat="-2.29047485" lon="101.95891845">
            <ele>408.96</ele>
            <time>2024-07-24T10:35:07+07:00</time>
        </trkpt>
        <trkpt lat="-2.29057991666667" lon="101.958877083333">
            <ele>409.301</ele>
            <time>2024-07-24T10:35:09+07:00</time>
        </trkpt>
        <trkpt lat="-2.29072963333333" lon="101.958820116667">
            <ele>410.279</ele>
            <time>2024-07-24T10:35:11+07:00</time>
        </trkpt>
        <trkpt lat="-2.29089326666667" lon="101.958762483333">
            <ele>414.664</ele>
            <time>2024-07-24T10:35:13+07:00</time>
        </trkpt>
        <trkpt lat="-2.29105046666667" lon="101.958756233333">
            <ele>414.297</ele>
            <time>2024-07-24T10:35:15+07:00</time>
        </trkpt>
        <trkpt lat="-2.29119246666667" lon="101.95877235">
            <ele>411.586</ele>
            <time>2024-07-24T10:35:17+07:00</time>
        </trkpt>
        <trkpt lat="-2.29130936666667" lon="101.9587674">
            <ele>415.479</ele>
            <time>2024-07-24T10:35:19+07:00</time>
        </trkpt>
        <trkpt lat="-2.29142176666667" lon="101.9587146">
            <ele>415.175</ele>
            <time>2024-07-24T10:35:21+07:00</time>
        </trkpt>
        <trkpt lat="-2.29153841666667" lon="101.958657266667">
            <ele>414.045</ele>
            <time>2024-07-24T10:35:23+07:00</time>
        </trkpt>
        <trkpt lat="-2.29173516666667" lon="101.958650283333">
            <ele>408.378</ele>
            <time>2024-07-24T10:35:25+07:00</time>
        </trkpt>
        <trkpt lat="-2.29191231666667" lon="101.958634283333">
            <ele>408.62</ele>
            <time>2024-07-24T10:35:27+07:00</time>
        </trkpt>
        <trkpt lat="-2.29203998333333" lon="101.95860525">
            <ele>406.775</ele>
            <time>2024-07-24T10:35:29+07:00</time>
        </trkpt>
        <trkpt lat="-2.29212378333333" lon="101.958535716667">
            <ele>407.974</ele>
            <time>2024-07-24T10:35:31+07:00</time>
        </trkpt>
        <trkpt lat="-2.29221065" lon="101.958484866667">
            <ele>411.54</ele>
            <time>2024-07-24T10:35:33+07:00</time>
        </trkpt>
        <trkpt lat="-2.29229858333333" lon="101.958437333333">
            <ele>412.222</ele>
            <time>2024-07-24T10:35:35+07:00</time>
        </trkpt>
        <trkpt lat="-2.29239245" lon="101.95839125">
            <ele>410.612</ele>
            <time>2024-07-24T10:35:37+07:00</time>
        </trkpt>
        <trkpt lat="-2.2924788" lon="101.95839325">
            <ele>413.478</ele>
            <time>2024-07-24T10:35:39+07:00</time>
        </trkpt>
        <trkpt lat="-2.29259233333333" lon="101.958414416667">
            <ele>414.208</ele>
            <time>2024-07-24T10:35:41+07:00</time>
        </trkpt>
        <trkpt lat="-2.29273736666667" lon="101.9584286">
            <ele>412.189</ele>
            <time>2024-07-24T10:35:43+07:00</time>
        </trkpt>
        <trkpt lat="-2.29282435" lon="101.958446966667">
            <ele>414.016</ele>
            <time>2024-07-24T10:35:45+07:00</time>
        </trkpt>
        <trkpt lat="-2.29294361666667" lon="101.958526966667">
            <ele>413.307</ele>
            <time>2024-07-24T10:35:47+07:00</time>
        </trkpt>
        <trkpt lat="-2.29308408333333" lon="101.958635583333">
            <ele>414.791</ele>
            <time>2024-07-24T10:35:49+07:00</time>
        </trkpt>
        <trkpt lat="-2.29317643333333" lon="101.958699483333">
            <ele>416.935</ele>
            <time>2024-07-24T10:35:51+07:00</time>
        </trkpt>
        <trkpt lat="-2.29326465" lon="101.95874735">
            <ele>415.254</ele>
            <time>2024-07-24T10:35:53+07:00</time>
        </trkpt>
        <trkpt lat="-2.29335663333333" lon="101.9587497">
            <ele>415.63</ele>
            <time>2024-07-24T10:35:55+07:00</time>
        </trkpt>
        <trkpt lat="-2.2934294" lon="101.95867005">
            <ele>417.681</ele>
            <time>2024-07-24T10:35:57+07:00</time>
        </trkpt>
        <trkpt lat="-2.29352355" lon="101.958558416667">
            <ele>415.978</ele>
            <time>2024-07-24T10:35:59+07:00</time>
        </trkpt>
        <trkpt lat="-2.29361588333333" lon="101.95845585">
            <ele>412.692</ele>
            <time>2024-07-24T10:36:01+07:00</time>
        </trkpt>
        <trkpt lat="-2.29371613333333" lon="101.958389883333">
            <ele>414.624</ele>
            <time>2024-07-24T10:36:03+07:00</time>
        </trkpt>
        <trkpt lat="-2.29377445" lon="101.958330733333">
            <ele>415.927</ele>
            <time>2024-07-24T10:36:05+07:00</time>
        </trkpt>
        <trkpt lat="-2.29384983333333" lon="101.958268083333">
            <ele>415.215</ele>
            <time>2024-07-24T10:36:07+07:00</time>
        </trkpt>
        <trkpt lat="-2.29394091666667" lon="101.958198433333">
            <ele>417.296</ele>
            <time>2024-07-24T10:36:09+07:00</time>
        </trkpt>
        <trkpt lat="-2.29402816666667" lon="101.958138133333">
            <ele>418.883</ele>
            <time>2024-07-24T10:36:11+07:00</time>
        </trkpt>
        <trkpt lat="-2.2941038" lon="101.958096166667">
            <ele>421.118</ele>
            <time>2024-07-24T10:36:13+07:00</time>
        </trkpt>
        <trkpt lat="-2.2941823" lon="101.9580334">
            <ele>423.52</ele>
            <time>2024-07-24T10:36:15+07:00</time>
        </trkpt>
        <trkpt lat="-2.29423408333333" lon="101.957921333333">
            <ele>426.248</ele>
            <time>2024-07-24T10:36:17+07:00</time>
        </trkpt>
        <trkpt lat="-2.29425965" lon="101.957793583333">
            <ele>428.085</ele>
            <time>2024-07-24T10:36:19+07:00</time>
        </trkpt>
        <trkpt lat="-2.29430261666667" lon="101.95769815">
            <ele>426.824</ele>
            <time>2024-07-24T10:36:21+07:00</time>
        </trkpt>
        <trkpt lat="-2.29438538333333" lon="101.957617433333">
            <ele>431.406</ele>
            <time>2024-07-24T10:36:23+07:00</time>
        </trkpt>
        <trkpt lat="-2.2944739" lon="101.95755965">
            <ele>431.596</ele>
            <time>2024-07-24T10:36:25+07:00</time>
        </trkpt>
        <trkpt lat="-2.29456966666667" lon="101.957514833333">
            <ele>433.722</ele>
            <time>2024-07-24T10:36:27+07:00</time>
        </trkpt>
        <trkpt lat="-2.29464621666667" lon="101.9574664">
            <ele>433.473</ele>
            <time>2024-07-24T10:36:29+07:00</time>
        </trkpt>
        <trkpt lat="-2.294735" lon="101.9574429">
            <ele>430.947</ele>
            <time>2024-07-24T10:36:31+07:00</time>
        </trkpt>
        <trkpt lat="-2.29484983333333" lon="101.957419716667">
            <ele>427.317</ele>
            <time>2024-07-24T10:36:33+07:00</time>
        </trkpt>
        <trkpt lat="-2.29495451666667" lon="101.95740005">
            <ele>426.984</ele>
            <time>2024-07-24T10:36:35+07:00</time>
        </trkpt>
        <trkpt lat="-2.29507108333333" lon="101.957367516667">
            <ele>425.956</ele>
            <time>2024-07-24T10:36:37+07:00</time>
        </trkpt>
        <trkpt lat="-2.29521368333333" lon="101.957355716667">
            <ele>423.696</ele>
            <time>2024-07-24T10:36:39+07:00</time>
        </trkpt>
        <trkpt lat="-2.29534053333333" lon="101.957350016667">
            <ele>422.823</ele>
            <time>2024-07-24T10:36:41+07:00</time>
        </trkpt>
        <trkpt lat="-2.2954816" lon="101.957336916667">
            <ele>425.207</ele>
            <time>2024-07-24T10:36:43+07:00</time>
        </trkpt>
        <trkpt lat="-2.29560985" lon="101.957293183333">
            <ele>425.761</ele>
            <time>2024-07-24T10:36:45+07:00</time>
        </trkpt>
        <trkpt lat="-2.29573121666667" lon="101.95720155">
            <ele>428.64</ele>
            <time>2024-07-24T10:36:47+07:00</time>
        </trkpt>
        <trkpt lat="-2.29583018333333" lon="101.957107983333">
            <ele>438.046</ele>
            <time>2024-07-24T10:36:49+07:00</time>
        </trkpt>
        <trkpt lat="-2.29591303333333" lon="101.9570136">
            <ele>444.084</ele>
            <time>2024-07-24T10:36:51+07:00</time>
        </trkpt>
        <trkpt lat="-2.29604205" lon="101.9569534">
            <ele>438.699</ele>
            <time>2024-07-24T10:36:53+07:00</time>
        </trkpt>
        <trkpt lat="-2.29619111666667" lon="101.9569108">
            <ele>437.464</ele>
            <time>2024-07-24T10:36:55+07:00</time>
        </trkpt>
        <trkpt lat="-2.29630081666667" lon="101.9568722">
            <ele>435.147</ele>
            <time>2024-07-24T10:36:57+07:00</time>
        </trkpt>
        <trkpt lat="-2.29640868333333" lon="101.956854033333">
            <ele>432.028</ele>
            <time>2024-07-24T10:36:59+07:00</time>
        </trkpt>
        <trkpt lat="-2.29650105" lon="101.956827883333">
            <ele>432.035</ele>
            <time>2024-07-24T10:37:01+07:00</time>
        </trkpt>
        <trkpt lat="-2.29658278333333" lon="101.956781683333">
            <ele>431.456</ele>
            <time>2024-07-24T10:37:03+07:00</time>
        </trkpt>
        <trkpt lat="-2.2966905" lon="101.9567197">
            <ele>429.319</ele>
            <time>2024-07-24T10:37:05+07:00</time>
        </trkpt>
        <trkpt lat="-2.29678775" lon="101.95666305">
            <ele>428.299</ele>
            <time>2024-07-24T10:37:07+07:00</time>
        </trkpt>
        <trkpt lat="-2.29687761666667" lon="101.9565809">
            <ele>429.142</ele>
            <time>2024-07-24T10:37:09+07:00</time>
        </trkpt>
        <trkpt lat="-2.29695681666667" lon="101.9564653">
            <ele>426.647</ele>
            <time>2024-07-24T10:37:11+07:00</time>
        </trkpt>
        <trkpt lat="-2.2970415" lon="101.956346816667">
            <ele>427.42</ele>
            <time>2024-07-24T10:37:13+07:00</time>
        </trkpt>
        <trkpt lat="-2.29714258333333" lon="101.956237983333">
            <ele>431.617</ele>
            <time>2024-07-24T10:37:15+07:00</time>
        </trkpt>
        <trkpt lat="-2.29727415" lon="101.956159866667">
            <ele>428.412</ele>
            <time>2024-07-24T10:37:17+07:00</time>
        </trkpt>
        <trkpt lat="-2.2973936" lon="101.95611075">
            <ele>428.059</ele>
            <time>2024-07-24T10:37:19+07:00</time>
        </trkpt>
        <trkpt lat="-2.29751673333333" lon="101.95605985">
            <ele>428.232</ele>
            <time>2024-07-24T10:37:21+07:00</time>
        </trkpt>
        <trkpt lat="-2.29765123333333" lon="101.956011716667">
            <ele>431.418</ele>
            <time>2024-07-24T10:37:23+07:00</time>
        </trkpt>
        <trkpt lat="-2.2977743" lon="101.955941366667">
            <ele>435.801</ele>
            <time>2024-07-24T10:37:25+07:00</time>
        </trkpt>
        <trkpt lat="-2.29791208333333" lon="101.955849233333">
            <ele>441.566</ele>
            <time>2024-07-24T10:37:27+07:00</time>
        </trkpt>
        <trkpt lat="-2.29806515" lon="101.95575705">
            <ele>441.224</ele>
            <time>2024-07-24T10:37:29+07:00</time>
        </trkpt>
        <trkpt lat="-2.29819658333333" lon="101.955737116667">
            <ele>441.479</ele>
            <time>2024-07-24T10:37:31+07:00</time>
        </trkpt>
        <trkpt lat="-2.29829383333333" lon="101.955713016667">
            <ele>442.553</ele>
            <time>2024-07-24T10:37:33+07:00</time>
        </trkpt>
        <trkpt lat="-2.29839661666667" lon="101.95568735">
            <ele>441.882</ele>
            <time>2024-07-24T10:37:35+07:00</time>
        </trkpt>
        <trkpt lat="-2.29854283333333" lon="101.955658483333">
            <ele>437.461</ele>
            <time>2024-07-24T10:37:37+07:00</time>
        </trkpt>
        <trkpt lat="-2.29868075" lon="101.955595933333">
            <ele>431.605</ele>
            <time>2024-07-24T10:37:39+07:00</time>
        </trkpt>
        <trkpt lat="-2.29884413333333" lon="101.955479566667">
            <ele>428.958</ele>
            <time>2024-07-24T10:37:41+07:00</time>
        </trkpt>
        <trkpt lat="-2.29897531666667" lon="101.95537165">
            <ele>426.04</ele>
            <time>2024-07-24T10:37:43+07:00</time>
        </trkpt>
        <trkpt lat="-2.29906941666667" lon="101.95532745">
            <ele>421.938</ele>
            <time>2024-07-24T10:37:45+07:00</time>
        </trkpt>
        <trkpt lat="-2.29913543333333" lon="101.955280433333">
            <ele>419.467</ele>
            <time>2024-07-24T10:37:47+07:00</time>
        </trkpt>
        <trkpt lat="-2.29923198333333" lon="101.955230783333">
            <ele>413.119</ele>
            <time>2024-07-24T10:37:49+07:00</time>
        </trkpt>
        <trkpt lat="-2.29931118333333" lon="101.9551674">
            <ele>414.077</ele>
            <time>2024-07-24T10:37:51+07:00</time>
        </trkpt>
        <trkpt lat="-2.29938735" lon="101.955130633333">
            <ele>416.158</ele>
            <time>2024-07-24T10:37:53+07:00</time>
        </trkpt>
        <trkpt lat="-2.29944936666667" lon="101.955099416667">
            <ele>419.849</ele>
            <time>2024-07-24T10:37:55+07:00</time>
        </trkpt>
        <trkpt lat="-2.2995247" lon="101.955066233333">
            <ele>418.664</ele>
            <time>2024-07-24T10:37:57+07:00</time>
        </trkpt>
        <trkpt lat="-2.29958296666667" lon="101.955011616667">
            <ele>420.505</ele>
            <time>2024-07-24T10:37:59+07:00</time>
        </trkpt>
        <trkpt lat="-2.29964268333333" lon="101.9549508">
            <ele>416.616</ele>
            <time>2024-07-24T10:38:01+07:00</time>
        </trkpt>
        <trkpt lat="-2.29970288333333" lon="101.954882683333">
            <ele>411.905</ele>
            <time>2024-07-24T10:38:03+07:00</time>
        </trkpt>
        <trkpt lat="-2.29974785" lon="101.9548269">
            <ele>412.432</ele>
            <time>2024-07-24T10:38:05+07:00</time>
        </trkpt>
        <trkpt lat="-2.2997806" lon="101.954757433333">
            <ele>421.217</ele>
            <time>2024-07-24T10:38:07+07:00</time>
        </trkpt>
        <trkpt lat="-2.29982603333333" lon="101.954687133333">
            <ele>424.295</ele>
            <time>2024-07-24T10:38:09+07:00</time>
        </trkpt>
        <trkpt lat="-2.29985483333333" lon="101.954625433333">
            <ele>423.987</ele>
            <time>2024-07-24T10:38:11+07:00</time>
        </trkpt>
        <trkpt lat="-2.29987021666667" lon="101.95454765">
            <ele>424.545</ele>
            <time>2024-07-24T10:38:13+07:00</time>
        </trkpt>
        <trkpt lat="-2.29987875" lon="101.9545226">
            <ele>423.386</ele>
            <time>2024-07-24T10:38:15+07:00</time>
        </trkpt>
        <trkpt lat="-2.29989393333333" lon="101.954489716667">
            <ele>423.386</ele>
            <time>2024-07-24T10:38:17+07:00</time>
        </trkpt>
        <trkpt lat="-2.29990806666667" lon="101.954445966667">
            <ele>421.129</ele>
            <time>2024-07-24T10:38:19+07:00</time>
        </trkpt>
        <trkpt lat="-2.29991578333333" lon="101.954397283333">
            <ele>417.492</ele>
            <time>2024-07-24T10:38:21+07:00</time>
        </trkpt>
        <trkpt lat="-2.29992015" lon="101.954337866667">
            <ele>415.57</ele>
            <time>2024-07-24T10:38:23+07:00</time>
        </trkpt>
        <trkpt lat="-2.29992526666667" lon="101.954272">
            <ele>409.757</ele>
            <time>2024-07-24T10:38:25+07:00</time>
        </trkpt>
        <trkpt lat="-2.29994118333333" lon="101.95418125">
            <ele>407.308</ele>
            <time>2024-07-24T10:38:27+07:00</time>
        </trkpt>
        <trkpt lat="-2.29998975" lon="101.95408785">
            <ele>400.877</ele>
            <time>2024-07-24T10:38:29+07:00</time>
        </trkpt>
        <trkpt lat="-2.30006343333333" lon="101.953977216667">
            <ele>395.137</ele>
            <time>2024-07-24T10:38:31+07:00</time>
        </trkpt>
        <trkpt lat="-2.30011501666667" lon="101.953857783333">
            <ele>389.355</ele>
            <time>2024-07-24T10:38:33+07:00</time>
        </trkpt>
        <trkpt lat="-2.30011358333333" lon="101.953716733333">
            <ele>396.653</ele>
            <time>2024-07-24T10:38:35+07:00</time>
        </trkpt>
        <trkpt lat="-2.30013593333333" lon="101.953574916667">
            <ele>393.997</ele>
            <time>2024-07-24T10:38:37+07:00</time>
        </trkpt>
        <trkpt lat="-2.30009796666667" lon="101.953451533333">
            <ele>404.536</ele>
            <time>2024-07-24T10:38:39+07:00</time>
        </trkpt>
        <trkpt lat="-2.3000736" lon="101.953377416667">
            <ele>413.828</ele>
            <time>2024-07-24T10:38:41+07:00</time>
        </trkpt>
        <trkpt lat="-2.30002365" lon="101.953336083333">
            <ele>418.3</ele>
            <time>2024-07-24T10:38:43+07:00</time>
        </trkpt>
        <trkpt lat="-2.29993101666667" lon="101.9533068">
            <ele>420.633</ele>
            <time>2024-07-24T10:38:45+07:00</time>
        </trkpt>
        <trkpt lat="-2.29989831666667" lon="101.953271066667">
            <ele>424.279</ele>
            <time>2024-07-24T10:38:47+07:00</time>
        </trkpt>
        <trkpt lat="-2.29984833333333" lon="101.95320795">
            <ele>426.971</ele>
            <time>2024-07-24T10:38:49+07:00</time>
        </trkpt>
        <trkpt lat="-2.29984258333333" lon="101.9531592">
            <ele>428.539</ele>
            <time>2024-07-24T10:38:51+07:00</time>
        </trkpt>
        <trkpt lat="-2.29989016666667" lon="101.953096183333">
            <ele>429.928</ele>
            <time>2024-07-24T10:38:53+07:00</time>
        </trkpt>
        <trkpt lat="-2.2999251" lon="101.953049516667">
            <ele>430.813</ele>
            <time>2024-07-24T10:38:55+07:00</time>
        </trkpt>
        <trkpt lat="-2.29993746666667" lon="101.953033766667">
            <ele>430.813</ele>
            <time>2024-07-24T10:39:05+07:00</time>
        </trkpt>
        <trkpt lat="-2.29979533333333" lon="101.952992483333">
            <ele>456.274</ele>
            <time>2024-07-24T10:51:14+07:00</time>
        </trkpt>
        <trkpt lat="-2.29982161666667" lon="101.952968616667">
            <ele>459.185</ele>
            <time>2024-07-24T10:51:18+07:00</time>
        </trkpt>
        <trkpt lat="-2.29990428333333" lon="101.9529294">
            <ele>452.463</ele>
            <time>2024-07-24T10:51:20+07:00</time>
        </trkpt>
        <trkpt lat="-2.30005008333333" lon="101.952867783333">
            <ele>438.266</ele>
            <time>2024-07-24T10:51:22+07:00</time>
        </trkpt>
        <trkpt lat="-2.3001274" lon="101.95274155">
            <ele>451.792</ele>
            <time>2024-07-24T10:51:24+07:00</time>
        </trkpt>
        <trkpt lat="-2.30020773333333" lon="101.952610583333">
            <ele>457.766</ele>
            <time>2024-07-24T10:51:26+07:00</time>
        </trkpt>
        <trkpt lat="-2.30025276666667" lon="101.952490316667">
            <ele>463.6</ele>
            <time>2024-07-24T10:51:28+07:00</time>
        </trkpt>
        <trkpt lat="-2.30027408333333" lon="101.95233985">
            <ele>469.832</ele>
            <time>2024-07-24T10:51:30+07:00</time>
        </trkpt>
        <trkpt lat="-2.30034476666667" lon="101.952238483333">
            <ele>466.538</ele>
            <time>2024-07-24T10:51:32+07:00</time>
        </trkpt>
        <trkpt lat="-2.30041398333333" lon="101.952149083333">
            <ele>467.651</ele>
            <time>2024-07-24T10:51:34+07:00</time>
        </trkpt>
        <trkpt lat="-2.30049093333333" lon="101.95202825">
            <ele>468.515</ele>
            <time>2024-07-24T10:51:36+07:00</time>
        </trkpt>
        <trkpt lat="-2.3005956" lon="101.95191675">
            <ele>465.241</ele>
            <time>2024-07-24T10:51:38+07:00</time>
        </trkpt>
        <trkpt lat="-2.30066423333333" lon="101.951816516667">
            <ele>466.291</ele>
            <time>2024-07-24T10:51:40+07:00</time>
        </trkpt>
        <trkpt lat="-2.30069153333333" lon="101.95172745">
            <ele>468.037</ele>
            <time>2024-07-24T10:51:42+07:00</time>
        </trkpt>
        <trkpt lat="-2.30072821666667" lon="101.951617283333">
            <ele>470.538</ele>
            <time>2024-07-24T10:51:44+07:00</time>
        </trkpt>
        <trkpt lat="-2.3007838" lon="101.9514905">
            <ele>469.19</ele>
            <time>2024-07-24T10:51:46+07:00</time>
        </trkpt>
        <trkpt lat="-2.30084841666667" lon="101.951368583333">
            <ele>465.828</ele>
            <time>2024-07-24T10:51:48+07:00</time>
        </trkpt>
        <trkpt lat="-2.30090091666667" lon="101.951269266667">
            <ele>463.831</ele>
            <time>2024-07-24T10:51:50+07:00</time>
        </trkpt>
        <trkpt lat="-2.30095575" lon="101.95120785">
            <ele>456.149</ele>
            <time>2024-07-24T10:51:52+07:00</time>
        </trkpt>
        <trkpt lat="-2.3010326" lon="101.9511802">
            <ele>450.328</ele>
            <time>2024-07-24T10:51:54+07:00</time>
        </trkpt>
        <trkpt lat="-2.30107555" lon="101.951174483333">
            <ele>445.924</ele>
            <time>2024-07-24T10:51:56+07:00</time>
        </trkpt>
        <trkpt lat="-2.30110771666667" lon="101.951151216667">
            <ele>445.924</ele>
            <time>2024-07-24T10:51:58+07:00</time>
        </trkpt>
        <trkpt lat="-2.30115115" lon="101.95112335">
            <ele>447.364</ele>
            <time>2024-07-24T10:52:00+07:00</time>
        </trkpt>
        <trkpt lat="-2.30119418333333" lon="101.9510882">
            <ele>446.367</ele>
            <time>2024-07-24T10:52:02+07:00</time>
        </trkpt>
        <trkpt lat="-2.30124513333333" lon="101.95104485">
            <ele>443.113</ele>
            <time>2024-07-24T10:52:04+07:00</time>
        </trkpt>
        <trkpt lat="-2.30131893333333" lon="101.950984333333">
            <ele>433.64</ele>
            <time>2024-07-24T10:52:06+07:00</time>
        </trkpt>
        <trkpt lat="-2.30137806666667" lon="101.950922333333">
            <ele>420.917</ele>
            <time>2024-07-24T10:52:08+07:00</time>
        </trkpt>
        <trkpt lat="-2.30139796666667" lon="101.950820983333">
            <ele>415.098</ele>
            <time>2024-07-24T10:52:10+07:00</time>
        </trkpt>
        <trkpt lat="-2.30140018333333" lon="101.95070335">
            <ele>413.327</ele>
            <time>2024-07-24T10:52:12+07:00</time>
        </trkpt>
        <trkpt lat="-2.30138361666667" lon="101.950580783333">
            <ele>417.192</ele>
            <time>2024-07-24T10:52:14+07:00</time>
        </trkpt>
        <trkpt lat="-2.30134865" lon="101.95043675">
            <ele>422.769</ele>
            <time>2024-07-24T10:52:16+07:00</time>
        </trkpt>
        <trkpt lat="-2.3012677" lon="101.95029175">
            <ele>439.778</ele>
            <time>2024-07-24T10:52:18+07:00</time>
        </trkpt>
        <trkpt lat="-2.30117365" lon="101.950139533333">
            <ele>456.353</ele>
            <time>2024-07-24T10:52:20+07:00</time>
        </trkpt>
        <trkpt lat="-2.30113856666667" lon="101.95003245">
            <ele>461.284</ele>
            <time>2024-07-24T10:52:22+07:00</time>
        </trkpt>
        <trkpt lat="-2.30111363333333" lon="101.949936016667">
            <ele>461.244</ele>
            <time>2024-07-24T10:52:24+07:00</time>
        </trkpt>
        <trkpt lat="-2.30110098333333" lon="101.949802983333">
            <ele>462.133</ele>
            <time>2024-07-24T10:52:26+07:00</time>
        </trkpt>
        <trkpt lat="-2.30111476666667" lon="101.94965485">
            <ele>456.081</ele>
            <time>2024-07-24T10:52:28+07:00</time>
        </trkpt>
        <trkpt lat="-2.30111955" lon="101.949512016667">
            <ele>452.108</ele>
            <time>2024-07-24T10:52:30+07:00</time>
        </trkpt>
        <trkpt lat="-2.301155" lon="101.9493815">
            <ele>444.747</ele>
            <time>2024-07-24T10:52:32+07:00</time>
        </trkpt>
        <trkpt lat="-2.30116146666667" lon="101.949243333333">
            <ele>442.438</ele>
            <time>2024-07-24T10:52:34+07:00</time>
        </trkpt>
        <trkpt lat="-2.30119471666667" lon="101.949111866667">
            <ele>442.183</ele>
            <time>2024-07-24T10:52:36+07:00</time>
        </trkpt>
        <trkpt lat="-2.30123783333333" lon="101.948996166667">
            <ele>442.9</ele>
            <time>2024-07-24T10:52:38+07:00</time>
        </trkpt>
        <trkpt lat="-2.3012518" lon="101.948896483333">
            <ele>445.095</ele>
            <time>2024-07-24T10:52:40+07:00</time>
        </trkpt>
        <trkpt lat="-2.30126298333333" lon="101.948802066667">
            <ele>446.236</ele>
            <time>2024-07-24T10:52:42+07:00</time>
        </trkpt>
        <trkpt lat="-2.30126525" lon="101.948703116667">
            <ele>449.6</ele>
            <time>2024-07-24T10:52:44+07:00</time>
        </trkpt>
        <trkpt lat="-2.30126493333333" lon="101.948593066667">
            <ele>449.854</ele>
            <time>2024-07-24T10:52:46+07:00</time>
        </trkpt>
        <trkpt lat="-2.30124475" lon="101.948439433333">
            <ele>452.303</ele>
            <time>2024-07-24T10:52:48+07:00</time>
        </trkpt>
        <trkpt lat="-2.30119718333333" lon="101.948281566667">
            <ele>451.766</ele>
            <time>2024-07-24T10:52:50+07:00</time>
        </trkpt>
        <trkpt lat="-2.30113416666667" lon="101.948168366667">
            <ele>446.778</ele>
            <time>2024-07-24T10:52:52+07:00</time>
        </trkpt>
        <trkpt lat="-2.30108066666667" lon="101.948095033333">
            <ele>445.168</ele>
            <time>2024-07-24T10:52:54+07:00</time>
        </trkpt>
        <trkpt lat="-2.30108318333333" lon="101.948054816667">
            <ele>444.703</ele>
            <time>2024-07-24T10:52:56+07:00</time>
        </trkpt>
        <trkpt lat="-2.30108561666667" lon="101.948003">
            <ele>450.76</ele>
            <time>2024-07-24T10:52:58+07:00</time>
        </trkpt>
        <trkpt lat="-2.30114411666667" lon="101.9479951">
            <ele>452.839</ele>
            <time>2024-07-24T10:53:00+07:00</time>
        </trkpt>
        <trkpt lat="-2.30116465" lon="101.94794525">
            <ele>456.415</ele>
            <time>2024-07-24T10:53:02+07:00</time>
        </trkpt>
        <trkpt lat="-2.301243" lon="101.94788755">
            <ele>454.525</ele>
            <time>2024-07-24T10:53:04+07:00</time>
        </trkpt>
        <trkpt lat="-2.302167" lon="101.94695125">
            <ele>445.858</ele>
            <time>2024-07-24T10:53:29+07:00</time>
        </trkpt>
        <trkpt lat="-2.30223486666667" lon="101.9468893">
            <ele>439.901</ele>
            <time>2024-07-24T10:53:31+07:00</time>
        </trkpt>
        <trkpt lat="-2.30230268333333" lon="101.9468292">
            <ele>432.956</ele>
            <time>2024-07-24T10:53:33+07:00</time>
        </trkpt>
        <trkpt lat="-2.30236985" lon="101.94678115">
            <ele>426.36</ele>
            <time>2024-07-24T10:53:35+07:00</time>
        </trkpt>
        <trkpt lat="-2.302431" lon="101.94672155">
            <ele>423.685</ele>
            <time>2024-07-24T10:53:37+07:00</time>
        </trkpt>
        <trkpt lat="-2.30248741666667" lon="101.946648883333">
            <ele>426.232</ele>
            <time>2024-07-24T10:53:39+07:00</time>
        </trkpt>
        <trkpt lat="-2.30254055" lon="101.946543583333">
            <ele>427.947</ele>
            <time>2024-07-24T10:53:41+07:00</time>
        </trkpt>
        <trkpt lat="-2.30258926666667" lon="101.9464062">
            <ele>435.829</ele>
            <time>2024-07-24T10:53:43+07:00</time>
        </trkpt>
        <trkpt lat="-2.30261986666667" lon="101.946278583333">
            <ele>443.58</ele>
            <time>2024-07-24T10:53:45+07:00</time>
        </trkpt>
        <trkpt lat="-2.30266976666667" lon="101.9461674">
            <ele>445.878</ele>
            <time>2024-07-24T10:53:47+07:00</time>
        </trkpt>
        <trkpt lat="-2.30273195" lon="101.946063316667">
            <ele>446.64</ele>
            <time>2024-07-24T10:53:49+07:00</time>
        </trkpt>
        <trkpt lat="-2.30277251666667" lon="101.945970983333">
            <ele>452.106</ele>
            <time>2024-07-24T10:53:51+07:00</time>
        </trkpt>
        <trkpt lat="-2.30281398333333" lon="101.94588385">
            <ele>455.347</ele>
            <time>2024-07-24T10:53:53+07:00</time>
        </trkpt>
        <trkpt lat="-2.3028523" lon="101.94578335">
            <ele>462.064</ele>
            <time>2024-07-24T10:53:55+07:00</time>
        </trkpt>
        <trkpt lat="-2.30289946666667" lon="101.945683066667">
            <ele>465.923</ele>
            <time>2024-07-24T10:53:57+07:00</time>
        </trkpt>
        <trkpt lat="-2.3029344" lon="101.9456073">
            <ele>464.282</ele>
            <time>2024-07-24T10:53:59+07:00</time>
        </trkpt>
        <trkpt lat="-2.30297138333333" lon="101.9455515">
            <ele>459.619</ele>
            <time>2024-07-24T10:54:01+07:00</time>
        </trkpt>
        <trkpt lat="-2.30301141666667" lon="101.945478983333">
            <ele>460.806</ele>
            <time>2024-07-24T10:54:03+07:00</time>
        </trkpt>
        <trkpt lat="-2.30305946666667" lon="101.945393166667">
            <ele>460.85</ele>
            <time>2024-07-24T10:54:05+07:00</time>
        </trkpt>
        <trkpt lat="-2.30306771666667" lon="101.94534875">
            <ele>460.951</ele>
            <time>2024-07-24T10:54:07+07:00</time>
        </trkpt>
        <trkpt lat="-2.30306076666667" lon="101.945296066667">
            <ele>463.026</ele>
            <time>2024-07-24T10:54:09+07:00</time>
        </trkpt>
        <trkpt lat="-2.3030275" lon="101.945224533333">
            <ele>465.386</ele>
            <time>2024-07-24T10:54:11+07:00</time>
        </trkpt>
        <trkpt lat="-2.30300935" lon="101.945194816667">
            <ele>465.845</ele>
            <time>2024-07-24T10:54:13+07:00</time>
        </trkpt>
    </trkseg>
</trk>
<trk>
    <name><![CDATA[Jalur 1]]></name>
    <desc><![CDATA[Description:]]></desc>
    <trkseg>
        <trkpt lat="-2.28344243333333" lon="102.0947697">
            <ele>258.349</ele>
            <time>2024-07-24T09:24:41+07:00</time>
        </trkpt>
        <trkpt lat="-2.28344573333333" lon="102.094789066667">
            <ele>258.349</ele>
            <time>2024-07-24T09:24:44+07:00</time>
        </trkpt>
        <trkpt lat="-2.28343735" lon="102.0947373">
            <ele>260.405</ele>
            <time>2024-07-24T09:24:46+07:00</time>
        </trkpt>
        <trkpt lat="-2.28341778333333" lon="102.094603516667">
            <ele>264.115</ele>
            <time>2024-07-24T09:24:48+07:00</time>
        </trkpt>
        <trkpt lat="-2.28337885" lon="102.094364533333">
            <ele>263.398</ele>
            <time>2024-07-24T09:24:50+07:00</time>
        </trkpt>
        <trkpt lat="-2.28332323333333" lon="102.094195533333">
            <ele>264.49</ele>
            <time>2024-07-24T09:24:52+07:00</time>
        </trkpt>
        <trkpt lat="-2.28324443333333" lon="102.094048033333">
            <ele>272.867</ele>
            <time>2024-07-24T09:24:54+07:00</time>
        </trkpt>
        <trkpt lat="-2.28317648333333" lon="102.0939015">
            <ele>272.066</ele>
            <time>2024-07-24T09:24:56+07:00</time>
        </trkpt>
        <trkpt lat="-2.28311515" lon="102.0937687">
            <ele>270.908</ele>
            <time>2024-07-24T09:24:58+07:00</time>
        </trkpt>
        <trkpt lat="-2.28307415" lon="102.09363935">
            <ele>270.297</ele>
            <time>2024-07-24T09:25:00+07:00</time>
        </trkpt>
        <trkpt lat="-2.28302196666667" lon="102.093468566667">
            <ele>270.933</ele>
            <time>2024-07-24T09:25:02+07:00</time>
        </trkpt>
        <trkpt lat="-2.28294828333333" lon="102.093300633333">
            <ele>275.635</ele>
            <time>2024-07-24T09:25:04+07:00</time>
        </trkpt>
        <trkpt lat="-2.28287473333333" lon="102.09313075">
            <ele>275.99</ele>
            <time>2024-07-24T09:25:06+07:00</time>
        </trkpt>
        <trkpt lat="-2.28281206666667" lon="102.0929731">
            <ele>270.693</ele>
            <time>2024-07-24T09:25:08+07:00</time>
        </trkpt>
        <trkpt lat="-2.28275138333333" lon="102.092811666667">
            <ele>267.092</ele>
            <time>2024-07-24T09:25:10+07:00</time>
        </trkpt>
        <trkpt lat="-2.28271696666667" lon="102.092648466667">
            <ele>262.661</ele>
            <time>2024-07-24T09:25:12+07:00</time>
        </trkpt>
        <trkpt lat="-2.2827432" lon="102.092476433333">
            <ele>260.423</ele>
            <time>2024-07-24T09:25:14+07:00</time>
        </trkpt>
        <trkpt lat="-2.28278036666667" lon="102.092295766667">
            <ele>253.44</ele>
            <time>2024-07-24T09:25:16+07:00</time>
        </trkpt>
        <trkpt lat="-2.28270806666667" lon="102.092145483333">
            <ele>252.929</ele>
            <time>2024-07-24T09:25:18+07:00</time>
        </trkpt>
        <trkpt lat="-2.28259161666667" lon="102.0920058">
            <ele>250.959</ele>
            <time>2024-07-24T09:25:20+07:00</time>
        </trkpt>
        <trkpt lat="-2.28249155" lon="102.0918479">
            <ele>248.461</ele>
            <time>2024-07-24T09:25:22+07:00</time>
        </trkpt>
        <trkpt lat="-2.28240851666667" lon="102.09169825">
            <ele>248.895</ele>
            <time>2024-07-24T09:25:24+07:00</time>
        </trkpt>
        <trkpt lat="-2.2822837" lon="102.091544466667">
            <ele>254.707</ele>
            <time>2024-07-24T09:25:26+07:00</time>
        </trkpt>
        <trkpt lat="-2.282159" lon="102.091377">
            <ele>258.31</ele>
            <time>2024-07-24T09:25:28+07:00</time>
        </trkpt>
        <trkpt lat="-2.28208898333333" lon="102.09115645">
            <ele>259.698</ele>
            <time>2024-07-24T09:25:30+07:00</time>
        </trkpt>
        <trkpt lat="-2.28206941666667" lon="102.090920033333">
            <ele>266.023</ele>
            <time>2024-07-24T09:25:32+07:00</time>
        </trkpt>
        <trkpt lat="-2.28208365" lon="102.0906695">
            <ele>271.032</ele>
            <time>2024-07-24T09:25:34+07:00</time>
        </trkpt>
        <trkpt lat="-2.282116" lon="102.0904217">
            <ele>274.354</ele>
            <time>2024-07-24T09:25:36+07:00</time>
        </trkpt>
        <trkpt lat="-2.28217478333333" lon="102.090180516667">
            <ele>283.863</ele>
            <time>2024-07-24T09:25:38+07:00</time>
        </trkpt>
        <trkpt lat="-2.28227023333333" lon="102.0899579">
            <ele>288.104</ele>
            <time>2024-07-24T09:25:40+07:00</time>
        </trkpt>
        <trkpt lat="-2.28234048333333" lon="102.08970825">
            <ele>292.557</ele>
            <time>2024-07-24T09:25:42+07:00</time>
        </trkpt>
        <trkpt lat="-2.28238321666667" lon="102.08945745">
            <ele>291.75</ele>
            <time>2024-07-24T09:25:44+07:00</time>
        </trkpt>
        <trkpt lat="-2.28235893333333" lon="102.089198916667">
            <ele>290.663</ele>
            <time>2024-07-24T09:25:46+07:00</time>
        </trkpt>
        <trkpt lat="-2.28229538333333" lon="102.089000116667">
            <ele>286.64</ele>
            <time>2024-07-24T09:25:48+07:00</time>
        </trkpt>
        <trkpt lat="-2.28223718333333" lon="102.088826233333">
            <ele>286.698</ele>
            <time>2024-07-24T09:25:50+07:00</time>
        </trkpt>
        <trkpt lat="-2.28220261666667" lon="102.08864675">
            <ele>288.622</ele>
            <time>2024-07-24T09:25:52+07:00</time>
        </trkpt>
        <trkpt lat="-2.2821804" lon="102.0884266">
            <ele>288.987</ele>
            <time>2024-07-24T09:25:54+07:00</time>
        </trkpt>
        <trkpt lat="-2.28216743333333" lon="102.08818945">
            <ele>291.928</ele>
            <time>2024-07-24T09:25:56+07:00</time>
        </trkpt>
        <trkpt lat="-2.2821893" lon="102.087926916667">
            <ele>293.243</ele>
            <time>2024-07-24T09:25:58+07:00</time>
        </trkpt>
        <trkpt lat="-2.2822196" lon="102.087671966667">
            <ele>294.737</ele>
            <time>2024-07-24T09:26:00+07:00</time>
        </trkpt>
        <trkpt lat="-2.28226586666667" lon="102.08742865">
            <ele>296.234</ele>
            <time>2024-07-24T09:26:02+07:00</time>
        </trkpt>
        <trkpt lat="-2.28235128333333" lon="102.087290683333">
            <ele>296.081</ele>
            <time>2024-07-24T09:26:04+07:00</time>
        </trkpt>
        <trkpt lat="-2.2824123" lon="102.087156416667">
            <ele>297.787</ele>
            <time>2024-07-24T09:26:06+07:00</time>
        </trkpt>
        <trkpt lat="-2.2824471" lon="102.086996916667">
            <ele>295.226</ele>
            <time>2024-07-24T09:26:08+07:00</time>
        </trkpt>
        <trkpt lat="-2.28249951666667" lon="102.0867797">
            <ele>290.61</ele>
            <time>2024-07-24T09:26:10+07:00</time>
        </trkpt>
        <trkpt lat="-2.28252476666667" lon="102.08651655">
            <ele>288.311</ele>
            <time>2024-07-24T09:26:12+07:00</time>
        </trkpt>
        <trkpt lat="-2.2825154" lon="102.086281733333">
            <ele>287.818</ele>
            <time>2024-07-24T09:26:14+07:00</time>
        </trkpt>
        <trkpt lat="-2.2824516" lon="102.086063033333">
            <ele>282.476</ele>
            <time>2024-07-24T09:26:16+07:00</time>
        </trkpt>
        <trkpt lat="-2.2823117" lon="102.085859066667">
            <ele>282.683</ele>
            <time>2024-07-24T09:26:18+07:00</time>
        </trkpt>
        <trkpt lat="-2.2821608" lon="102.085679783333">
            <ele>286.876</ele>
            <time>2024-07-24T09:26:20+07:00</time>
        </trkpt>
        <trkpt lat="-2.28200296666667" lon="102.085584833333">
            <ele>285.327</ele>
            <time>2024-07-24T09:26:22+07:00</time>
        </trkpt>
        <trkpt lat="-2.28188265" lon="102.085506833333">
            <ele>281.785</ele>
            <time>2024-07-24T09:26:24+07:00</time>
        </trkpt>
        <trkpt lat="-2.28172885" lon="102.085413483333">
            <ele>276.042</ele>
            <time>2024-07-24T09:26:26+07:00</time>
        </trkpt>
        <trkpt lat="-2.28154146666667" lon="102.085277883333">
            <ele>277.198</ele>
            <time>2024-07-24T09:26:28+07:00</time>
        </trkpt>
        <trkpt lat="-2.28133286666667" lon="102.08513735">
            <ele>277.367</ele>
            <time>2024-07-24T09:26:30+07:00</time>
        </trkpt>
        <trkpt lat="-2.28116575" lon="102.085015916667">
            <ele>275.133</ele>
            <time>2024-07-24T09:26:32+07:00</time>
        </trkpt>
        <trkpt lat="-2.2810187" lon="102.084922916667">
            <ele>273.245</ele>
            <time>2024-07-24T09:26:34+07:00</time>
        </trkpt>
        <trkpt lat="-2.28093395" lon="102.084885116667">
            <ele>272.842</ele>
            <time>2024-07-24T09:26:36+07:00</time>
        </trkpt>
        <trkpt lat="-2.28083241666667" lon="102.08486425">
            <ele>277.378</ele>
            <time>2024-07-24T09:26:38+07:00</time>
        </trkpt>
        <trkpt lat="-2.28071708333333" lon="102.084806883333">
            <ele>278.912</ele>
            <time>2024-07-24T09:26:40+07:00</time>
        </trkpt>
        <trkpt lat="-2.28057198333333" lon="102.084724666667">
            <ele>278.281</ele>
            <time>2024-07-24T09:26:42+07:00</time>
        </trkpt>
        <trkpt lat="-2.2803862" lon="102.084613833333">
            <ele>277.381</ele>
            <time>2024-07-24T09:26:44+07:00</time>
        </trkpt>
        <trkpt lat="-2.2801631" lon="102.084479116667">
            <ele>279.857</ele>
            <time>2024-07-24T09:26:46+07:00</time>
        </trkpt>
        <trkpt lat="-2.27996918333333" lon="102.084362116667">
            <ele>279.635</ele>
            <time>2024-07-24T09:26:48+07:00</time>
        </trkpt>
        <trkpt lat="-2.27980751666667" lon="102.084259916667">
            <ele>276.611</ele>
            <time>2024-07-24T09:26:50+07:00</time>
        </trkpt>
        <trkpt lat="-2.27965928333333" lon="102.084179916667">
            <ele>273.087</ele>
            <time>2024-07-24T09:26:52+07:00</time>
        </trkpt>
        <trkpt lat="-2.27947303333333" lon="102.084143266667">
            <ele>271.266</ele>
            <time>2024-07-24T09:26:54+07:00</time>
        </trkpt>
        <trkpt lat="-2.27921685" lon="102.084171583333">
            <ele>270.818</ele>
            <time>2024-07-24T09:26:56+07:00</time>
        </trkpt>
        <trkpt lat="-2.27892551666667" lon="102.084225733333">
            <ele>271.445</ele>
            <time>2024-07-24T09:26:58+07:00</time>
        </trkpt>
        <trkpt lat="-2.27860585" lon="102.084289166667">
            <ele>270.827</ele>
            <time>2024-07-24T09:27:00+07:00</time>
        </trkpt>
        <trkpt lat="-2.27833123333333" lon="102.08423045">
            <ele>267.928</ele>
            <time>2024-07-24T09:27:02+07:00</time>
        </trkpt>
        <trkpt lat="-2.27808193333333" lon="102.08416795">
            <ele>269.958</ele>
            <time>2024-07-24T09:27:04+07:00</time>
        </trkpt>
        <trkpt lat="-2.27785158333333" lon="102.08404485">
            <ele>271.736</ele>
            <time>2024-07-24T09:27:06+07:00</time>
        </trkpt>
        <trkpt lat="-2.27773611666667" lon="102.083822533333">
            <ele>267.209</ele>
            <time>2024-07-24T09:27:08+07:00</time>
        </trkpt>
        <trkpt lat="-2.2775599" lon="102.08364525">
            <ele>273.496</ele>
            <time>2024-07-24T09:27:10+07:00</time>
        </trkpt>
        <trkpt lat="-2.27737153333333" lon="102.083468016667">
            <ele>265.973</ele>
            <time>2024-07-24T09:27:12+07:00</time>
        </trkpt>
        <trkpt lat="-2.27719476666667" lon="102.083301366667">
            <ele>267.316</ele>
            <time>2024-07-24T09:27:14+07:00</time>
        </trkpt>
        <trkpt lat="-2.27715095" lon="102.0831044">
            <ele>272.359</ele>
            <time>2024-07-24T09:27:16+07:00</time>
        </trkpt>
        <trkpt lat="-2.2771225" lon="102.082918316667">
            <ele>277.109</ele>
            <time>2024-07-24T09:27:18+07:00</time>
        </trkpt>
        <trkpt lat="-2.27710255" lon="102.08272905">
            <ele>277.028</ele>
            <time>2024-07-24T09:27:20+07:00</time>
        </trkpt>
        <trkpt lat="-2.27702258333333" lon="102.0825585">
            <ele>279.118</ele>
            <time>2024-07-24T09:27:22+07:00</time>
        </trkpt>
        <trkpt lat="-2.27692416666667" lon="102.082440366667">
            <ele>278.267</ele>
            <time>2024-07-24T09:27:24+07:00</time>
        </trkpt>
        <trkpt lat="-2.2768553" lon="102.082378633333">
            <ele>277.214</ele>
            <time>2024-07-24T09:27:26+07:00</time>
        </trkpt>
        <trkpt lat="-2.27676818333333" lon="102.0823031">
            <ele>274.037</ele>
            <time>2024-07-24T09:27:28+07:00</time>
        </trkpt>
        <trkpt lat="-2.27661946666667" lon="102.082233133333">
            <ele>273.212</ele>
            <time>2024-07-24T09:27:30+07:00</time>
        </trkpt>
        <trkpt lat="-2.27639686666667" lon="102.0821774">
            <ele>271.828</ele>
            <time>2024-07-24T09:27:32+07:00</time>
        </trkpt>
        <trkpt lat="-2.27618515" lon="102.082147333333">
            <ele>270.347</ele>
            <time>2024-07-24T09:27:34+07:00</time>
        </trkpt>
        <trkpt lat="-2.27602385" lon="102.082126466667">
            <ele>270.928</ele>
            <time>2024-07-24T09:27:36+07:00</time>
        </trkpt>
        <trkpt lat="-2.27589026666667" lon="102.082123983333">
            <ele>273.362</ele>
            <time>2024-07-24T09:27:38+07:00</time>
        </trkpt>
        <trkpt lat="-2.27576043333333" lon="102.082089966667">
            <ele>275.333</ele>
            <time>2024-07-24T09:27:40+07:00</time>
        </trkpt>
        <trkpt lat="-2.27559378333333" lon="102.081948483333">
            <ele>268.127</ele>
            <time>2024-07-24T09:27:42+07:00</time>
        </trkpt>
        <trkpt lat="-2.2754538" lon="102.0818152">
            <ele>270.562</ele>
            <time>2024-07-24T09:27:44+07:00</time>
        </trkpt>
        <trkpt lat="-2.27535551666667" lon="102.081704366667">
            <ele>266.108</ele>
            <time>2024-07-24T09:27:46+07:00</time>
        </trkpt>
        <trkpt lat="-2.27521095" lon="102.081664366667">
            <ele>268.218</ele>
            <time>2024-07-24T09:27:48+07:00</time>
        </trkpt>
        <trkpt lat="-2.27502525" lon="102.081650383333">
            <ele>266.224</ele>
            <time>2024-07-24T09:27:50+07:00</time>
        </trkpt>
        <trkpt lat="-2.27483593333333" lon="102.08167735">
            <ele>263.021</ele>
            <time>2024-07-24T09:27:52+07:00</time>
        </trkpt>
        <trkpt lat="-2.27467883333333" lon="102.081717633333">
            <ele>262.541</ele>
            <time>2024-07-24T09:27:54+07:00</time>
        </trkpt>
        <trkpt lat="-2.27455918333333" lon="102.08171685">
            <ele>259.127</ele>
            <time>2024-07-24T09:27:56+07:00</time>
        </trkpt>
        <trkpt lat="-2.2745223" lon="102.0815734">
            <ele>257.116</ele>
            <time>2024-07-24T09:27:58+07:00</time>
        </trkpt>
        <trkpt lat="-2.27453983333333" lon="102.0814029">
            <ele>254.034</ele>
            <time>2024-07-24T09:28:00+07:00</time>
        </trkpt>
        <trkpt lat="-2.27456243333333" lon="102.081174833333">
            <ele>251.559</ele>
            <time>2024-07-24T09:28:02+07:00</time>
        </trkpt>
        <trkpt lat="-2.27453093333333" lon="102.08099985">
            <ele>247.72</ele>
            <time>2024-07-24T09:28:04+07:00</time>
        </trkpt>
        <trkpt lat="-2.2744272" lon="102.080912483333">
            <ele>249.474</ele>
            <time>2024-07-24T09:28:06+07:00</time>
        </trkpt>
        <trkpt lat="-2.2742873" lon="102.08092005">
            <ele>251.379</ele>
            <time>2024-07-24T09:28:08+07:00</time>
        </trkpt>
        <trkpt lat="-2.27413503333333" lon="102.0808749">
            <ele>253.378</ele>
            <time>2024-07-24T09:28:10+07:00</time>
        </trkpt>
        <trkpt lat="-2.27400276666667" lon="102.08081545">
            <ele>253.679</ele>
            <time>2024-07-24T09:28:12+07:00</time>
        </trkpt>
        <trkpt lat="-2.27390313333333" lon="102.08077545">
            <ele>259.883</ele>
            <time>2024-07-24T09:28:14+07:00</time>
        </trkpt>
        <trkpt lat="-2.27379236666667" lon="102.080708533333">
            <ele>267.252</ele>
            <time>2024-07-24T09:28:16+07:00</time>
        </trkpt>
        <trkpt lat="-2.27369773333333" lon="102.080555733333">
            <ele>268.119</ele>
            <time>2024-07-24T09:28:18+07:00</time>
        </trkpt>
        <trkpt lat="-2.27358095" lon="102.080373116667">
            <ele>268.002</ele>
            <time>2024-07-24T09:28:20+07:00</time>
        </trkpt>
        <trkpt lat="-2.27348098333333" lon="102.080176766667">
            <ele>262.491</ele>
            <time>2024-07-24T09:28:22+07:00</time>
        </trkpt>
        <trkpt lat="-2.2733831" lon="102.080010983333">
            <ele>259.592</ele>
            <time>2024-07-24T09:28:24+07:00</time>
        </trkpt>
        <trkpt lat="-2.27327635" lon="102.079876783333">
            <ele>257.819</ele>
            <time>2024-07-24T09:28:26+07:00</time>
        </trkpt>
        <trkpt lat="-2.27315936666667" lon="102.0797721">
            <ele>261.091</ele>
            <time>2024-07-24T09:28:28+07:00</time>
        </trkpt>
        <trkpt lat="-2.27304238333333" lon="102.079620933333">
            <ele>260.928</ele>
            <time>2024-07-24T09:28:30+07:00</time>
        </trkpt>
        <trkpt lat="-2.27294333333333" lon="102.079418133333">
            <ele>260.428</ele>
            <time>2024-07-24T09:28:32+07:00</time>
        </trkpt>
        <trkpt lat="-2.27289573333333" lon="102.079285233333">
            <ele>260.399</ele>
            <time>2024-07-24T09:28:34+07:00</time>
        </trkpt>
        <trkpt lat="-2.27284496666667" lon="102.079185733333">
            <ele>261.261</ele>
            <time>2024-07-24T09:28:36+07:00</time>
        </trkpt>
        <trkpt lat="-2.27277966666667" lon="102.07904645">
            <ele>264.089</ele>
            <time>2024-07-24T09:28:38+07:00</time>
        </trkpt>
        <trkpt lat="-2.27272936666667" lon="102.078904516667">
            <ele>265.621</ele>
            <time>2024-07-24T09:28:40+07:00</time>
        </trkpt>
        <trkpt lat="-2.27265231666667" lon="102.0788116">
            <ele>269.618</ele>
            <time>2024-07-24T09:28:42+07:00</time>
        </trkpt>
        <trkpt lat="-2.27260875" lon="102.0787496">
            <ele>269.124</ele>
            <time>2024-07-24T09:28:44+07:00</time>
        </trkpt>
        <trkpt lat="-2.27252505" lon="102.078679216667">
            <ele>266.386</ele>
            <time>2024-07-24T09:28:46+07:00</time>
        </trkpt>
        <trkpt lat="-2.2723906" lon="102.078607266667">
            <ele>264.084</ele>
            <time>2024-07-24T09:28:48+07:00</time>
        </trkpt>
        <trkpt lat="-2.27225075" lon="102.0785363">
            <ele>261.764</ele>
            <time>2024-07-24T09:28:50+07:00</time>
        </trkpt>
        <trkpt lat="-2.2721069" lon="102.078436233333">
            <ele>253.567</ele>
            <time>2024-07-24T09:28:52+07:00</time>
        </trkpt>
        <trkpt lat="-2.27196995" lon="102.078313816667">
            <ele>251.415</ele>
            <time>2024-07-24T09:28:54+07:00</time>
        </trkpt>
        <trkpt lat="-2.27187236666667" lon="102.078201416667">
            <ele>251.309</ele>
            <time>2024-07-24T09:28:56+07:00</time>
        </trkpt>
        <trkpt lat="-2.2718027" lon="102.078179166667">
            <ele>253.998</ele>
            <time>2024-07-24T09:28:58+07:00</time>
        </trkpt>
        <trkpt lat="-2.27172078333333" lon="102.078191516667">
            <ele>252.382</ele>
            <time>2024-07-24T09:29:00+07:00</time>
        </trkpt>
        <trkpt lat="-2.27161178333333" lon="102.078190716667">
            <ele>252.87</ele>
            <time>2024-07-24T09:29:02+07:00</time>
        </trkpt>
        <trkpt lat="-2.27149346666667" lon="102.078147166667">
            <ele>257.716</ele>
            <time>2024-07-24T09:29:04+07:00</time>
        </trkpt>
        <trkpt lat="-2.2713613" lon="102.07812735">
            <ele>262.979</ele>
            <time>2024-07-24T09:29:06+07:00</time>
        </trkpt>
        <trkpt lat="-2.27123038333333" lon="102.078133616667">
            <ele>262.026</ele>
            <time>2024-07-24T09:29:08+07:00</time>
        </trkpt>
        <trkpt lat="-2.27112891666667" lon="102.078164116667">
            <ele>261.049</ele>
            <time>2024-07-24T09:29:10+07:00</time>
        </trkpt>
        <trkpt lat="-2.27102031666667" lon="102.078107016667">
            <ele>258.309</ele>
            <time>2024-07-24T09:29:12+07:00</time>
        </trkpt>
        <trkpt lat="-2.27091733333333" lon="102.07809385">
            <ele>259.198</ele>
            <time>2024-07-24T09:29:14+07:00</time>
        </trkpt>
        <trkpt lat="-2.2708167" lon="102.078091566667">
            <ele>261.191</ele>
            <time>2024-07-24T09:29:16+07:00</time>
        </trkpt>
        <trkpt lat="-2.27071168333333" lon="102.078086233333">
            <ele>263.142</ele>
            <time>2024-07-24T09:29:18+07:00</time>
        </trkpt>
        <trkpt lat="-2.2706027" lon="102.078106">
            <ele>263.296</ele>
            <time>2024-07-24T09:29:20+07:00</time>
        </trkpt>
        <trkpt lat="-2.27047845" lon="102.078142">
            <ele>266.42</ele>
            <time>2024-07-24T09:29:22+07:00</time>
        </trkpt>
        <trkpt lat="-2.27032905" lon="102.078202883333">
            <ele>267.301</ele>
            <time>2024-07-24T09:29:24+07:00</time>
        </trkpt>
        <trkpt lat="-2.27015683333333" lon="102.078241633333">
            <ele>273.695</ele>
            <time>2024-07-24T09:29:26+07:00</time>
        </trkpt>
        <trkpt lat="-2.26998851666667" lon="102.078225983333">
            <ele>273.769</ele>
            <time>2024-07-24T09:29:28+07:00</time>
        </trkpt>
        <trkpt lat="-2.26985938333333" lon="102.07813655">
            <ele>272.135</ele>
            <time>2024-07-24T09:29:30+07:00</time>
        </trkpt>
        <trkpt lat="-2.2697636" lon="102.077991583333">
            <ele>272.066</ele>
            <time>2024-07-24T09:29:32+07:00</time>
        </trkpt>
        <trkpt lat="-2.26965073333333" lon="102.07785175">
            <ele>270.291</ele>
            <time>2024-07-24T09:29:34+07:00</time>
        </trkpt>
        <trkpt lat="-2.26954246666667" lon="102.077692116667">
            <ele>264.061</ele>
            <time>2024-07-24T09:29:36+07:00</time>
        </trkpt>
        <trkpt lat="-2.26941783333333" lon="102.077558266667">
            <ele>260.658</ele>
            <time>2024-07-24T09:29:38+07:00</time>
        </trkpt>
        <trkpt lat="-2.26924091666667" lon="102.077476966667">
            <ele>260.358</ele>
            <time>2024-07-24T09:29:40+07:00</time>
        </trkpt>
        <trkpt lat="-2.26905626666667" lon="102.077404816667">
            <ele>257.52</ele>
            <time>2024-07-24T09:29:42+07:00</time>
        </trkpt>
        <trkpt lat="-2.26890865" lon="102.077332816667">
            <ele>251.809</ele>
            <time>2024-07-24T09:29:44+07:00</time>
        </trkpt>
        <trkpt lat="-2.26883351666667" lon="102.077215566667">
            <ele>252.463</ele>
            <time>2024-07-24T09:29:46+07:00</time>
        </trkpt>
        <trkpt lat="-2.26881516666667" lon="102.077066166667">
            <ele>251.747</ele>
            <time>2024-07-24T09:29:48+07:00</time>
        </trkpt>
        <trkpt lat="-2.26879553333333" lon="102.07694175">
            <ele>249.468</ele>
            <time>2024-07-24T09:29:50+07:00</time>
        </trkpt>
        <trkpt lat="-2.26877235" lon="102.0768515">
            <ele>248.482</ele>
            <time>2024-07-24T09:29:52+07:00</time>
        </trkpt>
        <trkpt lat="-2.26872528333333" lon="102.076805783333">
            <ele>251.594</ele>
            <time>2024-07-24T09:29:54+07:00</time>
        </trkpt>
        <trkpt lat="-2.2686882" lon="102.07675485">
            <ele>252.797</ele>
            <time>2024-07-24T09:29:56+07:00</time>
        </trkpt>
        <trkpt lat="-2.26862408333333" lon="102.07671505">
            <ele>252.356</ele>
            <time>2024-07-24T09:29:58+07:00</time>
        </trkpt>
        <trkpt lat="-2.26854755" lon="102.0766744">
            <ele>251.661</ele>
            <time>2024-07-24T09:30:00+07:00</time>
        </trkpt>
        <trkpt lat="-2.2684194" lon="102.076645733333">
            <ele>247.956</ele>
            <time>2024-07-24T09:30:02+07:00</time>
        </trkpt>
        <trkpt lat="-2.26833501666667" lon="102.0766369">
            <ele>244.459</ele>
            <time>2024-07-24T09:30:04+07:00</time>
        </trkpt>
        <trkpt lat="-2.26823958333333" lon="102.0766267">
            <ele>242.342</ele>
            <time>2024-07-24T09:30:06+07:00</time>
        </trkpt>
        <trkpt lat="-2.26815326666667" lon="102.076625583333">
            <ele>242.876</ele>
            <time>2024-07-24T09:30:08+07:00</time>
        </trkpt>
        <trkpt lat="-2.26806645" lon="102.0766517">
            <ele>243.009</ele>
            <time>2024-07-24T09:30:10+07:00</time>
        </trkpt>
        <trkpt lat="-2.26796233333333" lon="102.076665433333">
            <ele>245.07</ele>
            <time>2024-07-24T09:30:12+07:00</time>
        </trkpt>
        <trkpt lat="-2.26784881666667" lon="102.076641966667">
            <ele>245.402</ele>
            <time>2024-07-24T09:30:14+07:00</time>
        </trkpt>
        <trkpt lat="-2.26773018333333" lon="102.076631966667">
            <ele>246.499</ele>
            <time>2024-07-24T09:30:16+07:00</time>
        </trkpt>
        <trkpt lat="-2.2676187" lon="102.076629633333">
            <ele>250.089</ele>
            <time>2024-07-24T09:30:18+07:00</time>
        </trkpt>
        <trkpt lat="-2.2675241" lon="102.076633316667">
            <ele>254.157</ele>
            <time>2024-07-24T09:30:20+07:00</time>
        </trkpt>
        <trkpt lat="-2.2674313" lon="102.076624016667">
            <ele>259.041</ele>
            <time>2024-07-24T09:30:22+07:00</time>
        </trkpt>
        <trkpt lat="-2.26732595" lon="102.076618666667">
            <ele>264.144</ele>
            <time>2024-07-24T09:30:24+07:00</time>
        </trkpt>
        <trkpt lat="-2.26721363333333" lon="102.07664875">
            <ele>262.545</ele>
            <time>2024-07-24T09:30:26+07:00</time>
        </trkpt>
        <trkpt lat="-2.26710036666667" lon="102.076724633333">
            <ele>260.155</ele>
            <time>2024-07-24T09:30:28+07:00</time>
        </trkpt>
        <trkpt lat="-2.26699028333333" lon="102.07681">
            <ele>258.545</ele>
            <time>2024-07-24T09:30:30+07:00</time>
        </trkpt>
        <trkpt lat="-2.26686793333333" lon="102.076881883333">
            <ele>257.705</ele>
            <time>2024-07-24T09:30:32+07:00</time>
        </trkpt>
        <trkpt lat="-2.26676286666667" lon="102.076929433333">
            <ele>256.568</ele>
            <time>2024-07-24T09:30:34+07:00</time>
        </trkpt>
        <trkpt lat="-2.2666774" lon="102.07697875">
            <ele>253.704</ele>
            <time>2024-07-24T09:30:36+07:00</time>
        </trkpt>
        <trkpt lat="-2.26657431666667" lon="102.077013966667">
            <ele>252.467</ele>
            <time>2024-07-24T09:30:38+07:00</time>
        </trkpt>
        <trkpt lat="-2.26650248333333" lon="102.077011166667">
            <ele>252.785</ele>
            <time>2024-07-24T09:30:40+07:00</time>
        </trkpt>
        <trkpt lat="-2.2664131" lon="102.076997766667">
            <ele>255.281</ele>
            <time>2024-07-24T09:30:42+07:00</time>
        </trkpt>
        <trkpt lat="-2.2662685" lon="102.076945133333">
            <ele>255.543</ele>
            <time>2024-07-24T09:30:44+07:00</time>
        </trkpt>
        <trkpt lat="-2.26609036666667" lon="102.0769284">
            <ele>256.219</ele>
            <time>2024-07-24T09:30:46+07:00</time>
        </trkpt>
        <trkpt lat="-2.26590375" lon="102.076879033333">
            <ele>258.133</ele>
            <time>2024-07-24T09:30:48+07:00</time>
        </trkpt>
        <trkpt lat="-2.2657075" lon="102.076818433333">
            <ele>259.564</ele>
            <time>2024-07-24T09:30:50+07:00</time>
        </trkpt>
        <trkpt lat="-2.26551416666667" lon="102.076765783333">
            <ele>259.274</ele>
            <time>2024-07-24T09:30:52+07:00</time>
        </trkpt>
        <trkpt lat="-2.26536771666667" lon="102.07675065">
            <ele>263.407</ele>
            <time>2024-07-24T09:30:54+07:00</time>
        </trkpt>
        <trkpt lat="-2.2652629" lon="102.076747616667">
            <ele>266.588</ele>
            <time>2024-07-24T09:30:56+07:00</time>
        </trkpt>
        <trkpt lat="-2.26515595" lon="102.076690566667">
            <ele>268.556</ele>
            <time>2024-07-24T09:30:58+07:00</time>
        </trkpt>
        <trkpt lat="-2.2650409" lon="102.0765971">
            <ele>268.28</ele>
            <time>2024-07-24T09:31:00+07:00</time>
        </trkpt>
        <trkpt lat="-2.26491358333333" lon="102.076506983333">
            <ele>266.361</ele>
            <time>2024-07-24T09:31:02+07:00</time>
        </trkpt>
        <trkpt lat="-2.26474671666667" lon="102.076400516667">
            <ele>264.787</ele>
            <time>2024-07-24T09:31:04+07:00</time>
        </trkpt>
        <trkpt lat="-2.264605" lon="102.076274533333">
            <ele>259.347</ele>
            <time>2024-07-24T09:31:06+07:00</time>
        </trkpt>
        <trkpt lat="-2.26445103333333" lon="102.076207283333">
            <ele>257.215</ele>
            <time>2024-07-24T09:31:08+07:00</time>
        </trkpt>
        <trkpt lat="-2.26430865" lon="102.07618935">
            <ele>258.022</ele>
            <time>2024-07-24T09:31:10+07:00</time>
        </trkpt>
        <trkpt lat="-2.26410971666667" lon="102.076197216667">
            <ele>258.007</ele>
            <time>2024-07-24T09:31:12+07:00</time>
        </trkpt>
        <trkpt lat="-2.26389385" lon="102.07620075">
            <ele>266.052</ele>
            <time>2024-07-24T09:31:14+07:00</time>
        </trkpt>
        <trkpt lat="-2.26369498333333" lon="102.07619735">
            <ele>267.447</ele>
            <time>2024-07-24T09:31:16+07:00</time>
        </trkpt>
        <trkpt lat="-2.2635201" lon="102.076174716667">
            <ele>266.891</ele>
            <time>2024-07-24T09:31:18+07:00</time>
        </trkpt>
        <trkpt lat="-2.26333436666667" lon="102.076117266667">
            <ele>269.052</ele>
            <time>2024-07-24T09:31:20+07:00</time>
        </trkpt>
        <trkpt lat="-2.26311811666667" lon="102.076029766667">
            <ele>268.524</ele>
            <time>2024-07-24T09:31:22+07:00</time>
        </trkpt>
        <trkpt lat="-2.26287725" lon="102.0759425">
            <ele>265.955</ele>
            <time>2024-07-24T09:31:24+07:00</time>
        </trkpt>
        <trkpt lat="-2.26269505" lon="102.075836">
            <ele>267.123</ele>
            <time>2024-07-24T09:31:26+07:00</time>
        </trkpt>
        <trkpt lat="-2.26256061666667" lon="102.075708516667">
            <ele>270.815</ele>
            <time>2024-07-24T09:31:28+07:00</time>
        </trkpt>
        <trkpt lat="-2.26242548333333" lon="102.075541233333">
            <ele>273.71</ele>
            <time>2024-07-24T09:31:30+07:00</time>
        </trkpt>
        <trkpt lat="-2.26229578333333" lon="102.075374716667">
            <ele>273.956</ele>
            <time>2024-07-24T09:31:32+07:00</time>
        </trkpt>
        <trkpt lat="-2.26220963333333" lon="102.075207133333">
            <ele>275.976</ele>
            <time>2024-07-24T09:31:34+07:00</time>
        </trkpt>
        <trkpt lat="-2.26219286666667" lon="102.075017983333">
            <ele>272.318</ele>
            <time>2024-07-24T09:31:36+07:00</time>
        </trkpt>
        <trkpt lat="-2.26214433333333" lon="102.074852766667">
            <ele>270.642</ele>
            <time>2024-07-24T09:31:38+07:00</time>
        </trkpt>
        <trkpt lat="-2.2620893" lon="102.07472215">
            <ele>263.338</ele>
            <time>2024-07-24T09:31:40+07:00</time>
        </trkpt>
        <trkpt lat="-2.26205025" lon="102.074620133333">
            <ele>261.994</ele>
            <time>2024-07-24T09:31:42+07:00</time>
        </trkpt>
        <trkpt lat="-2.26199336666667" lon="102.074524883333">
            <ele>262.433</ele>
            <time>2024-07-24T09:31:44+07:00</time>
        </trkpt>
        <trkpt lat="-2.2619294" lon="102.074422416667">
            <ele>262.58</ele>
            <time>2024-07-24T09:31:46+07:00</time>
        </trkpt>
        <trkpt lat="-2.26181545" lon="102.074340433333">
            <ele>266.725</ele>
            <time>2024-07-24T09:31:48+07:00</time>
        </trkpt>
        <trkpt lat="-2.26166606666667" lon="102.074278666667">
            <ele>268.158</ele>
            <time>2024-07-24T09:31:50+07:00</time>
        </trkpt>
        <trkpt lat="-2.2615175" lon="102.074243316667">
            <ele>269.197</ele>
            <time>2024-07-24T09:31:52+07:00</time>
        </trkpt>
        <trkpt lat="-2.26138885" lon="102.074152516667">
            <ele>269.461</ele>
            <time>2024-07-24T09:31:54+07:00</time>
        </trkpt>
        <trkpt lat="-2.26129441666667" lon="102.074024266667">
            <ele>268.107</ele>
            <time>2024-07-24T09:31:56+07:00</time>
        </trkpt>
        <trkpt lat="-2.2612471" lon="102.073871433333">
            <ele>264.728</ele>
            <time>2024-07-24T09:31:58+07:00</time>
        </trkpt>
        <trkpt lat="-2.26123466666667" lon="102.07373775">
            <ele>268.582</ele>
            <time>2024-07-24T09:32:00+07:00</time>
        </trkpt>
        <trkpt lat="-2.26123915" lon="102.073615466667">
            <ele>263.722</ele>
            <time>2024-07-24T09:32:02+07:00</time>
        </trkpt>
        <trkpt lat="-2.26123446666667" lon="102.0735192">
            <ele>263.889</ele>
            <time>2024-07-24T09:32:04+07:00</time>
        </trkpt>
        <trkpt lat="-2.26122163333333" lon="102.073445616667">
            <ele>264.893</ele>
            <time>2024-07-24T09:32:06+07:00</time>
        </trkpt>
        <trkpt lat="-2.2611736" lon="102.073324783333">
            <ele>268.802</ele>
            <time>2024-07-24T09:32:08+07:00</time>
        </trkpt>
        <trkpt lat="-2.26108618333333" lon="102.073179333333">
            <ele>274.774</ele>
            <time>2024-07-24T09:32:10+07:00</time>
        </trkpt>
        <trkpt lat="-2.2610286" lon="102.0730145">
            <ele>273.579</ele>
            <time>2024-07-24T09:32:12+07:00</time>
        </trkpt>
        <trkpt lat="-2.26096418333333" lon="102.07279315">
            <ele>274.187</ele>
            <time>2024-07-24T09:32:14+07:00</time>
        </trkpt>
        <trkpt lat="-2.26086156666667" lon="102.072561366667">
            <ele>275.409</ele>
            <time>2024-07-24T09:32:16+07:00</time>
        </trkpt>
        <trkpt lat="-2.26070925" lon="102.072384383333">
            <ele>274.352</ele>
            <time>2024-07-24T09:32:18+07:00</time>
        </trkpt>
        <trkpt lat="-2.2605774" lon="102.072292066667">
            <ele>270.629</ele>
            <time>2024-07-24T09:32:20+07:00</time>
        </trkpt>
        <trkpt lat="-2.26045566666667" lon="102.07225475">
            <ele>266.614</ele>
            <time>2024-07-24T09:32:22+07:00</time>
        </trkpt>
        <trkpt lat="-2.26029301666667" lon="102.072238466667">
            <ele>264.84</ele>
            <time>2024-07-24T09:32:24+07:00</time>
        </trkpt>
        <trkpt lat="-2.26009958333333" lon="102.0722467">
            <ele>262.634</ele>
            <time>2024-07-24T09:32:26+07:00</time>
        </trkpt>
        <trkpt lat="-2.25984891666667" lon="102.072254233333">
            <ele>262.564</ele>
            <time>2024-07-24T09:32:28+07:00</time>
        </trkpt>
        <trkpt lat="-2.25955581666667" lon="102.072269566667">
            <ele>262.644</ele>
            <time>2024-07-24T09:32:30+07:00</time>
        </trkpt>
        <trkpt lat="-2.25919863333333" lon="102.07231225">
            <ele>259.603</ele>
            <time>2024-07-24T09:32:32+07:00</time>
        </trkpt>
        <trkpt lat="-2.25891398333333" lon="102.072241016667">
            <ele>266.081</ele>
            <time>2024-07-24T09:32:34+07:00</time>
        </trkpt>
        <trkpt lat="-2.25866028333333" lon="102.072266666667">
            <ele>265.998</ele>
            <time>2024-07-24T09:32:36+07:00</time>
        </trkpt>
        <trkpt lat="-2.25839948333333" lon="102.072314433333">
            <ele>267.432</ele>
            <time>2024-07-24T09:32:38+07:00</time>
        </trkpt>
        <trkpt lat="-2.25817531666667" lon="102.07233045">
            <ele>267.158</ele>
            <time>2024-07-24T09:32:40+07:00</time>
        </trkpt>
        <trkpt lat="-2.25795885" lon="102.072290566667">
            <ele>264.665</ele>
            <time>2024-07-24T09:32:42+07:00</time>
        </trkpt>
        <trkpt lat="-2.2577613" lon="102.07224045">
            <ele>268.441</ele>
            <time>2024-07-24T09:32:44+07:00</time>
        </trkpt>
        <trkpt lat="-2.25759066666667" lon="102.072189783333">
            <ele>271.776</ele>
            <time>2024-07-24T09:32:46+07:00</time>
        </trkpt>
        <trkpt lat="-2.25746608333333" lon="102.072133133333">
            <ele>270.667</ele>
            <time>2024-07-24T09:32:48+07:00</time>
        </trkpt>
        <trkpt lat="-2.25736136666667" lon="102.072062">
            <ele>266.326</ele>
            <time>2024-07-24T09:32:50+07:00</time>
        </trkpt>
        <trkpt lat="-2.25726755" lon="102.0719804">
            <ele>264.973</ele>
            <time>2024-07-24T09:32:52+07:00</time>
        </trkpt>
        <trkpt lat="-2.25718045" lon="102.07193125">
            <ele>265.698</ele>
            <time>2024-07-24T09:32:54+07:00</time>
        </trkpt>
        <trkpt lat="-2.25709466666667" lon="102.071868766667">
            <ele>261.675</ele>
            <time>2024-07-24T09:32:56+07:00</time>
        </trkpt>
        <trkpt lat="-2.25697791666667" lon="102.071821433333">
            <ele>260.915</ele>
            <time>2024-07-24T09:32:58+07:00</time>
        </trkpt>
        <trkpt lat="-2.25685191666667" lon="102.07177635">
            <ele>259.845</ele>
            <time>2024-07-24T09:33:00+07:00</time>
        </trkpt>
        <trkpt lat="-2.2567146" lon="102.07172515">
            <ele>261.019</ele>
            <time>2024-07-24T09:33:02+07:00</time>
        </trkpt>
        <trkpt lat="-2.25656871666667" lon="102.071688516667">
            <ele>263.291</ele>
            <time>2024-07-24T09:33:04+07:00</time>
        </trkpt>
        <trkpt lat="-2.25641993333333" lon="102.0716799">
            <ele>264.182</ele>
            <time>2024-07-24T09:33:06+07:00</time>
        </trkpt>
        <trkpt lat="-2.25633363333333" lon="102.071666266667">
            <ele>267.106</ele>
            <time>2024-07-24T09:33:08+07:00</time>
        </trkpt>
        <trkpt lat="-2.25626393333333" lon="102.071654733333">
            <ele>267.25</ele>
            <time>2024-07-24T09:33:10+07:00</time>
        </trkpt>
        <trkpt lat="-2.25616716666667" lon="102.0716547">
            <ele>266.76</ele>
            <time>2024-07-24T09:33:12+07:00</time>
        </trkpt>
        <trkpt lat="-2.25605011666667" lon="102.071651466667">
            <ele>267.608</ele>
            <time>2024-07-24T09:33:14+07:00</time>
        </trkpt>
        <trkpt lat="-2.25589465" lon="102.071650566667">
            <ele>268.574</ele>
            <time>2024-07-24T09:33:16+07:00</time>
        </trkpt>
        <trkpt lat="-2.25571593333333" lon="102.071662166667">
            <ele>268.876</ele>
            <time>2024-07-24T09:33:18+07:00</time>
        </trkpt>
        <trkpt lat="-2.25555091666667" lon="102.071662516667">
            <ele>265.347</ele>
            <time>2024-07-24T09:33:20+07:00</time>
        </trkpt>
        <trkpt lat="-2.25540268333333" lon="102.071669116667">
            <ele>261.586</ele>
            <time>2024-07-24T09:33:22+07:00</time>
        </trkpt>
        <trkpt lat="-2.25523238333333" lon="102.07171155">
            <ele>257.607</ele>
            <time>2024-07-24T09:33:24+07:00</time>
        </trkpt>
        <trkpt lat="-2.25505178333333" lon="102.071742633333">
            <ele>255.385</ele>
            <time>2024-07-24T09:33:26+07:00</time>
        </trkpt>
        <trkpt lat="-2.25489586666667" lon="102.071754983333">
            <ele>252.598</ele>
            <time>2024-07-24T09:33:28+07:00</time>
        </trkpt>
        <trkpt lat="-2.2547546" lon="102.071752716667">
            <ele>254.791</ele>
            <time>2024-07-24T09:33:30+07:00</time>
        </trkpt>
        <trkpt lat="-2.25461663333333" lon="102.0717418">
            <ele>256.244</ele>
            <time>2024-07-24T09:33:32+07:00</time>
        </trkpt>
        <trkpt lat="-2.25446428333333" lon="102.071748583333">
            <ele>257.766</ele>
            <time>2024-07-24T09:33:34+07:00</time>
        </trkpt>
        <trkpt lat="-2.25429968333333" lon="102.071758133333">
            <ele>257.261</ele>
            <time>2024-07-24T09:33:36+07:00</time>
        </trkpt>
        <trkpt lat="-2.25414988333333" lon="102.071767133333">
            <ele>258.399</ele>
            <time>2024-07-24T09:33:38+07:00</time>
        </trkpt>
        <trkpt lat="-2.2539887" lon="102.071772333333">
            <ele>263.011</ele>
            <time>2024-07-24T09:33:40+07:00</time>
        </trkpt>
        <trkpt lat="-2.25381771666667" lon="102.071744183333">
            <ele>261.661</ele>
            <time>2024-07-24T09:33:42+07:00</time>
        </trkpt>
        <trkpt lat="-2.25367725" lon="102.071703533333">
            <ele>268.194</ele>
            <time>2024-07-24T09:33:44+07:00</time>
        </trkpt>
        <trkpt lat="-2.25354681666667" lon="102.07164515">
            <ele>269.524</ele>
            <time>2024-07-24T09:33:46+07:00</time>
        </trkpt>
        <trkpt lat="-2.25340501666667" lon="102.071589683333">
            <ele>267.066</ele>
            <time>2024-07-24T09:33:48+07:00</time>
        </trkpt>
        <trkpt lat="-2.25328038333333" lon="102.071542783333">
            <ele>261.968</ele>
            <time>2024-07-24T09:33:50+07:00</time>
        </trkpt>
        <trkpt lat="-2.25315161666667" lon="102.07152535">
            <ele>256.912</ele>
            <time>2024-07-24T09:33:52+07:00</time>
        </trkpt>
        <trkpt lat="-2.25302156666667" lon="102.071516883333">
            <ele>256.704</ele>
            <time>2024-07-24T09:33:54+07:00</time>
        </trkpt>
        <trkpt lat="-2.252911" lon="102.071489916667">
            <ele>253.748</ele>
            <time>2024-07-24T09:33:56+07:00</time>
        </trkpt>
        <trkpt lat="-2.25282016666667" lon="102.07145965">
            <ele>251.235</ele>
            <time>2024-07-24T09:33:58+07:00</time>
        </trkpt>
        <trkpt lat="-2.25274276666667" lon="102.071416933333">
            <ele>249.827</ele>
            <time>2024-07-24T09:34:00+07:00</time>
        </trkpt>
        <trkpt lat="-2.25265748333333" lon="102.071360066667">
            <ele>247.438</ele>
            <time>2024-07-24T09:34:02+07:00</time>
        </trkpt>
        <trkpt lat="-2.25254406666667" lon="102.071295866667">
            <ele>244.327</ele>
            <time>2024-07-24T09:34:04+07:00</time>
        </trkpt>
        <trkpt lat="-2.25242576666667" lon="102.071239566667">
            <ele>246.27</ele>
            <time>2024-07-24T09:34:06+07:00</time>
        </trkpt>
        <trkpt lat="-2.25231526666667" lon="102.071207316667">
            <ele>245.724</ele>
            <time>2024-07-24T09:34:08+07:00</time>
        </trkpt>
        <trkpt lat="-2.25221156666667" lon="102.07117395">
            <ele>249.95</ele>
            <time>2024-07-24T09:34:10+07:00</time>
        </trkpt>
        <trkpt lat="-2.25210231666667" lon="102.071158516667">
            <ele>249.474</ele>
            <time>2024-07-24T09:34:12+07:00</time>
        </trkpt>
        <trkpt lat="-2.25200176666667" lon="102.07115455">
            <ele>247.029</ele>
            <time>2024-07-24T09:34:14+07:00</time>
        </trkpt>
        <trkpt lat="-2.25187935" lon="102.071169816667">
            <ele>243.627</ele>
            <time>2024-07-24T09:34:16+07:00</time>
        </trkpt>
        <trkpt lat="-2.25174561666667" lon="102.07121995">
            <ele>244.521</ele>
            <time>2024-07-24T09:34:18+07:00</time>
        </trkpt>
        <trkpt lat="-2.251614" lon="102.071279816667">
            <ele>248.682</ele>
            <time>2024-07-24T09:34:20+07:00</time>
        </trkpt>
        <trkpt lat="-2.25148291666667" lon="102.071336666667">
            <ele>248.121</ele>
            <time>2024-07-24T09:34:22+07:00</time>
        </trkpt>
        <trkpt lat="-2.25136501666667" lon="102.071384133333">
            <ele>251.536</ele>
            <time>2024-07-24T09:34:24+07:00</time>
        </trkpt>
        <trkpt lat="-2.25125551666667" lon="102.071394066667">
            <ele>254.385</ele>
            <time>2024-07-24T09:34:26+07:00</time>
        </trkpt>
        <trkpt lat="-2.25116176666667" lon="102.071331333333">
            <ele>250.148</ele>
            <time>2024-07-24T09:34:28+07:00</time>
        </trkpt>
        <trkpt lat="-2.25108273333333" lon="102.071240683333">
            <ele>245.871</ele>
            <time>2024-07-24T09:34:30+07:00</time>
        </trkpt>
        <trkpt lat="-2.25100045" lon="102.071159616667">
            <ele>246.777</ele>
            <time>2024-07-24T09:34:32+07:00</time>
        </trkpt>
        <trkpt lat="-2.25086761666667" lon="102.071071866667">
            <ele>247.389</ele>
            <time>2024-07-24T09:34:34+07:00</time>
        </trkpt>
        <trkpt lat="-2.25075675" lon="102.070954466667">
            <ele>250.197</ele>
            <time>2024-07-24T09:34:36+07:00</time>
        </trkpt>
        <trkpt lat="-2.25065283333333" lon="102.07084585">
            <ele>251.751</ele>
            <time>2024-07-24T09:34:38+07:00</time>
        </trkpt>
        <trkpt lat="-2.2505929" lon="102.07072995">
            <ele>253.785</ele>
            <time>2024-07-24T09:34:40+07:00</time>
        </trkpt>
        <trkpt lat="-2.25056708333333" lon="102.070575583333">
            <ele>253.039</ele>
            <time>2024-07-24T09:34:42+07:00</time>
        </trkpt>
        <trkpt lat="-2.2505206" lon="102.070415766667">
            <ele>255.197</ele>
            <time>2024-07-24T09:34:44+07:00</time>
        </trkpt>
        <trkpt lat="-2.25045265" lon="102.070301233333">
            <ele>260.753</ele>
            <time>2024-07-24T09:34:46+07:00</time>
        </trkpt>
        <trkpt lat="-2.25038858333333" lon="102.0702008">
            <ele>266.27</ele>
            <time>2024-07-24T09:34:48+07:00</time>
        </trkpt>
        <trkpt lat="-2.250299" lon="102.070070316667">
            <ele>271.167</ele>
            <time>2024-07-24T09:34:50+07:00</time>
        </trkpt>
        <trkpt lat="-2.25025065" lon="102.069958866667">
            <ele>275.131</ele>
            <time>2024-07-24T09:34:52+07:00</time>
        </trkpt>
        <trkpt lat="-2.25021216666667" lon="102.069835216667">
            <ele>274.224</ele>
            <time>2024-07-24T09:34:54+07:00</time>
        </trkpt>
        <trkpt lat="-2.25017343333333" lon="102.069675516667">
            <ele>272.068</ele>
            <time>2024-07-24T09:34:56+07:00</time>
        </trkpt>
        <trkpt lat="-2.25010905" lon="102.0695141">
            <ele>270.917</ele>
            <time>2024-07-24T09:34:58+07:00</time>
        </trkpt>
        <trkpt lat="-2.2500776" lon="102.069374016667">
            <ele>269.626</ele>
            <time>2024-07-24T09:35:00+07:00</time>
        </trkpt>
        <trkpt lat="-2.25006068333333" lon="102.0692499">
            <ele>270.492</ele>
            <time>2024-07-24T09:35:02+07:00</time>
        </trkpt>
        <trkpt lat="-2.25000415" lon="102.069152216667">
            <ele>270.108</ele>
            <time>2024-07-24T09:35:04+07:00</time>
        </trkpt>
        <trkpt lat="-2.24990265" lon="102.069065716667">
            <ele>267.992</ele>
            <time>2024-07-24T09:35:06+07:00</time>
        </trkpt>
        <trkpt lat="-2.24981461666667" lon="102.06898425">
            <ele>267.613</ele>
            <time>2024-07-24T09:35:08+07:00</time>
        </trkpt>
        <trkpt lat="-2.2497134" lon="102.068900933333">
            <ele>267.427</ele>
            <time>2024-07-24T09:35:10+07:00</time>
        </trkpt>
        <trkpt lat="-2.2496344" lon="102.068826683333">
            <ele>261.397</ele>
            <time>2024-07-24T09:35:12+07:00</time>
        </trkpt>
        <trkpt lat="-2.2495895" lon="102.068783633333">
            <ele>253.502</ele>
            <time>2024-07-24T09:35:14+07:00</time>
        </trkpt>
        <trkpt lat="-2.24949076666667" lon="102.068783033333">
            <ele>248.107</ele>
            <time>2024-07-24T09:35:16+07:00</time>
        </trkpt>
        <trkpt lat="-2.24934375" lon="102.068810383333">
            <ele>252.032</ele>
            <time>2024-07-24T09:35:18+07:00</time>
        </trkpt>
        <trkpt lat="-2.24922553333333" lon="102.0687893">
            <ele>257.862</ele>
            <time>2024-07-24T09:35:20+07:00</time>
        </trkpt>
        <trkpt lat="-2.24918155" lon="102.068712583333">
            <ele>261.423</ele>
            <time>2024-07-24T09:35:22+07:00</time>
        </trkpt>
        <trkpt lat="-2.24917538333333" lon="102.068684733333">
            <ele>262.561</ele>
            <time>2024-07-24T09:35:24+07:00</time>
        </trkpt>
        <trkpt lat="-2.24919855" lon="102.068710033333">
            <ele>259.267</ele>
            <time>2024-07-24T09:35:29+07:00</time>
        </trkpt>
        <trkpt lat="-2.24923353333333" lon="102.0687855">
            <ele>253.258</ele>
            <time>2024-07-24T09:35:31+07:00</time>
        </trkpt>
        <trkpt lat="-2.24928525" lon="102.0688516">
            <ele>251.48</ele>
            <time>2024-07-24T09:35:33+07:00</time>
        </trkpt>
        <trkpt lat="-2.2493618" lon="102.06889485">
            <ele>255.845</ele>
            <time>2024-07-24T09:35:35+07:00</time>
        </trkpt>
        <trkpt lat="-2.24943443333333" lon="102.068921483333">
            <ele>257.096</ele>
            <time>2024-07-24T09:35:37+07:00</time>
        </trkpt>
        <trkpt lat="-2.24950691666667" lon="102.068935066667">
            <ele>261.907</ele>
            <time>2024-07-24T09:35:39+07:00</time>
        </trkpt>
        <trkpt lat="-2.24953683333333" lon="102.068938933333">
            <ele>261.24</ele>
            <time>2024-07-24T09:35:41+07:00</time>
        </trkpt>
        <trkpt lat="-2.24954643333333" lon="102.0689196">
            <ele>260.962</ele>
            <time>2024-07-24T09:35:43+07:00</time>
        </trkpt>
        <trkpt lat="-2.24948563333333" lon="102.0689031">
            <ele>257.833</ele>
            <time>2024-07-24T09:35:45+07:00</time>
        </trkpt>
        <trkpt lat="-2.24938886666667" lon="102.0688872">
            <ele>260.275</ele>
            <time>2024-07-24T09:35:47+07:00</time>
        </trkpt>
        <trkpt lat="-2.24927765" lon="102.068838916667">
            <ele>260.749</ele>
            <time>2024-07-24T09:35:49+07:00</time>
        </trkpt>
        <trkpt lat="-2.24919616666667" lon="102.0688016">
            <ele>262.963</ele>
            <time>2024-07-24T09:35:51+07:00</time>
        </trkpt>
        <trkpt lat="-2.24915525" lon="102.068775916667">
            <ele>267.128</ele>
            <time>2024-07-24T09:35:53+07:00</time>
        </trkpt>
        <trkpt lat="-2.24913386666667" lon="102.06872995">
            <ele>262.876</ele>
            <time>2024-07-24T09:35:55+07:00</time>
        </trkpt>
        <trkpt lat="-2.24915078333333" lon="102.068696333333">
            <ele>261.624</ele>
            <time>2024-07-24T09:36:03+07:00</time>
        </trkpt>
        <trkpt lat="-2.24917891666667" lon="102.0686285">
            <ele>257.713</ele>
            <time>2024-07-24T09:36:05+07:00</time>
        </trkpt>
        <trkpt lat="-2.2491932" lon="102.06852615">
            <ele>254.757</ele>
            <time>2024-07-24T09:36:07+07:00</time>
        </trkpt>
        <trkpt lat="-2.24918803333333" lon="102.068425016667">
            <ele>255.238</ele>
            <time>2024-07-24T09:36:09+07:00</time>
        </trkpt>
        <trkpt lat="-2.24919738333333" lon="102.068326116667">
            <ele>255.186</ele>
            <time>2024-07-24T09:36:11+07:00</time>
        </trkpt>
        <trkpt lat="-2.24919033333333" lon="102.06822185">
            <ele>258.611</ele>
            <time>2024-07-24T09:36:13+07:00</time>
        </trkpt>
        <trkpt lat="-2.2491864" lon="102.068107516667">
            <ele>257.402</ele>
            <time>2024-07-24T09:36:15+07:00</time>
        </trkpt>
        <trkpt lat="-2.24920073333333" lon="102.068016083333">
            <ele>253.098</ele>
            <time>2024-07-24T09:36:17+07:00</time>
        </trkpt>
        <trkpt lat="-2.24916345" lon="102.067908983333">
            <ele>249.858</ele>
            <time>2024-07-24T09:36:19+07:00</time>
        </trkpt>
        <trkpt lat="-2.24906785" lon="102.067797033333">
            <ele>249.218</ele>
            <time>2024-07-24T09:36:21+07:00</time>
        </trkpt>
        <trkpt lat="-2.24895266666667" lon="102.067688466667">
            <ele>247.344</ele>
            <time>2024-07-24T09:36:23+07:00</time>
        </trkpt>
        <trkpt lat="-2.24885186666667" lon="102.067617566667">
            <ele>248.173</ele>
            <time>2024-07-24T09:36:25+07:00</time>
        </trkpt>
        <trkpt lat="-2.24874788333333" lon="102.067586">
            <ele>254.827</ele>
            <time>2024-07-24T09:36:27+07:00</time>
        </trkpt>
        <trkpt lat="-2.24863981666667" lon="102.067583383333">
            <ele>260.808</ele>
            <time>2024-07-24T09:36:29+07:00</time>
        </trkpt>
        <trkpt lat="-2.24853338333333" lon="102.067602616667">
            <ele>263.534</ele>
            <time>2024-07-24T09:36:31+07:00</time>
        </trkpt>
        <trkpt lat="-2.24843096666667" lon="102.06757865">
            <ele>268.663</ele>
            <time>2024-07-24T09:36:33+07:00</time>
        </trkpt>
        <trkpt lat="-2.2483569" lon="102.0675316">
            <ele>270.945</ele>
            <time>2024-07-24T09:36:35+07:00</time>
        </trkpt>
        <trkpt lat="-2.2482932" lon="102.067469466667">
            <ele>271.515</ele>
            <time>2024-07-24T09:36:37+07:00</time>
        </trkpt>
        <trkpt lat="-2.24825026666667" lon="102.067407383333">
            <ele>271.562</ele>
            <time>2024-07-24T09:36:39+07:00</time>
        </trkpt>
        <trkpt lat="-2.24818348333333" lon="102.067323633333">
            <ele>270.722</ele>
            <time>2024-07-24T09:36:41+07:00</time>
        </trkpt>
        <trkpt lat="-2.24811048333333" lon="102.06721655">
            <ele>270.981</ele>
            <time>2024-07-24T09:36:43+07:00</time>
        </trkpt>
        <trkpt lat="-2.24803293333333" lon="102.067108783333">
            <ele>273.949</ele>
            <time>2024-07-24T09:36:45+07:00</time>
        </trkpt>
        <trkpt lat="-2.24790313333333" lon="102.066979366667">
            <ele>274.114</ele>
            <time>2024-07-24T09:36:47+07:00</time>
        </trkpt>
        <trkpt lat="-2.24778935" lon="102.06684785">
            <ele>270.828</ele>
            <time>2024-07-24T09:36:49+07:00</time>
        </trkpt>
        <trkpt lat="-2.24770018333333" lon="102.066738216667">
            <ele>266.766</ele>
            <time>2024-07-24T09:36:51+07:00</time>
        </trkpt>
        <trkpt lat="-2.24761835" lon="102.066648416667">
            <ele>265.912</ele>
            <time>2024-07-24T09:36:53+07:00</time>
        </trkpt>
        <trkpt lat="-2.24753101666667" lon="102.0665593">
            <ele>268.344</ele>
            <time>2024-07-24T09:36:55+07:00</time>
        </trkpt>
        <trkpt lat="-2.24742065" lon="102.066454483333">
            <ele>269.665</ele>
            <time>2024-07-24T09:36:57+07:00</time>
        </trkpt>
        <trkpt lat="-2.24730683333333" lon="102.066349016667">
            <ele>273.379</ele>
            <time>2024-07-24T09:36:59+07:00</time>
        </trkpt>
        <trkpt lat="-2.2472178" lon="102.0662481">
            <ele>277.987</ele>
            <time>2024-07-24T09:37:01+07:00</time>
        </trkpt>
        <trkpt lat="-2.24715006666667" lon="102.066174483333">
            <ele>279.021</ele>
            <time>2024-07-24T09:37:03+07:00</time>
        </trkpt>
        <trkpt lat="-2.24708598333333" lon="102.066121166667">
            <ele>279.429</ele>
            <time>2024-07-24T09:37:05+07:00</time>
        </trkpt>
        <trkpt lat="-2.24702403333333" lon="102.066043983333">
            <ele>277.044</ele>
            <time>2024-07-24T09:37:07+07:00</time>
        </trkpt>
        <trkpt lat="-2.24697578333333" lon="102.0659753">
            <ele>274.955</ele>
            <time>2024-07-24T09:37:09+07:00</time>
        </trkpt>
        <trkpt lat="-2.24691296666667" lon="102.0659353">
            <ele>275.313</ele>
            <time>2024-07-24T09:37:11+07:00</time>
        </trkpt>
        <trkpt lat="-2.24682613333333" lon="102.06586585">
            <ele>275.452</ele>
            <time>2024-07-24T09:37:13+07:00</time>
        </trkpt>
        <trkpt lat="-2.2467175" lon="102.0657719">
            <ele>275.886</ele>
            <time>2024-07-24T09:37:15+07:00</time>
        </trkpt>
        <trkpt lat="-2.24659578333333" lon="102.065673633333">
            <ele>274.84</ele>
            <time>2024-07-24T09:37:17+07:00</time>
        </trkpt>
        <trkpt lat="-2.2464448" lon="102.065579066667">
            <ele>274.035</ele>
            <time>2024-07-24T09:37:19+07:00</time>
        </trkpt>
        <trkpt lat="-2.24630196666667" lon="102.065500516667">
            <ele>273.044</ele>
            <time>2024-07-24T09:37:21+07:00</time>
        </trkpt>
        <trkpt lat="-2.24617241666667" lon="102.06545665">
            <ele>272.578</ele>
            <time>2024-07-24T09:37:23+07:00</time>
        </trkpt>
        <trkpt lat="-2.24603608333333" lon="102.065410933333">
            <ele>274.609</ele>
            <time>2024-07-24T09:37:25+07:00</time>
        </trkpt>
        <trkpt lat="-2.24589325" lon="102.065390283333">
            <ele>277.579</ele>
            <time>2024-07-24T09:37:27+07:00</time>
        </trkpt>
        <trkpt lat="-2.24575668333333" lon="102.065398883333">
            <ele>278.591</ele>
            <time>2024-07-24T09:37:29+07:00</time>
        </trkpt>
        <trkpt lat="-2.24562205" lon="102.065409733333">
            <ele>278.154</ele>
            <time>2024-07-24T09:37:31+07:00</time>
        </trkpt>
        <trkpt lat="-2.24545105" lon="102.065430866667">
            <ele>280.31</ele>
            <time>2024-07-24T09:37:33+07:00</time>
        </trkpt>
        <trkpt lat="-2.24528985" lon="102.0654566">
            <ele>280.607</ele>
            <time>2024-07-24T09:37:35+07:00</time>
        </trkpt>
        <trkpt lat="-2.24518456666667" lon="102.0654651">
            <ele>283.579</ele>
            <time>2024-07-24T09:37:37+07:00</time>
        </trkpt>
        <trkpt lat="-2.2450749" lon="102.065466533333">
            <ele>283.86</ele>
            <time>2024-07-24T09:37:39+07:00</time>
        </trkpt>
        <trkpt lat="-2.24492828333333" lon="102.065460566667">
            <ele>283.212</ele>
            <time>2024-07-24T09:37:41+07:00</time>
        </trkpt>
        <trkpt lat="-2.24477073333333" lon="102.065447766667">
            <ele>280.187</ele>
            <time>2024-07-24T09:37:43+07:00</time>
        </trkpt>
        <trkpt lat="-2.24460013333333" lon="102.065404983333">
            <ele>278.921</ele>
            <time>2024-07-24T09:37:45+07:00</time>
        </trkpt>
        <trkpt lat="-2.24444201666667" lon="102.06532985">
            <ele>278.185</ele>
            <time>2024-07-24T09:37:47+07:00</time>
        </trkpt>
        <trkpt lat="-2.24428875" lon="102.06521195">
            <ele>277.302</ele>
            <time>2024-07-24T09:37:49+07:00</time>
        </trkpt>
        <trkpt lat="-2.24414661666667" lon="102.065077066667">
            <ele>277.02</ele>
            <time>2024-07-24T09:37:51+07:00</time>
        </trkpt>
        <trkpt lat="-2.24402753333333" lon="102.064992233333">
            <ele>274.831</ele>
            <time>2024-07-24T09:37:53+07:00</time>
        </trkpt>
        <trkpt lat="-2.24391371666667" lon="102.064916733333">
            <ele>273.274</ele>
            <time>2024-07-24T09:37:55+07:00</time>
        </trkpt>
        <trkpt lat="-2.24380431666667" lon="102.0648194">
            <ele>273.895</ele>
            <time>2024-07-24T09:37:57+07:00</time>
        </trkpt>
        <trkpt lat="-2.2437055" lon="102.064726283333">
            <ele>274.13</ele>
            <time>2024-07-24T09:37:59+07:00</time>
        </trkpt>
        <trkpt lat="-2.24358818333333" lon="102.0646357">
            <ele>275.552</ele>
            <time>2024-07-24T09:38:01+07:00</time>
        </trkpt>
        <trkpt lat="-2.24348133333333" lon="102.064567683333">
            <ele>282.905</ele>
            <time>2024-07-24T09:38:03+07:00</time>
        </trkpt>
        <trkpt lat="-2.24335118333333" lon="102.064525083333">
            <ele>286.371</ele>
            <time>2024-07-24T09:38:05+07:00</time>
        </trkpt>
        <trkpt lat="-2.24322798333333" lon="102.064489283333">
            <ele>289.972</ele>
            <time>2024-07-24T09:38:07+07:00</time>
        </trkpt>
        <trkpt lat="-2.2431206" lon="102.06443505">
            <ele>280.87</ele>
            <time>2024-07-24T09:38:09+07:00</time>
        </trkpt>
        <trkpt lat="-2.24301318333333" lon="102.064374883333">
            <ele>275.93</ele>
            <time>2024-07-24T09:38:11+07:00</time>
        </trkpt>
        <trkpt lat="-2.24293878333333" lon="102.064296833333">
            <ele>271.036</ele>
            <time>2024-07-24T09:38:13+07:00</time>
        </trkpt>
        <trkpt lat="-2.24287585" lon="102.064207033333">
            <ele>268.491</ele>
            <time>2024-07-24T09:38:15+07:00</time>
        </trkpt>
        <trkpt lat="-2.24281801666667" lon="102.06411095">
            <ele>268.612</ele>
            <time>2024-07-24T09:38:17+07:00</time>
        </trkpt>
        <trkpt lat="-2.2427658" lon="102.0640062">
            <ele>265.975</ele>
            <time>2024-07-24T09:38:19+07:00</time>
        </trkpt>
        <trkpt lat="-2.24264981666667" lon="102.063950683333">
            <ele>265.218</ele>
            <time>2024-07-24T09:38:21+07:00</time>
        </trkpt>
        <trkpt lat="-2.24249188333333" lon="102.063948">
            <ele>261.597</ele>
            <time>2024-07-24T09:38:23+07:00</time>
        </trkpt>
        <trkpt lat="-2.24233765" lon="102.063999083333">
            <ele>261.158</ele>
            <time>2024-07-24T09:38:25+07:00</time>
        </trkpt>
        <trkpt lat="-2.24219628333333" lon="102.064067">
            <ele>256.34</ele>
            <time>2024-07-24T09:38:27+07:00</time>
        </trkpt>
        <trkpt lat="-2.24208791666667" lon="102.064144483333">
            <ele>256.014</ele>
            <time>2024-07-24T09:38:29+07:00</time>
        </trkpt>
        <trkpt lat="-2.24200251666667" lon="102.064128">
            <ele>259.827</ele>
            <time>2024-07-24T09:38:31+07:00</time>
        </trkpt>
        <trkpt lat="-2.2419437" lon="102.0639961">
            <ele>262.981</ele>
            <time>2024-07-24T09:38:33+07:00</time>
        </trkpt>
        <trkpt lat="-2.24188676666667" lon="102.063825316667">
            <ele>267.32</ele>
            <time>2024-07-24T09:38:35+07:00</time>
        </trkpt>
        <trkpt lat="-2.24181816666667" lon="102.063652216667">
            <ele>269.48</ele>
            <time>2024-07-24T09:38:37+07:00</time>
        </trkpt>
        <trkpt lat="-2.24173881666667" lon="102.063533466667">
            <ele>270.211</ele>
            <time>2024-07-24T09:38:39+07:00</time>
        </trkpt>
        <trkpt lat="-2.24165876666667" lon="102.063437766667">
            <ele>271.264</ele>
            <time>2024-07-24T09:38:41+07:00</time>
        </trkpt>
        <trkpt lat="-2.24154151666667" lon="102.063323966667">
            <ele>273.429</ele>
            <time>2024-07-24T09:38:43+07:00</time>
        </trkpt>
        <trkpt lat="-2.24139921666667" lon="102.0632154">
            <ele>271.7</ele>
            <time>2024-07-24T09:38:45+07:00</time>
        </trkpt>
        <trkpt lat="-2.24123316666667" lon="102.063109983333">
            <ele>271.352</ele>
            <time>2024-07-24T09:38:47+07:00</time>
        </trkpt>
        <trkpt lat="-2.24109466666667" lon="102.063021216667">
            <ele>268.5</ele>
            <time>2024-07-24T09:38:49+07:00</time>
        </trkpt>
        <trkpt lat="-2.2409672" lon="102.0629518">
            <ele>269.757</ele>
            <time>2024-07-24T09:38:51+07:00</time>
        </trkpt>
        <trkpt lat="-2.24084068333333" lon="102.062865016667">
            <ele>266.137</ele>
            <time>2024-07-24T09:38:53+07:00</time>
        </trkpt>
        <trkpt lat="-2.24069373333333" lon="102.062807616667">
            <ele>265.754</ele>
            <time>2024-07-24T09:38:55+07:00</time>
        </trkpt>
        <trkpt lat="-2.2405242" lon="102.062756333333">
            <ele>266.596</ele>
            <time>2024-07-24T09:38:57+07:00</time>
        </trkpt>
        <trkpt lat="-2.24031091666667" lon="102.062744183333">
            <ele>268.865</ele>
            <time>2024-07-24T09:38:59+07:00</time>
        </trkpt>
        <trkpt lat="-2.24008938333333" lon="102.062745883333">
            <ele>270.509</ele>
            <time>2024-07-24T09:39:01+07:00</time>
        </trkpt>
        <trkpt lat="-2.23988305" lon="102.062753766667">
            <ele>267.662</ele>
            <time>2024-07-24T09:39:03+07:00</time>
        </trkpt>
        <trkpt lat="-2.23967521666667" lon="102.062781783333">
            <ele>267.158</ele>
            <time>2024-07-24T09:39:05+07:00</time>
        </trkpt>
        <trkpt lat="-2.23947741666667" lon="102.062804383333">
            <ele>266.925</ele>
            <time>2024-07-24T09:39:07+07:00</time>
        </trkpt>
        <trkpt lat="-2.23927236666667" lon="102.062788666667">
            <ele>266.731</ele>
            <time>2024-07-24T09:39:09+07:00</time>
        </trkpt>
        <trkpt lat="-2.23906343333333" lon="102.062729333333">
            <ele>272.081</ele>
            <time>2024-07-24T09:39:11+07:00</time>
        </trkpt>
        <trkpt lat="-2.23884795" lon="102.062660483333">
            <ele>275.451</ele>
            <time>2024-07-24T09:39:13+07:00</time>
        </trkpt>
        <trkpt lat="-2.238654" lon="102.062592383333">
            <ele>276.291</ele>
            <time>2024-07-24T09:39:15+07:00</time>
        </trkpt>
        <trkpt lat="-2.23845946666667" lon="102.062562266667">
            <ele>277.045</ele>
            <time>2024-07-24T09:39:17+07:00</time>
        </trkpt>
        <trkpt lat="-2.2382721" lon="102.062545016667">
            <ele>277.042</ele>
            <time>2024-07-24T09:39:19+07:00</time>
        </trkpt>
        <trkpt lat="-2.23809323333333" lon="102.062549566667">
            <ele>276.936</ele>
            <time>2024-07-24T09:39:21+07:00</time>
        </trkpt>
        <trkpt lat="-2.2379355" lon="102.06251675">
            <ele>278.129</ele>
            <time>2024-07-24T09:39:23+07:00</time>
        </trkpt>
        <trkpt lat="-2.23776713333333" lon="102.06244835">
            <ele>278.014</ele>
            <time>2024-07-24T09:39:25+07:00</time>
        </trkpt>
        <trkpt lat="-2.23759181666667" lon="102.062344616667">
            <ele>279.61</ele>
            <time>2024-07-24T09:39:27+07:00</time>
        </trkpt>
        <trkpt lat="-2.23742748333333" lon="102.062233166667">
            <ele>278.485</ele>
            <time>2024-07-24T09:39:29+07:00</time>
        </trkpt>
        <trkpt lat="-2.2372646" lon="102.06212215">
            <ele>278.468</ele>
            <time>2024-07-24T09:39:31+07:00</time>
        </trkpt>
        <trkpt lat="-2.23708981666667" lon="102.062077716667">
            <ele>280.476</ele>
            <time>2024-07-24T09:39:33+07:00</time>
        </trkpt>
        <trkpt lat="-2.23690571666667" lon="102.062063333333">
            <ele>282.007</ele>
            <time>2024-07-24T09:39:35+07:00</time>
        </trkpt>
        <trkpt lat="-2.23670531666667" lon="102.062043733333">
            <ele>280.929</ele>
            <time>2024-07-24T09:39:37+07:00</time>
        </trkpt>
        <trkpt lat="-2.23651191666667" lon="102.0619992">
            <ele>281.612</ele>
            <time>2024-07-24T09:39:39+07:00</time>
        </trkpt>
        <trkpt lat="-2.23633428333333" lon="102.061934066667">
            <ele>281.786</ele>
            <time>2024-07-24T09:39:41+07:00</time>
        </trkpt>
        <trkpt lat="-2.23617093333333" lon="102.061823433333">
            <ele>281.381</ele>
            <time>2024-07-24T09:39:43+07:00</time>
        </trkpt>
        <trkpt lat="-2.23600673333333" lon="102.061717516667">
            <ele>281.4</ele>
            <time>2024-07-24T09:39:45+07:00</time>
        </trkpt>
        <trkpt lat="-2.23586398333333" lon="102.061593283333">
            <ele>282.706</ele>
            <time>2024-07-24T09:39:47+07:00</time>
        </trkpt>
        <trkpt lat="-2.23574281666667" lon="102.061463216667">
            <ele>282.917</ele>
            <time>2024-07-24T09:39:49+07:00</time>
        </trkpt>
        <trkpt lat="-2.2356078" lon="102.061344016667">
            <ele>280.684</ele>
            <time>2024-07-24T09:39:51+07:00</time>
        </trkpt>
        <trkpt lat="-2.23543941666667" lon="102.061241916667">
            <ele>279.479</ele>
            <time>2024-07-24T09:39:53+07:00</time>
        </trkpt>
        <trkpt lat="-2.23526583333333" lon="102.061149933333">
            <ele>280.153</ele>
            <time>2024-07-24T09:39:55+07:00</time>
        </trkpt>
        <trkpt lat="-2.23508695" lon="102.0610493">
            <ele>282.036</ele>
            <time>2024-07-24T09:39:57+07:00</time>
        </trkpt>
        <trkpt lat="-2.23491566666667" lon="102.0609368">
            <ele>286.275</ele>
            <time>2024-07-24T09:39:59+07:00</time>
        </trkpt>
        <trkpt lat="-2.23477598333333" lon="102.060834366667">
            <ele>290.479</ele>
            <time>2024-07-24T09:40:01+07:00</time>
        </trkpt>
        <trkpt lat="-2.2346446" lon="102.060699783333">
            <ele>288.3</ele>
            <time>2024-07-24T09:40:03+07:00</time>
        </trkpt>
        <trkpt lat="-2.23455438333333" lon="102.06060025">
            <ele>289.06</ele>
            <time>2024-07-24T09:40:05+07:00</time>
        </trkpt>
        <trkpt lat="-2.23450271666667" lon="102.060501433333">
            <ele>285.632</ele>
            <time>2024-07-24T09:40:07+07:00</time>
        </trkpt>
        <trkpt lat="-2.23453331666667" lon="102.060416966667">
            <ele>281.357</ele>
            <time>2024-07-24T09:40:09+07:00</time>
        </trkpt>
        <trkpt lat="-2.23458155" lon="102.060310433333">
            <ele>273.064</ele>
            <time>2024-07-24T09:40:11+07:00</time>
        </trkpt>
        <trkpt lat="-2.23466558333333" lon="102.060219433333">
            <ele>271.324</ele>
            <time>2024-07-24T09:40:13+07:00</time>
        </trkpt>
        <trkpt lat="-2.23473415" lon="102.060147483333">
            <ele>271.994</ele>
            <time>2024-07-24T09:40:15+07:00</time>
        </trkpt>
        <trkpt lat="-2.23479306666667" lon="102.060057116667">
            <ele>271.181</ele>
            <time>2024-07-24T09:40:17+07:00</time>
        </trkpt>
        <trkpt lat="-2.2349025" lon="102.059999216667">
            <ele>273.983</ele>
            <time>2024-07-24T09:40:19+07:00</time>
        </trkpt>
        <trkpt lat="-2.23503601666667" lon="102.059995616667">
            <ele>276.32</ele>
            <time>2024-07-24T09:40:21+07:00</time>
        </trkpt>
        <trkpt lat="-2.2351495" lon="102.060006366667">
            <ele>279.226</ele>
            <time>2024-07-24T09:40:23+07:00</time>
        </trkpt>
        <trkpt lat="-2.23524936666667" lon="102.060012533333">
            <ele>280.999</ele>
            <time>2024-07-24T09:40:25+07:00</time>
        </trkpt>
        <trkpt lat="-2.2353385" lon="102.059982833333">
            <ele>278.538</ele>
            <time>2024-07-24T09:40:27+07:00</time>
        </trkpt>
        <trkpt lat="-2.23538881666667" lon="102.0599278">
            <ele>273.852</ele>
            <time>2024-07-24T09:40:29+07:00</time>
        </trkpt>
        <trkpt lat="-2.2354087" lon="102.05986445">
            <ele>271.354</ele>
            <time>2024-07-24T09:40:31+07:00</time>
        </trkpt>
        <trkpt lat="-2.2354428" lon="102.059785516667">
            <ele>270.332</ele>
            <time>2024-07-24T09:40:33+07:00</time>
        </trkpt>
        <trkpt lat="-2.23549136666667" lon="102.059759816667">
            <ele>266.465</ele>
            <time>2024-07-24T09:40:35+07:00</time>
        </trkpt>
        <trkpt lat="-2.2355392" lon="102.059755433333">
            <ele>265.14</ele>
            <time>2024-07-24T09:40:37+07:00</time>
        </trkpt>
        <trkpt lat="-2.23561176666667" lon="102.059727616667">
            <ele>265.495</ele>
            <time>2024-07-24T09:40:39+07:00</time>
        </trkpt>
        <trkpt lat="-2.2356627" lon="102.059679833333">
            <ele>267.722</ele>
            <time>2024-07-24T09:40:41+07:00</time>
        </trkpt>
        <trkpt lat="-2.2356756" lon="102.059575933333">
            <ele>268.566</ele>
            <time>2024-07-24T09:40:43+07:00</time>
        </trkpt>
        <trkpt lat="-2.23566446666667" lon="102.059506783333">
            <ele>268.582</ele>
            <time>2024-07-24T09:40:45+07:00</time>
        </trkpt>
        <trkpt lat="-2.23563676666667" lon="102.059466833333">
            <ele>266.384</ele>
            <time>2024-07-24T09:40:47+07:00</time>
        </trkpt>
        <trkpt lat="-2.23561748333333" lon="102.059418083333">
            <ele>267.839</ele>
            <time>2024-07-24T09:40:49+07:00</time>
        </trkpt>
        <trkpt lat="-2.23558486666667" lon="102.059363766667">
            <ele>267.016</ele>
            <time>2024-07-24T09:40:51+07:00</time>
        </trkpt>
        <trkpt lat="-2.23556983333333" lon="102.0593004">
            <ele>264.618</ele>
            <time>2024-07-24T09:40:53+07:00</time>
        </trkpt>
        <trkpt lat="-2.23555065" lon="102.059231566667">
            <ele>264.329</ele>
            <time>2024-07-24T09:40:55+07:00</time>
        </trkpt>
        <trkpt lat="-2.23553776666667" lon="102.05916">
            <ele>264.694</ele>
            <time>2024-07-24T09:40:57+07:00</time>
        </trkpt>
        <trkpt lat="-2.2355323" lon="102.059083833333">
            <ele>264.563</ele>
            <time>2024-07-24T09:40:59+07:00</time>
        </trkpt>
        <trkpt lat="-2.2355502" lon="102.0590202">
            <ele>273.272</ele>
            <time>2024-07-24T09:41:01+07:00</time>
        </trkpt>
        <trkpt lat="-2.23557048333333" lon="102.058961866667">
            <ele>274.05</ele>
            <time>2024-07-24T09:41:03+07:00</time>
        </trkpt>
        <trkpt lat="-2.23560333333333" lon="102.058871616667">
            <ele>272.513</ele>
            <time>2024-07-24T09:41:05+07:00</time>
        </trkpt>
        <trkpt lat="-2.235638" lon="102.0587683">
            <ele>271.926</ele>
            <time>2024-07-24T09:41:07+07:00</time>
        </trkpt>
        <trkpt lat="-2.23563275" lon="102.058658833333">
            <ele>263.488</ele>
            <time>2024-07-24T09:41:09+07:00</time>
        </trkpt>
        <trkpt lat="-2.23559528333333" lon="102.05854375">
            <ele>261.64</ele>
            <time>2024-07-24T09:41:11+07:00</time>
        </trkpt>
        <trkpt lat="-2.23552808333333" lon="102.058455016667">
            <ele>262.028</ele>
            <time>2024-07-24T09:41:13+07:00</time>
        </trkpt>
        <trkpt lat="-2.23548855" lon="102.058370083333">
            <ele>262.364</ele>
            <time>2024-07-24T09:41:15+07:00</time>
        </trkpt>
        <trkpt lat="-2.23553213333333" lon="102.058282683333">
            <ele>262.037</ele>
            <time>2024-07-24T09:41:17+07:00</time>
        </trkpt>
        <trkpt lat="-2.23561611666667" lon="102.058253166667">
            <ele>258.172</ele>
            <time>2024-07-24T09:41:19+07:00</time>
        </trkpt>
        <trkpt lat="-2.23572601666667" lon="102.05823345">
            <ele>253.87</ele>
            <time>2024-07-24T09:41:21+07:00</time>
        </trkpt>
        <trkpt lat="-2.23579778333333" lon="102.05822985">
            <ele>253.259</ele>
            <time>2024-07-24T09:41:23+07:00</time>
        </trkpt>
        <trkpt lat="-2.2358304" lon="102.058230783333">
            <ele>249.171</ele>
            <time>2024-07-24T09:41:25+07:00</time>
        </trkpt>
        <trkpt lat="-2.23585355" lon="102.05816835">
            <ele>242.855</ele>
            <time>2024-07-24T09:41:27+07:00</time>
        </trkpt>
        <trkpt lat="-2.2358686" lon="102.05810235">
            <ele>238.48</ele>
            <time>2024-07-24T09:41:29+07:00</time>
        </trkpt>
        <trkpt lat="-2.2357998" lon="102.058022516667">
            <ele>238.669</ele>
            <time>2024-07-24T09:41:31+07:00</time>
        </trkpt>
        <trkpt lat="-2.23573483333333" lon="102.057929366667">
            <ele>238.661</ele>
            <time>2024-07-24T09:41:33+07:00</time>
        </trkpt>
        <trkpt lat="-2.23566093333333" lon="102.0578667">
            <ele>242.584</ele>
            <time>2024-07-24T09:41:35+07:00</time>
        </trkpt>
        <trkpt lat="-2.23557395" lon="102.057820733333">
            <ele>241.827</ele>
            <time>2024-07-24T09:41:37+07:00</time>
        </trkpt>
        <trkpt lat="-2.2354622" lon="102.0578103">
            <ele>243.096</ele>
            <time>2024-07-24T09:41:39+07:00</time>
        </trkpt>
        <trkpt lat="-2.23532433333333" lon="102.057803133333">
            <ele>242.776</ele>
            <time>2024-07-24T09:41:41+07:00</time>
        </trkpt>
        <trkpt lat="-2.2351855" lon="102.0577727">
            <ele>245.358</ele>
            <time>2024-07-24T09:41:43+07:00</time>
        </trkpt>
        <trkpt lat="-2.23507621666667" lon="102.057695">
            <ele>246.277</ele>
            <time>2024-07-24T09:41:45+07:00</time>
        </trkpt>
        <trkpt lat="-2.23497193333333" lon="102.05757325">
            <ele>248.151</ele>
            <time>2024-07-24T09:41:47+07:00</time>
        </trkpt>
        <trkpt lat="-2.2349235" lon="102.057437066667">
            <ele>252.768</ele>
            <time>2024-07-24T09:41:49+07:00</time>
        </trkpt>
        <trkpt lat="-2.23497736666667" lon="102.05732185">
            <ele>254.533</ele>
            <time>2024-07-24T09:41:51+07:00</time>
        </trkpt>
        <trkpt lat="-2.23505611666667" lon="102.05722165">
            <ele>252.134</ele>
            <time>2024-07-24T09:41:53+07:00</time>
        </trkpt>
        <trkpt lat="-2.23511445" lon="102.057139116667">
            <ele>249.02</ele>
            <time>2024-07-24T09:41:55+07:00</time>
        </trkpt>
        <trkpt lat="-2.23513591666667" lon="102.057128366667">
            <ele>248.074</ele>
            <time>2024-07-24T09:41:57+07:00</time>
        </trkpt>
        <trkpt lat="-2.23522278333333" lon="102.057037766667">
            <ele>244.988</ele>
            <time>2024-07-24T09:41:59+07:00</time>
        </trkpt>
        <trkpt lat="-2.23532931666667" lon="102.056938166667">
            <ele>244.732</ele>
            <time>2024-07-24T09:42:01+07:00</time>
        </trkpt>
        <trkpt lat="-2.23547408333333" lon="102.056869583333">
            <ele>243.584</ele>
            <time>2024-07-24T09:42:03+07:00</time>
        </trkpt>
        <trkpt lat="-2.2355986" lon="102.056827983333">
            <ele>245.13</ele>
            <time>2024-07-24T09:42:05+07:00</time>
        </trkpt>
        <trkpt lat="-2.23568856666667" lon="102.056774016667">
            <ele>245.391</ele>
            <time>2024-07-24T09:42:07+07:00</time>
        </trkpt>
        <trkpt lat="-2.23574983333333" lon="102.056700466667">
            <ele>248.814</ele>
            <time>2024-07-24T09:42:09+07:00</time>
        </trkpt>
        <trkpt lat="-2.23577088333333" lon="102.056638233333">
            <ele>255.57</ele>
            <time>2024-07-24T09:42:11+07:00</time>
        </trkpt>
        <trkpt lat="-2.23576553333333" lon="102.0565462">
            <ele>253.624</ele>
            <time>2024-07-24T09:42:13+07:00</time>
        </trkpt>
        <trkpt lat="-2.2357768" lon="102.056467883333">
            <ele>251.434</ele>
            <time>2024-07-24T09:42:15+07:00</time>
        </trkpt>
        <trkpt lat="-2.2357966" lon="102.0563547">
            <ele>254.725</ele>
            <time>2024-07-24T09:42:17+07:00</time>
        </trkpt>
        <trkpt lat="-2.23579381666667" lon="102.0562802">
            <ele>261.365</ele>
            <time>2024-07-24T09:42:19+07:00</time>
        </trkpt>
        <trkpt lat="-2.23581565" lon="102.056212183333">
            <ele>261.479</ele>
            <time>2024-07-24T09:42:21+07:00</time>
        </trkpt>
        <trkpt lat="-2.23583968333333" lon="102.05612615">
            <ele>262.434</ele>
            <time>2024-07-24T09:42:23+07:00</time>
        </trkpt>
        <trkpt lat="-2.23585188333333" lon="102.056034083333">
            <ele>261.809</ele>
            <time>2024-07-24T09:42:25+07:00</time>
        </trkpt>
        <trkpt lat="-2.23589836666667" lon="102.05592105">
            <ele>267.153</ele>
            <time>2024-07-24T09:42:27+07:00</time>
        </trkpt>
        <trkpt lat="-2.23594555" lon="102.055814516667">
            <ele>266.963</ele>
            <time>2024-07-24T09:42:29+07:00</time>
        </trkpt>
        <trkpt lat="-2.236002" lon="102.0556801">
            <ele>264.737</ele>
            <time>2024-07-24T09:42:31+07:00</time>
        </trkpt>
        <trkpt lat="-2.2360468" lon="102.05553265">
            <ele>262.763</ele>
            <time>2024-07-24T09:42:33+07:00</time>
        </trkpt>
        <trkpt lat="-2.23609166666667" lon="102.055371233333">
            <ele>260.452</ele>
            <time>2024-07-24T09:42:35+07:00</time>
        </trkpt>
        <trkpt lat="-2.23611955" lon="102.055201016667">
            <ele>261.766</ele>
            <time>2024-07-24T09:42:37+07:00</time>
        </trkpt>
        <trkpt lat="-2.2361147" lon="102.055052633333">
            <ele>262.418</ele>
            <time>2024-07-24T09:42:39+07:00</time>
        </trkpt>
        <trkpt lat="-2.23609983333333" lon="102.05490395">
            <ele>260.859</ele>
            <time>2024-07-24T09:42:41+07:00</time>
        </trkpt>
        <trkpt lat="-2.23605955" lon="102.05474405">
            <ele>262.116</ele>
            <time>2024-07-24T09:42:43+07:00</time>
        </trkpt>
        <trkpt lat="-2.2360271" lon="102.0545974">
            <ele>262.309</ele>
            <time>2024-07-24T09:42:45+07:00</time>
        </trkpt>
        <trkpt lat="-2.23599921666667" lon="102.0544604">
            <ele>265.74</ele>
            <time>2024-07-24T09:42:47+07:00</time>
        </trkpt>
        <trkpt lat="-2.2359845" lon="102.054341216667">
            <ele>271.025</ele>
            <time>2024-07-24T09:42:49+07:00</time>
        </trkpt>
        <trkpt lat="-2.23598895" lon="102.05423245">
            <ele>264.652</ele>
            <time>2024-07-24T09:42:51+07:00</time>
        </trkpt>
        <trkpt lat="-2.2359962" lon="102.05412775">
            <ele>264.225</ele>
            <time>2024-07-24T09:42:53+07:00</time>
        </trkpt>
        <trkpt lat="-2.23600358333333" lon="102.05400035">
            <ele>259.399</ele>
            <time>2024-07-24T09:42:55+07:00</time>
        </trkpt>
        <trkpt lat="-2.2360162" lon="102.053865583333">
            <ele>254.903</ele>
            <time>2024-07-24T09:42:57+07:00</time>
        </trkpt>
        <trkpt lat="-2.23602598333333" lon="102.053732566667">
            <ele>249.601</ele>
            <time>2024-07-24T09:42:59+07:00</time>
        </trkpt>
        <trkpt lat="-2.23600323333333" lon="102.05357725">
            <ele>249.874</ele>
            <time>2024-07-24T09:43:01+07:00</time>
        </trkpt>
        <trkpt lat="-2.23593568333333" lon="102.05343855">
            <ele>249.94</ele>
            <time>2024-07-24T09:43:03+07:00</time>
        </trkpt>
        <trkpt lat="-2.23589903333333" lon="102.053303433333">
            <ele>248.997</ele>
            <time>2024-07-24T09:43:05+07:00</time>
        </trkpt>
        <trkpt lat="-2.23582661666667" lon="102.053223666667">
            <ele>246.722</ele>
            <time>2024-07-24T09:43:07+07:00</time>
        </trkpt>
        <trkpt lat="-2.23572766666667" lon="102.053132416667">
            <ele>247.273</ele>
            <time>2024-07-24T09:43:09+07:00</time>
        </trkpt>
        <trkpt lat="-2.23564771666667" lon="102.05300505">
            <ele>250.405</ele>
            <time>2024-07-24T09:43:11+07:00</time>
        </trkpt>
        <trkpt lat="-2.23557308333333" lon="102.052866966667">
            <ele>254.918</ele>
            <time>2024-07-24T09:43:13+07:00</time>
        </trkpt>
        <trkpt lat="-2.23552165" lon="102.052732583333">
            <ele>257.644</ele>
            <time>2024-07-24T09:43:15+07:00</time>
        </trkpt>
        <trkpt lat="-2.23547288333333" lon="102.052594933333">
            <ele>263.049</ele>
            <time>2024-07-24T09:43:17+07:00</time>
        </trkpt>
        <trkpt lat="-2.23541318333333" lon="102.0524489">
            <ele>265.7</ele>
            <time>2024-07-24T09:43:19+07:00</time>
        </trkpt>
        <trkpt lat="-2.23534618333333" lon="102.0523269">
            <ele>267.75</ele>
            <time>2024-07-24T09:43:21+07:00</time>
        </trkpt>
        <trkpt lat="-2.23530005" lon="102.0521871">
            <ele>267.137</ele>
            <time>2024-07-24T09:43:23+07:00</time>
        </trkpt>
        <trkpt lat="-2.23526056666667" lon="102.052022">
            <ele>270.651</ele>
            <time>2024-07-24T09:43:25+07:00</time>
        </trkpt>
        <trkpt lat="-2.23518715" lon="102.051886266667">
            <ele>272.221</ele>
            <time>2024-07-24T09:43:27+07:00</time>
        </trkpt>
        <trkpt lat="-2.23509788333333" lon="102.051778116667">
            <ele>275.008</ele>
            <time>2024-07-24T09:43:29+07:00</time>
        </trkpt>
        <trkpt lat="-2.23502201666667" lon="102.05171565">
            <ele>277.258</ele>
            <time>2024-07-24T09:43:31+07:00</time>
        </trkpt>
        <trkpt lat="-2.2349239" lon="102.0516559">
            <ele>282.147</ele>
            <time>2024-07-24T09:43:33+07:00</time>
        </trkpt>
        <trkpt lat="-2.23487548333333" lon="102.051587666667">
            <ele>282.266</ele>
            <time>2024-07-24T09:43:35+07:00</time>
        </trkpt>
        <trkpt lat="-2.23485635" lon="102.0514976">
            <ele>281.273</ele>
            <time>2024-07-24T09:43:37+07:00</time>
        </trkpt>
        <trkpt lat="-2.23483936666667" lon="102.051404216667">
            <ele>281.025</ele>
            <time>2024-07-24T09:43:39+07:00</time>
        </trkpt>
        <trkpt lat="-2.23482573333333" lon="102.051316633333">
            <ele>279.667</ele>
            <time>2024-07-24T09:43:41+07:00</time>
        </trkpt>
        <trkpt lat="-2.23482121666667" lon="102.051248133333">
            <ele>275.899</ele>
            <time>2024-07-24T09:43:43+07:00</time>
        </trkpt>
        <trkpt lat="-2.23474466666667" lon="102.0512071">
            <ele>274.782</ele>
            <time>2024-07-24T09:43:45+07:00</time>
        </trkpt>
        <trkpt lat="-2.23464201666667" lon="102.05117125">
            <ele>277.179</ele>
            <time>2024-07-24T09:43:47+07:00</time>
        </trkpt>
        <trkpt lat="-2.23453396666667" lon="102.051156783333">
            <ele>274.078</ele>
            <time>2024-07-24T09:43:49+07:00</time>
        </trkpt>
        <trkpt lat="-2.23443268333333" lon="102.05110025">
            <ele>270.38</ele>
            <time>2024-07-24T09:43:51+07:00</time>
        </trkpt>
        <trkpt lat="-2.23433786666667" lon="102.051042066667">
            <ele>262.888</ele>
            <time>2024-07-24T09:43:53+07:00</time>
        </trkpt>
        <trkpt lat="-2.23425035" lon="102.050991333333">
            <ele>263.584</ele>
            <time>2024-07-24T09:43:55+07:00</time>
        </trkpt>
        <trkpt lat="-2.23415765" lon="102.050918566667">
            <ele>265.099</ele>
            <time>2024-07-24T09:43:57+07:00</time>
        </trkpt>
        <trkpt lat="-2.23407916666667" lon="102.050819133333">
            <ele>260.18</ele>
            <time>2024-07-24T09:43:59+07:00</time>
        </trkpt>
        <trkpt lat="-2.23398691666667" lon="102.050717866667">
            <ele>258.968</ele>
            <time>2024-07-24T09:44:01+07:00</time>
        </trkpt>
        <trkpt lat="-2.23390861666667" lon="102.050625166667">
            <ele>254.444</ele>
            <time>2024-07-24T09:44:03+07:00</time>
        </trkpt>
        <trkpt lat="-2.23382798333333" lon="102.050557216667">
            <ele>252.55</ele>
            <time>2024-07-24T09:44:05+07:00</time>
        </trkpt>
        <trkpt lat="-2.23372076666667" lon="102.050535083333">
            <ele>250.516</ele>
            <time>2024-07-24T09:44:07+07:00</time>
        </trkpt>
        <trkpt lat="-2.23364218333333" lon="102.050521316667">
            <ele>249.099</ele>
            <time>2024-07-24T09:44:09+07:00</time>
        </trkpt>
        <trkpt lat="-2.23357868333333" lon="102.050459083333">
            <ele>244.937</ele>
            <time>2024-07-24T09:44:11+07:00</time>
        </trkpt>
        <trkpt lat="-2.23350673333333" lon="102.050366316667">
            <ele>243.231</ele>
            <time>2024-07-24T09:44:13+07:00</time>
        </trkpt>
        <trkpt lat="-2.23350206666667" lon="102.050279616667">
            <ele>242.824</ele>
            <time>2024-07-24T09:44:15+07:00</time>
        </trkpt>
        <trkpt lat="-2.23352126666667" lon="102.050194">
            <ele>241.802</ele>
            <time>2024-07-24T09:44:17+07:00</time>
        </trkpt>
        <trkpt lat="-2.23356846666667" lon="102.050110033333">
            <ele>243.885</ele>
            <time>2024-07-24T09:44:19+07:00</time>
        </trkpt>
        <trkpt lat="-2.2335959" lon="102.05001545">
            <ele>244.429</ele>
            <time>2024-07-24T09:44:21+07:00</time>
        </trkpt>
        <trkpt lat="-2.23358068333333" lon="102.0499271">
            <ele>242.473</ele>
            <time>2024-07-24T09:44:23+07:00</time>
        </trkpt>
        <trkpt lat="-2.23352273333333" lon="102.049851883333">
            <ele>240.613</ele>
            <time>2024-07-24T09:44:25+07:00</time>
        </trkpt>
        <trkpt lat="-2.2334507" lon="102.049791116667">
            <ele>241.844</ele>
            <time>2024-07-24T09:44:27+07:00</time>
        </trkpt>
        <trkpt lat="-2.23336895" lon="102.049744316667">
            <ele>243.187</ele>
            <time>2024-07-24T09:44:29+07:00</time>
        </trkpt>
        <trkpt lat="-2.23331185" lon="102.049640866667">
            <ele>244.247</ele>
            <time>2024-07-24T09:44:31+07:00</time>
        </trkpt>
        <trkpt lat="-2.23327621666667" lon="102.0495321">
            <ele>243.655</ele>
            <time>2024-07-24T09:44:33+07:00</time>
        </trkpt>
        <trkpt lat="-2.2332338" lon="102.049458233333">
            <ele>247.401</ele>
            <time>2024-07-24T09:44:35+07:00</time>
        </trkpt>
        <trkpt lat="-2.23320076666667" lon="102.049385433333">
            <ele>250.324</ele>
            <time>2024-07-24T09:44:37+07:00</time>
        </trkpt>
        <trkpt lat="-2.23315655" lon="102.049299616667">
            <ele>254.807</ele>
            <time>2024-07-24T09:44:39+07:00</time>
        </trkpt>
        <trkpt lat="-2.23318013333333" lon="102.049192266667">
            <ele>265.477</ele>
            <time>2024-07-24T09:44:41+07:00</time>
        </trkpt>
        <trkpt lat="-2.23332481666667" lon="102.0490098">
            <ele>273.965</ele>
            <time>2024-07-24T09:44:43+07:00</time>
        </trkpt>
        <trkpt lat="-2.23344478333333" lon="102.048821916667">
            <ele>275.316</ele>
            <time>2024-07-24T09:44:45+07:00</time>
        </trkpt>
        <trkpt lat="-2.23358088333333" lon="102.048649116667">
            <ele>273.005</ele>
            <time>2024-07-24T09:44:47+07:00</time>
        </trkpt>
        <trkpt lat="-2.23372661666667" lon="102.04843845">
            <ele>272.308</ele>
            <time>2024-07-24T09:44:49+07:00</time>
        </trkpt>
        <trkpt lat="-2.23374256666667" lon="102.0483092">
            <ele>271.274</ele>
            <time>2024-07-24T09:44:51+07:00</time>
        </trkpt>
        <trkpt lat="-2.23376916666667" lon="102.048181466667">
            <ele>271.495</ele>
            <time>2024-07-24T09:44:53+07:00</time>
        </trkpt>
        <trkpt lat="-2.2338148" lon="102.048023">
            <ele>277.336</ele>
            <time>2024-07-24T09:44:55+07:00</time>
        </trkpt>
        <trkpt lat="-2.2338239" lon="102.047869683333">
            <ele>277.342</ele>
            <time>2024-07-24T09:44:57+07:00</time>
        </trkpt>
        <trkpt lat="-2.23380503333333" lon="102.047769116667">
            <ele>274.515</ele>
            <time>2024-07-24T09:44:59+07:00</time>
        </trkpt>
        <trkpt lat="-2.23375698333333" lon="102.0476852">
            <ele>270.857</ele>
            <time>2024-07-24T09:45:01+07:00</time>
        </trkpt>
        <trkpt lat="-2.2336896" lon="102.047603566667">
            <ele>260.822</ele>
            <time>2024-07-24T09:45:03+07:00</time>
        </trkpt>
        <trkpt lat="-2.23360618333333" lon="102.047531533333">
            <ele>253.148</ele>
            <time>2024-07-24T09:45:05+07:00</time>
        </trkpt>
        <trkpt lat="-2.23355803333333" lon="102.04747685">
            <ele>251.357</ele>
            <time>2024-07-24T09:45:07+07:00</time>
        </trkpt>
        <trkpt lat="-2.23352513333333" lon="102.047425833333">
            <ele>248.327</ele>
            <time>2024-07-24T09:45:09+07:00</time>
        </trkpt>
        <trkpt lat="-2.23348445" lon="102.047361933333">
            <ele>245.033</ele>
            <time>2024-07-24T09:45:11+07:00</time>
        </trkpt>
        <trkpt lat="-2.23345028333333" lon="102.047283316667">
            <ele>243.403</ele>
            <time>2024-07-24T09:45:13+07:00</time>
        </trkpt>
        <trkpt lat="-2.23343543333333" lon="102.04718945">
            <ele>241.886</ele>
            <time>2024-07-24T09:45:15+07:00</time>
        </trkpt>
        <trkpt lat="-2.23342383333333" lon="102.047086066667">
            <ele>237.286</ele>
            <time>2024-07-24T09:45:17+07:00</time>
        </trkpt>
        <trkpt lat="-2.23347003333333" lon="102.046982933333">
            <ele>239.173</ele>
            <time>2024-07-24T09:45:19+07:00</time>
        </trkpt>
        <trkpt lat="-2.23355933333333" lon="102.0468941">
            <ele>245.335</ele>
            <time>2024-07-24T09:45:21+07:00</time>
        </trkpt>
        <trkpt lat="-2.23361075" lon="102.046758766667">
            <ele>239.831</ele>
            <time>2024-07-24T09:45:23+07:00</time>
        </trkpt>
        <trkpt lat="-2.233597" lon="102.046659316667">
            <ele>227.77</ele>
            <time>2024-07-24T09:45:25+07:00</time>
        </trkpt>
        <trkpt lat="-2.23354955" lon="102.046542483333">
            <ele>227.331</ele>
            <time>2024-07-24T09:45:27+07:00</time>
        </trkpt>
        <trkpt lat="-2.23352" lon="102.046421216667">
            <ele>226.931</ele>
            <time>2024-07-24T09:45:29+07:00</time>
        </trkpt>
        <trkpt lat="-2.23351796666667" lon="102.046324083333">
            <ele>224.712</ele>
            <time>2024-07-24T09:45:31+07:00</time>
        </trkpt>
        <trkpt lat="-2.23349581666667" lon="102.046244616667">
            <ele>221.516</ele>
            <time>2024-07-24T09:45:33+07:00</time>
        </trkpt>
        <trkpt lat="-2.23347408333333" lon="102.046151133333">
            <ele>219.901</ele>
            <time>2024-07-24T09:45:35+07:00</time>
        </trkpt>
        <trkpt lat="-2.23348991666667" lon="102.046055766667">
            <ele>216.678</ele>
            <time>2024-07-24T09:45:37+07:00</time>
        </trkpt>
        <trkpt lat="-2.23354315" lon="102.045976666667">
            <ele>216.195</ele>
            <time>2024-07-24T09:45:39+07:00</time>
        </trkpt>
        <trkpt lat="-2.23363373333333" lon="102.04587955">
            <ele>218.679</ele>
            <time>2024-07-24T09:45:41+07:00</time>
        </trkpt>
        <trkpt lat="-2.23369988333333" lon="102.045807933333">
            <ele>224.428</ele>
            <time>2024-07-24T09:45:43+07:00</time>
        </trkpt>
        <trkpt lat="-2.23376738333333" lon="102.045676583333">
            <ele>223.184</ele>
            <time>2024-07-24T09:45:45+07:00</time>
        </trkpt>
        <trkpt lat="-2.23384683333333" lon="102.0455233">
            <ele>220.081</ele>
            <time>2024-07-24T09:45:47+07:00</time>
        </trkpt>
        <trkpt lat="-2.23392871666667" lon="102.045398666667">
            <ele>220.797</ele>
            <time>2024-07-24T09:45:49+07:00</time>
        </trkpt>
        <trkpt lat="-2.23402995" lon="102.045317783333">
            <ele>217.071</ele>
            <time>2024-07-24T09:45:51+07:00</time>
        </trkpt>
        <trkpt lat="-2.23415435" lon="102.0452192">
            <ele>215.465</ele>
            <time>2024-07-24T09:45:53+07:00</time>
        </trkpt>
        <trkpt lat="-2.23428703333333" lon="102.045121766667">
            <ele>216.67</ele>
            <time>2024-07-24T09:45:55+07:00</time>
        </trkpt>
        <trkpt lat="-2.23441345" lon="102.0450188">
            <ele>221.69</ele>
            <time>2024-07-24T09:45:57+07:00</time>
        </trkpt>
        <trkpt lat="-2.2345122" lon="102.04492445">
            <ele>222.173</ele>
            <time>2024-07-24T09:45:59+07:00</time>
        </trkpt>
        <trkpt lat="-2.23453451666667" lon="102.044839616667">
            <ele>217.78</ele>
            <time>2024-07-24T09:46:01+07:00</time>
        </trkpt>
        <trkpt lat="-2.23449753333333" lon="102.044759416667">
            <ele>214.536</ele>
            <time>2024-07-24T09:46:03+07:00</time>
        </trkpt>
        <trkpt lat="-2.23446083333333" lon="102.044692883333">
            <ele>217.46</ele>
            <time>2024-07-24T09:46:05+07:00</time>
        </trkpt>
        <trkpt lat="-2.23443571666667" lon="102.044588816667">
            <ele>214.259</ele>
            <time>2024-07-24T09:46:07+07:00</time>
        </trkpt>
        <trkpt lat="-2.2344114" lon="102.044461033333">
            <ele>215.168</ele>
            <time>2024-07-24T09:46:09+07:00</time>
        </trkpt>
        <trkpt lat="-2.23436935" lon="102.044344866667">
            <ele>218.835</ele>
            <time>2024-07-24T09:46:11+07:00</time>
        </trkpt>
        <trkpt lat="-2.23429123333333" lon="102.044247833333">
            <ele>220.361</ele>
            <time>2024-07-24T09:46:13+07:00</time>
        </trkpt>
        <trkpt lat="-2.23419308333333" lon="102.044146216667">
            <ele>223.674</ele>
            <time>2024-07-24T09:46:15+07:00</time>
        </trkpt>
        <trkpt lat="-2.23411328333333" lon="102.044045866667">
            <ele>224.217</ele>
            <time>2024-07-24T09:46:17+07:00</time>
        </trkpt>
        <trkpt lat="-2.23404705" lon="102.04396295">
            <ele>226.328</ele>
            <time>2024-07-24T09:46:19+07:00</time>
        </trkpt>
        <trkpt lat="-2.23403945" lon="102.043888116667">
            <ele>231.49</ele>
            <time>2024-07-24T09:46:21+07:00</time>
        </trkpt>
        <trkpt lat="-2.23405128333333" lon="102.0438104">
            <ele>234.071</ele>
            <time>2024-07-24T09:46:23+07:00</time>
        </trkpt>
        <trkpt lat="-2.2340704" lon="102.0437695">
            <ele>243.101</ele>
            <time>2024-07-24T09:46:25+07:00</time>
        </trkpt>
        <trkpt lat="-2.23410883333333" lon="102.043693183333">
            <ele>243.298</ele>
            <time>2024-07-24T09:46:27+07:00</time>
        </trkpt>
        <trkpt lat="-2.23413066666667" lon="102.043613116667">
            <ele>243.744</ele>
            <time>2024-07-24T09:46:29+07:00</time>
        </trkpt>
        <trkpt lat="-2.2341498" lon="102.043532866667">
            <ele>239.189</ele>
            <time>2024-07-24T09:46:31+07:00</time>
        </trkpt>
        <trkpt lat="-2.23415448333333" lon="102.043442216667">
            <ele>234.465</ele>
            <time>2024-07-24T09:46:33+07:00</time>
        </trkpt>
        <trkpt lat="-2.23419015" lon="102.043351233333">
            <ele>230.633</ele>
            <time>2024-07-24T09:46:35+07:00</time>
        </trkpt>
        <trkpt lat="-2.23423866666667" lon="102.04322075">
            <ele>227.659</ele>
            <time>2024-07-24T09:46:37+07:00</time>
        </trkpt>
        <trkpt lat="-2.2343021" lon="102.043061">
            <ele>218.906</ele>
            <time>2024-07-24T09:46:39+07:00</time>
        </trkpt>
        <trkpt lat="-2.23433168333333" lon="102.042910733333">
            <ele>216.552</ele>
            <time>2024-07-24T09:46:41+07:00</time>
        </trkpt>
        <trkpt lat="-2.23432506666667" lon="102.04277425">
            <ele>217.371</ele>
            <time>2024-07-24T09:46:43+07:00</time>
        </trkpt>
        <trkpt lat="-2.23429586666667" lon="102.04266645">
            <ele>219.542</ele>
            <time>2024-07-24T09:46:45+07:00</time>
        </trkpt>
        <trkpt lat="-2.23430086666667" lon="102.042539966667">
            <ele>222.026</ele>
            <time>2024-07-24T09:46:47+07:00</time>
        </trkpt>
        <trkpt lat="-2.2343088" lon="102.042366166667">
            <ele>226.112</ele>
            <time>2024-07-24T09:46:49+07:00</time>
        </trkpt>
        <trkpt lat="-2.23432593333333" lon="102.042193">
            <ele>232.439</ele>
            <time>2024-07-24T09:46:51+07:00</time>
        </trkpt>
        <trkpt lat="-2.23438473333333" lon="102.042010083333">
            <ele>237.513</ele>
            <time>2024-07-24T09:46:53+07:00</time>
        </trkpt>
        <trkpt lat="-2.23443001666667" lon="102.041855066667">
            <ele>242.685</ele>
            <time>2024-07-24T09:46:55+07:00</time>
        </trkpt>
        <trkpt lat="-2.23448716666667" lon="102.041703633333">
            <ele>241.347</ele>
            <time>2024-07-24T09:46:57+07:00</time>
        </trkpt>
        <trkpt lat="-2.23451013333333" lon="102.041582733333">
            <ele>247.457</ele>
            <time>2024-07-24T09:46:59+07:00</time>
        </trkpt>
        <trkpt lat="-2.23453338333333" lon="102.0414873">
            <ele>249.043</ele>
            <time>2024-07-24T09:47:01+07:00</time>
        </trkpt>
        <trkpt lat="-2.23453746666667" lon="102.0414308">
            <ele>251.574</ele>
            <time>2024-07-24T09:47:03+07:00</time>
        </trkpt>
        <trkpt lat="-2.23451515" lon="102.041329066667">
            <ele>251.715</ele>
            <time>2024-07-24T09:47:05+07:00</time>
        </trkpt>
        <trkpt lat="-2.23450736666667" lon="102.041206566667">
            <ele>252.344</ele>
            <time>2024-07-24T09:47:07+07:00</time>
        </trkpt>
        <trkpt lat="-2.23449668333333" lon="102.041044733333">
            <ele>249.287</ele>
            <time>2024-07-24T09:47:09+07:00</time>
        </trkpt>
        <trkpt lat="-2.23448366666667" lon="102.040894416667">
            <ele>247.873</ele>
            <time>2024-07-24T09:47:11+07:00</time>
        </trkpt>
        <trkpt lat="-2.2345072" lon="102.040747966667">
            <ele>248.449</ele>
            <time>2024-07-24T09:47:13+07:00</time>
        </trkpt>
        <trkpt lat="-2.23455835" lon="102.0405955">
            <ele>244.76</ele>
            <time>2024-07-24T09:47:15+07:00</time>
        </trkpt>
        <trkpt lat="-2.23462401666667" lon="102.040436533333">
            <ele>246.85</ele>
            <time>2024-07-24T09:47:17+07:00</time>
        </trkpt>
        <trkpt lat="-2.23466775" lon="102.040279766667">
            <ele>247.961</ele>
            <time>2024-07-24T09:47:19+07:00</time>
        </trkpt>
        <trkpt lat="-2.23470946666667" lon="102.04012435">
            <ele>251.41</ele>
            <time>2024-07-24T09:47:21+07:00</time>
        </trkpt>
        <trkpt lat="-2.23476806666667" lon="102.04000595">
            <ele>248.986</ele>
            <time>2024-07-24T09:47:23+07:00</time>
        </trkpt>
        <trkpt lat="-2.23481388333333" lon="102.039946466667">
            <ele>248.589</ele>
            <time>2024-07-24T09:47:25+07:00</time>
        </trkpt>
        <trkpt lat="-2.23482756666667" lon="102.039849333333">
            <ele>247.871</ele>
            <time>2024-07-24T09:47:27+07:00</time>
        </trkpt>
        <trkpt lat="-2.234811" lon="102.039756333333">
            <ele>241.864</ele>
            <time>2024-07-24T09:47:29+07:00</time>
        </trkpt>
        <trkpt lat="-2.23475436666667" lon="102.039649783333">
            <ele>238.386</ele>
            <time>2024-07-24T09:47:31+07:00</time>
        </trkpt>
        <trkpt lat="-2.2346642" lon="102.039533783333">
            <ele>237.854</ele>
            <time>2024-07-24T09:47:33+07:00</time>
        </trkpt>
        <trkpt lat="-2.23456698333333" lon="102.039397516667">
            <ele>236.507</ele>
            <time>2024-07-24T09:47:35+07:00</time>
        </trkpt>
        <trkpt lat="-2.23449301666667" lon="102.03926675">
            <ele>230.182</ele>
            <time>2024-07-24T09:47:37+07:00</time>
        </trkpt>
        <trkpt lat="-2.2344241" lon="102.039160633333">
            <ele>224.997</ele>
            <time>2024-07-24T09:47:39+07:00</time>
        </trkpt>
        <trkpt lat="-2.23440361666667" lon="102.039049583333">
            <ele>222.935</ele>
            <time>2024-07-24T09:47:41+07:00</time>
        </trkpt>
        <trkpt lat="-2.23440508333333" lon="102.038934033333">
            <ele>217.224</ele>
            <time>2024-07-24T09:47:43+07:00</time>
        </trkpt>
        <trkpt lat="-2.23440161666667" lon="102.038814816667">
            <ele>219.745</ele>
            <time>2024-07-24T09:47:45+07:00</time>
        </trkpt>
        <trkpt lat="-2.23438435" lon="102.03871945">
            <ele>219.52</ele>
            <time>2024-07-24T09:47:47+07:00</time>
        </trkpt>
        <trkpt lat="-2.23433411666667" lon="102.038637066667">
            <ele>216.119</ele>
            <time>2024-07-24T09:47:49+07:00</time>
        </trkpt>
        <trkpt lat="-2.23429895" lon="102.038535433333">
            <ele>216.361</ele>
            <time>2024-07-24T09:47:51+07:00</time>
        </trkpt>
        <trkpt lat="-2.23426936666667" lon="102.038449983333">
            <ele>219.921</ele>
            <time>2024-07-24T09:47:53+07:00</time>
        </trkpt>
        <trkpt lat="-2.23429888333333" lon="102.038361683333">
            <ele>219.551</ele>
            <time>2024-07-24T09:47:55+07:00</time>
        </trkpt>
        <trkpt lat="-2.23440013333333" lon="102.038277883333">
            <ele>221.068</ele>
            <time>2024-07-24T09:47:57+07:00</time>
        </trkpt>
        <trkpt lat="-2.23449496666667" lon="102.03823895">
            <ele>225.744</ele>
            <time>2024-07-24T09:47:59+07:00</time>
        </trkpt>
        <trkpt lat="-2.23458833333333" lon="102.03822495">
            <ele>228.958</ele>
            <time>2024-07-24T09:48:01+07:00</time>
        </trkpt>
        <trkpt lat="-2.23470858333333" lon="102.038189766667">
            <ele>236.583</ele>
            <time>2024-07-24T09:48:03+07:00</time>
        </trkpt>
        <trkpt lat="-2.23484511666667" lon="102.0381498">
            <ele>244.436</ele>
            <time>2024-07-24T09:48:05+07:00</time>
        </trkpt>
        <trkpt lat="-2.23494918333333" lon="102.038082366667">
            <ele>244.986</ele>
            <time>2024-07-24T09:48:07+07:00</time>
        </trkpt>
        <trkpt lat="-2.23503575" lon="102.03800455">
            <ele>244.94</ele>
            <time>2024-07-24T09:48:09+07:00</time>
        </trkpt>
        <trkpt lat="-2.23510088333333" lon="102.037928">
            <ele>244.696</ele>
            <time>2024-07-24T09:48:11+07:00</time>
        </trkpt>
        <trkpt lat="-2.23513395" lon="102.037811583333">
            <ele>244.577</ele>
            <time>2024-07-24T09:48:13+07:00</time>
        </trkpt>
        <trkpt lat="-2.23518395" lon="102.037674533333">
            <ele>240.172</ele>
            <time>2024-07-24T09:48:15+07:00</time>
        </trkpt>
        <trkpt lat="-2.23521976666667" lon="102.0375703">
            <ele>245.379</ele>
            <time>2024-07-24T09:48:17+07:00</time>
        </trkpt>
        <trkpt lat="-2.23525376666667" lon="102.0375012">
            <ele>256.915</ele>
            <time>2024-07-24T09:48:19+07:00</time>
        </trkpt>
        <trkpt lat="-2.23525863333333" lon="102.037429733333">
            <ele>270.496</ele>
            <time>2024-07-24T09:48:21+07:00</time>
        </trkpt>
        <trkpt lat="-2.23528053333333" lon="102.037310333333">
            <ele>274.997</ele>
            <time>2024-07-24T09:48:23+07:00</time>
        </trkpt>
        <trkpt lat="-2.2353067" lon="102.037186166667">
            <ele>269.95</ele>
            <time>2024-07-24T09:48:25+07:00</time>
        </trkpt>
        <trkpt lat="-2.23527358333333" lon="102.037000316667">
            <ele>271.067</ele>
            <time>2024-07-24T09:48:27+07:00</time>
        </trkpt>
        <trkpt lat="-2.23529486666667" lon="102.036894766667">
            <ele>265.962</ele>
            <time>2024-07-24T09:48:29+07:00</time>
        </trkpt>
        <trkpt lat="-2.23529948333333" lon="102.03680645">
            <ele>271.052</ele>
            <time>2024-07-24T09:48:31+07:00</time>
        </trkpt>
        <trkpt lat="-2.23535981666667" lon="102.036724716667">
            <ele>263.553</ele>
            <time>2024-07-24T09:48:33+07:00</time>
        </trkpt>
        <trkpt lat="-2.23546763333333" lon="102.036596333333">
            <ele>266.9</ele>
            <time>2024-07-24T09:48:35+07:00</time>
        </trkpt>
        <trkpt lat="-2.23555006666667" lon="102.036484933333">
            <ele>270.569</ele>
            <time>2024-07-24T09:48:37+07:00</time>
        </trkpt>
        <trkpt lat="-2.23559256666667" lon="102.03638005">
            <ele>269.581</ele>
            <time>2024-07-24T09:48:39+07:00</time>
        </trkpt>
        <trkpt lat="-2.23561911666667" lon="102.0362975">
            <ele>277.594</ele>
            <time>2024-07-24T09:48:41+07:00</time>
        </trkpt>
        <trkpt lat="-2.23567561666667" lon="102.036228166667">
            <ele>276.758</ele>
            <time>2024-07-24T09:48:43+07:00</time>
        </trkpt>
        <trkpt lat="-2.23576803333333" lon="102.036164866667">
            <ele>271.55</ele>
            <time>2024-07-24T09:48:45+07:00</time>
        </trkpt>
        <trkpt lat="-2.23588126666667" lon="102.0361158">
            <ele>267.494</ele>
            <time>2024-07-24T09:48:47+07:00</time>
        </trkpt>
        <trkpt lat="-2.23595385" lon="102.036034866667">
            <ele>268.563</ele>
            <time>2024-07-24T09:48:49+07:00</time>
        </trkpt>
        <trkpt lat="-2.23598983333333" lon="102.03596065">
            <ele>269.628</ele>
            <time>2024-07-24T09:48:51+07:00</time>
        </trkpt>
        <trkpt lat="-2.23598925" lon="102.0358842">
            <ele>268.005</ele>
            <time>2024-07-24T09:48:53+07:00</time>
        </trkpt>
        <trkpt lat="-2.23595125" lon="102.035801766667">
            <ele>265.965</ele>
            <time>2024-07-24T09:48:55+07:00</time>
        </trkpt>
        <trkpt lat="-2.23592673333333" lon="102.035718533333">
            <ele>257.575</ele>
            <time>2024-07-24T09:48:57+07:00</time>
        </trkpt>
        <trkpt lat="-2.23591688333333" lon="102.03564765">
            <ele>251.867</ele>
            <time>2024-07-24T09:48:59+07:00</time>
        </trkpt>
        <trkpt lat="-2.23593753333333" lon="102.035570066667">
            <ele>248.836</ele>
            <time>2024-07-24T09:49:01+07:00</time>
        </trkpt>
        <trkpt lat="-2.23593771666667" lon="102.035480433333">
            <ele>246.103</ele>
            <time>2024-07-24T09:49:03+07:00</time>
        </trkpt>
        <trkpt lat="-2.23588138333333" lon="102.035408983333">
            <ele>246.176</ele>
            <time>2024-07-24T09:49:05+07:00</time>
        </trkpt>
        <trkpt lat="-2.23579631666667" lon="102.035355016667">
            <ele>252.121</ele>
            <time>2024-07-24T09:49:07+07:00</time>
        </trkpt>
        <trkpt lat="-2.23565446666667" lon="102.035333766667">
            <ele>248.254</ele>
            <time>2024-07-24T09:49:09+07:00</time>
        </trkpt>
        <trkpt lat="-2.23551995" lon="102.035358033333">
            <ele>250.6</ele>
            <time>2024-07-24T09:49:11+07:00</time>
        </trkpt>
        <trkpt lat="-2.2354051" lon="102.035410233333">
            <ele>256.116</ele>
            <time>2024-07-24T09:49:13+07:00</time>
        </trkpt>
        <trkpt lat="-2.23532863333333" lon="102.035430816667">
            <ele>249.618</ele>
            <time>2024-07-24T09:49:15+07:00</time>
        </trkpt>
        <trkpt lat="-2.2352548" lon="102.035461266667">
            <ele>244.403</ele>
            <time>2024-07-24T09:49:17+07:00</time>
        </trkpt>
        <trkpt lat="-2.23519563333333" lon="102.035483683333">
            <ele>239.787</ele>
            <time>2024-07-24T09:49:19+07:00</time>
        </trkpt>
        <trkpt lat="-2.23512011666667" lon="102.0354828">
            <ele>237.51</ele>
            <time>2024-07-24T09:49:21+07:00</time>
        </trkpt>
        <trkpt lat="-2.23504283333333" lon="102.03541135">
            <ele>236.521</ele>
            <time>2024-07-24T09:49:23+07:00</time>
        </trkpt>
        <trkpt lat="-2.23493233333333" lon="102.0353591">
            <ele>233.358</ele>
            <time>2024-07-24T09:49:25+07:00</time>
        </trkpt>
        <trkpt lat="-2.23477711666667" lon="102.03530925">
            <ele>235.318</ele>
            <time>2024-07-24T09:49:27+07:00</time>
        </trkpt>
        <trkpt lat="-2.23461818333333" lon="102.035241516667">
            <ele>240.897</ele>
            <time>2024-07-24T09:49:29+07:00</time>
        </trkpt>
        <trkpt lat="-2.23449153333333" lon="102.035141866667">
            <ele>238.148</ele>
            <time>2024-07-24T09:49:31+07:00</time>
        </trkpt>
        <trkpt lat="-2.23439113333333" lon="102.035046733333">
            <ele>234.45</ele>
            <time>2024-07-24T09:49:33+07:00</time>
        </trkpt>
        <trkpt lat="-2.23430585" lon="102.034964966667">
            <ele>230.771</ele>
            <time>2024-07-24T09:49:35+07:00</time>
        </trkpt>
        <trkpt lat="-2.23423771666667" lon="102.034871816667">
            <ele>236.479</ele>
            <time>2024-07-24T09:49:37+07:00</time>
        </trkpt>
        <trkpt lat="-2.2341798" lon="102.034793433333">
            <ele>236.336</ele>
            <time>2024-07-24T09:49:39+07:00</time>
        </trkpt>
        <trkpt lat="-2.23409726666667" lon="102.03470575">
            <ele>236.643</ele>
            <time>2024-07-24T09:49:41+07:00</time>
        </trkpt>
        <trkpt lat="-2.23402103333333" lon="102.034591833333">
            <ele>239.91</ele>
            <time>2024-07-24T09:49:43+07:00</time>
        </trkpt>
        <trkpt lat="-2.23399651666667" lon="102.034482233333">
            <ele>242.783</ele>
            <time>2024-07-24T09:49:45+07:00</time>
        </trkpt>
        <trkpt lat="-2.23397266666667" lon="102.03434285">
            <ele>245.678</ele>
            <time>2024-07-24T09:49:47+07:00</time>
        </trkpt>
        <trkpt lat="-2.23396315" lon="102.034178066667">
            <ele>246.414</ele>
            <time>2024-07-24T09:49:49+07:00</time>
        </trkpt>
        <trkpt lat="-2.2339503" lon="102.03399925">
            <ele>251.432</ele>
            <time>2024-07-24T09:49:51+07:00</time>
        </trkpt>
        <trkpt lat="-2.23392591666667" lon="102.033848366667">
            <ele>258.086</ele>
            <time>2024-07-24T09:49:53+07:00</time>
        </trkpt>
        <trkpt lat="-2.2338853" lon="102.033693633333">
            <ele>263.993</ele>
            <time>2024-07-24T09:49:55+07:00</time>
        </trkpt>
        <trkpt lat="-2.23387001666667" lon="102.033557566667">
            <ele>262.616</ele>
            <time>2024-07-24T09:49:57+07:00</time>
        </trkpt>
        <trkpt lat="-2.2338611" lon="102.03342315">
            <ele>264.822</ele>
            <time>2024-07-24T09:49:59+07:00</time>
        </trkpt>
        <trkpt lat="-2.23393131666667" lon="102.033275766667">
            <ele>263.166</ele>
            <time>2024-07-24T09:50:01+07:00</time>
        </trkpt>
        <trkpt lat="-2.23401568333333" lon="102.033103516667">
            <ele>261.952</ele>
            <time>2024-07-24T09:50:03+07:00</time>
        </trkpt>
        <trkpt lat="-2.23411803333333" lon="102.032926216667">
            <ele>262.177</ele>
            <time>2024-07-24T09:50:05+07:00</time>
        </trkpt>
        <trkpt lat="-2.23424878333333" lon="102.032756883333">
            <ele>260.676</ele>
            <time>2024-07-24T09:50:07+07:00</time>
        </trkpt>
        <trkpt lat="-2.2343401" lon="102.032608016667">
            <ele>263.661</ele>
            <time>2024-07-24T09:50:09+07:00</time>
        </trkpt>
        <trkpt lat="-2.23440416666667" lon="102.032503883333">
            <ele>262.248</ele>
            <time>2024-07-24T09:50:11+07:00</time>
        </trkpt>
        <trkpt lat="-2.2344704" lon="102.032425783333">
            <ele>264.131</ele>
            <time>2024-07-24T09:50:13+07:00</time>
        </trkpt>
        <trkpt lat="-2.2345578" lon="102.032329016667">
            <ele>268.704</ele>
            <time>2024-07-24T09:50:15+07:00</time>
        </trkpt>
        <trkpt lat="-2.23465023333333" lon="102.0321933">
            <ele>268.837</ele>
            <time>2024-07-24T09:50:17+07:00</time>
        </trkpt>
        <trkpt lat="-2.23474856666667" lon="102.032042783333">
            <ele>268.878</ele>
            <time>2024-07-24T09:50:19+07:00</time>
        </trkpt>
        <trkpt lat="-2.23481905" lon="102.031913566667">
            <ele>276.385</ele>
            <time>2024-07-24T09:50:21+07:00</time>
        </trkpt>
        <trkpt lat="-2.23485366666667" lon="102.031793866667">
            <ele>280.321</ele>
            <time>2024-07-24T09:50:23+07:00</time>
        </trkpt>
        <trkpt lat="-2.23493235" lon="102.03167455">
            <ele>279.759</ele>
            <time>2024-07-24T09:50:25+07:00</time>
        </trkpt>
        <trkpt lat="-2.23504906666667" lon="102.031537733333">
            <ele>278.367</ele>
            <time>2024-07-24T09:50:27+07:00</time>
        </trkpt>
        <trkpt lat="-2.23515391666667" lon="102.031337">
            <ele>277.316</ele>
            <time>2024-07-24T09:50:29+07:00</time>
        </trkpt>
        <trkpt lat="-2.23525103333333" lon="102.031151683333">
            <ele>284.447</ele>
            <time>2024-07-24T09:50:31+07:00</time>
        </trkpt>
        <trkpt lat="-2.23532008333333" lon="102.030973933333">
            <ele>281.315</ele>
            <time>2024-07-24T09:50:33+07:00</time>
        </trkpt>
        <trkpt lat="-2.23534981666667" lon="102.0308124">
            <ele>276.607</ele>
            <time>2024-07-24T09:50:35+07:00</time>
        </trkpt>
        <trkpt lat="-2.23534475" lon="102.030691083333">
            <ele>271.295</ele>
            <time>2024-07-24T09:50:37+07:00</time>
        </trkpt>
        <trkpt lat="-2.23537836666667" lon="102.030587533333">
            <ele>265.208</ele>
            <time>2024-07-24T09:50:39+07:00</time>
        </trkpt>
        <trkpt lat="-2.23545121666667" lon="102.030439366667">
            <ele>267.741</ele>
            <time>2024-07-24T09:50:41+07:00</time>
        </trkpt>
        <trkpt lat="-2.23553773333333" lon="102.03028555">
            <ele>265.588</ele>
            <time>2024-07-24T09:50:43+07:00</time>
        </trkpt>
        <trkpt lat="-2.23560915" lon="102.030175816667">
            <ele>259.772</ele>
            <time>2024-07-24T09:50:45+07:00</time>
        </trkpt>
        <trkpt lat="-2.23566826666667" lon="102.030073316667">
            <ele>259.128</ele>
            <time>2024-07-24T09:50:47+07:00</time>
        </trkpt>
        <trkpt lat="-2.23571421666667" lon="102.02998245">
            <ele>256.783</ele>
            <time>2024-07-24T09:50:49+07:00</time>
        </trkpt>
        <trkpt lat="-2.2357669" lon="102.029915633333">
            <ele>254.066</ele>
            <time>2024-07-24T09:50:51+07:00</time>
        </trkpt>
        <trkpt lat="-2.23581513333333" lon="102.029849266667">
            <ele>245.278</ele>
            <time>2024-07-24T09:50:53+07:00</time>
        </trkpt>
        <trkpt lat="-2.23586255" lon="102.02977695">
            <ele>242.493</ele>
            <time>2024-07-24T09:50:55+07:00</time>
        </trkpt>
        <trkpt lat="-2.23589891666667" lon="102.029672216667">
            <ele>247.776</ele>
            <time>2024-07-24T09:50:57+07:00</time>
        </trkpt>
        <trkpt lat="-2.2359661" lon="102.029547666667">
            <ele>252.304</ele>
            <time>2024-07-24T09:50:59+07:00</time>
        </trkpt>
        <trkpt lat="-2.23604648333333" lon="102.029409233333">
            <ele>252.848</ele>
            <time>2024-07-24T09:51:01+07:00</time>
        </trkpt>
        <trkpt lat="-2.23610868333333" lon="102.02928955">
            <ele>250.132</ele>
            <time>2024-07-24T09:51:03+07:00</time>
        </trkpt>
        <trkpt lat="-2.23613451666667" lon="102.029196966667">
            <ele>251.117</ele>
            <time>2024-07-24T09:51:05+07:00</time>
        </trkpt>
        <trkpt lat="-2.23615518333333" lon="102.0291098">
            <ele>252.778</ele>
            <time>2024-07-24T09:51:07+07:00</time>
        </trkpt>
        <trkpt lat="-2.23618796666667" lon="102.02905295">
            <ele>254.049</ele>
            <time>2024-07-24T09:51:09+07:00</time>
        </trkpt>
        <trkpt lat="-2.23625248333333" lon="102.029013683333">
            <ele>259.573</ele>
            <time>2024-07-24T09:51:11+07:00</time>
        </trkpt>
        <trkpt lat="-2.23634043333333" lon="102.028964533333">
            <ele>262.302</ele>
            <time>2024-07-24T09:51:13+07:00</time>
        </trkpt>
        <trkpt lat="-2.23646005" lon="102.028907916667">
            <ele>257.482</ele>
            <time>2024-07-24T09:51:15+07:00</time>
        </trkpt>
        <trkpt lat="-2.23656736666667" lon="102.0288279">
            <ele>256.999</ele>
            <time>2024-07-24T09:51:17+07:00</time>
        </trkpt>
        <trkpt lat="-2.23669096666667" lon="102.028695683333">
            <ele>260.545</ele>
            <time>2024-07-24T09:51:19+07:00</time>
        </trkpt>
        <trkpt lat="-2.23675801666667" lon="102.028513733333">
            <ele>260.249</ele>
            <time>2024-07-24T09:51:21+07:00</time>
        </trkpt>
        <trkpt lat="-2.23679436666667" lon="102.028358783333">
            <ele>250.867</ele>
            <time>2024-07-24T09:51:23+07:00</time>
        </trkpt>
        <trkpt lat="-2.23680278333333" lon="102.028224066667">
            <ele>250.318</ele>
            <time>2024-07-24T09:51:25+07:00</time>
        </trkpt>
        <trkpt lat="-2.23680681666667" lon="102.028077383333">
            <ele>247.379</ele>
            <time>2024-07-24T09:51:27+07:00</time>
        </trkpt>
        <trkpt lat="-2.236836" lon="102.027953566667">
            <ele>244.006</ele>
            <time>2024-07-24T09:51:29+07:00</time>
        </trkpt>
        <trkpt lat="-2.23686675" lon="102.027841583333">
            <ele>243.712</ele>
            <time>2024-07-24T09:51:31+07:00</time>
        </trkpt>
        <trkpt lat="-2.23693286666667" lon="102.027718783333">
            <ele>243.096</ele>
            <time>2024-07-24T09:51:33+07:00</time>
        </trkpt>
        <trkpt lat="-2.23698756666667" lon="102.0276308">
            <ele>247.647</ele>
            <time>2024-07-24T09:51:35+07:00</time>
        </trkpt>
        <trkpt lat="-2.23702765" lon="102.0275773">
            <ele>251.257</ele>
            <time>2024-07-24T09:51:37+07:00</time>
        </trkpt>
        <trkpt lat="-2.23708645" lon="102.027489883333">
            <ele>254.753</ele>
            <time>2024-07-24T09:51:39+07:00</time>
        </trkpt>
        <trkpt lat="-2.23716776666667" lon="102.027397233333">
            <ele>255.354</ele>
            <time>2024-07-24T09:51:41+07:00</time>
        </trkpt>
        <trkpt lat="-2.23729151666667" lon="102.02733475">
            <ele>251.948</ele>
            <time>2024-07-24T09:51:43+07:00</time>
        </trkpt>
        <trkpt lat="-2.23743361666667" lon="102.027346183333">
            <ele>247.698</ele>
            <time>2024-07-24T09:51:45+07:00</time>
        </trkpt>
        <trkpt lat="-2.23754423333333" lon="102.027364433333">
            <ele>254.459</ele>
            <time>2024-07-24T09:51:47+07:00</time>
        </trkpt>
        <trkpt lat="-2.23764445" lon="102.027342933333">
            <ele>255.593</ele>
            <time>2024-07-24T09:51:49+07:00</time>
        </trkpt>
        <trkpt lat="-2.23769806666667" lon="102.027321566667">
            <ele>259.546</ele>
            <time>2024-07-24T09:51:51+07:00</time>
        </trkpt>
        <trkpt lat="-2.23770368333333" lon="102.0272128">
            <ele>256.466</ele>
            <time>2024-07-24T09:51:53+07:00</time>
        </trkpt>
        <trkpt lat="-2.23767853333333" lon="102.02710225">
            <ele>255.121</ele>
            <time>2024-07-24T09:51:55+07:00</time>
        </trkpt>
        <trkpt lat="-2.2376456" lon="102.0270363">
            <ele>257.355</ele>
            <time>2024-07-24T09:51:57+07:00</time>
        </trkpt>
        <trkpt lat="-2.23759953333333" lon="102.02694805">
            <ele>263.365</ele>
            <time>2024-07-24T09:51:59+07:00</time>
        </trkpt>
        <trkpt lat="-2.2375834" lon="102.026846283333">
            <ele>269.693</ele>
            <time>2024-07-24T09:52:01+07:00</time>
        </trkpt>
        <trkpt lat="-2.2375388" lon="102.0267372">
            <ele>269.832</ele>
            <time>2024-07-24T09:52:03+07:00</time>
        </trkpt>
        <trkpt lat="-2.23749298333333" lon="102.026646683333">
            <ele>267.854</ele>
            <time>2024-07-24T09:52:05+07:00</time>
        </trkpt>
        <trkpt lat="-2.2374301" lon="102.026554083333">
            <ele>260.939</ele>
            <time>2024-07-24T09:52:07+07:00</time>
        </trkpt>
        <trkpt lat="-2.23740318333333" lon="102.026420683333">
            <ele>259.284</ele>
            <time>2024-07-24T09:52:09+07:00</time>
        </trkpt>
        <trkpt lat="-2.2373391" lon="102.026286466667">
            <ele>264.936</ele>
            <time>2024-07-24T09:52:11+07:00</time>
        </trkpt>
        <trkpt lat="-2.23725386666667" lon="102.026167316667">
            <ele>265.615</ele>
            <time>2024-07-24T09:52:13+07:00</time>
        </trkpt>
        <trkpt lat="-2.23721015" lon="102.026067283333">
            <ele>265.216</ele>
            <time>2024-07-24T09:52:15+07:00</time>
        </trkpt>
        <trkpt lat="-2.2371838" lon="102.025979216667">
            <ele>266.076</ele>
            <time>2024-07-24T09:52:17+07:00</time>
        </trkpt>
        <trkpt lat="-2.23716286666667" lon="102.025863883333">
            <ele>264.64</ele>
            <time>2024-07-24T09:52:19+07:00</time>
        </trkpt>
        <trkpt lat="-2.23713951666667" lon="102.0257353">
            <ele>266.328</ele>
            <time>2024-07-24T09:52:21+07:00</time>
        </trkpt>
        <trkpt lat="-2.23712736666667" lon="102.025621">
            <ele>267.473</ele>
            <time>2024-07-24T09:52:23+07:00</time>
        </trkpt>
        <trkpt lat="-2.23705398333333" lon="102.025500633333">
            <ele>270.294</ele>
            <time>2024-07-24T09:52:25+07:00</time>
        </trkpt>
        <trkpt lat="-2.23701143333333" lon="102.025416383333">
            <ele>268.893</ele>
            <time>2024-07-24T09:52:27+07:00</time>
        </trkpt>
        <trkpt lat="-2.23699983333333" lon="102.0253467">
            <ele>268.148</ele>
            <time>2024-07-24T09:52:29+07:00</time>
        </trkpt>
        <trkpt lat="-2.23703345" lon="102.025292183333">
            <ele>268.996</ele>
            <time>2024-07-24T09:52:31+07:00</time>
        </trkpt>
        <trkpt lat="-2.23708445" lon="102.025227333333">
            <ele>269.218</ele>
            <time>2024-07-24T09:52:33+07:00</time>
        </trkpt>
        <trkpt lat="-2.23714761666667" lon="102.025122633333">
            <ele>261.678</ele>
            <time>2024-07-24T09:52:35+07:00</time>
        </trkpt>
        <trkpt lat="-2.23713561666667" lon="102.02501585">
            <ele>254.454</ele>
            <time>2024-07-24T09:52:37+07:00</time>
        </trkpt>
        <trkpt lat="-2.2371347" lon="102.024888883333">
            <ele>243.87</ele>
            <time>2024-07-24T09:52:39+07:00</time>
        </trkpt>
        <trkpt lat="-2.23712631666667" lon="102.024769533333">
            <ele>241.695</ele>
            <time>2024-07-24T09:52:41+07:00</time>
        </trkpt>
        <trkpt lat="-2.2371188" lon="102.02462805">
            <ele>245.987</ele>
            <time>2024-07-24T09:52:43+07:00</time>
        </trkpt>
        <trkpt lat="-2.23709805" lon="102.024460933333">
            <ele>247.934</ele>
            <time>2024-07-24T09:52:45+07:00</time>
        </trkpt>
        <trkpt lat="-2.23709251666667" lon="102.0242609">
            <ele>247.435</ele>
            <time>2024-07-24T09:52:47+07:00</time>
        </trkpt>
        <trkpt lat="-2.23705673333333" lon="102.0240774">
            <ele>254.882</ele>
            <time>2024-07-24T09:52:49+07:00</time>
        </trkpt>
        <trkpt lat="-2.2370122" lon="102.02394265">
            <ele>253.598</ele>
            <time>2024-07-24T09:52:51+07:00</time>
        </trkpt>
        <trkpt lat="-2.23692686666667" lon="102.023853783333">
            <ele>255.729</ele>
            <time>2024-07-24T09:52:53+07:00</time>
        </trkpt>
        <trkpt lat="-2.23688083333333" lon="102.02379225">
            <ele>258.512</ele>
            <time>2024-07-24T09:52:55+07:00</time>
        </trkpt>
        <trkpt lat="-2.23683205" lon="102.02376115">
            <ele>260.169</ele>
            <time>2024-07-24T09:52:57+07:00</time>
        </trkpt>
    </trkseg>
</trk>
</gpx>
